tree
version=v4
num_class=1
num_tree_per_iteration=1
label_index=0
max_feature_idx=8
objective=binary sigmoid:1
feature_names=name_jaccard name_overlap_n addr_token_jaccard house_number_match zip_match legal_form_match legal_form_both_present blocking_score blocking_rank
feature_infos=[0:1] [0:9] [0:1] [0:1] [0:1] [0:1] [0:1] [7.7250338841015562:411.7767897389142] [1:150]
tree_sizes=3464 3450 3446 3480 3448 3472 3485 3526 3520 3535 3527 3539 3539 3543 3505 3563 3472 3557 3572 3556 3559 3559 3552 3525 3571 3539 3560 3562 3579 3563 3582 3531 3551 3554 3576 3589 3571 3522 3599 3591 3553 3562 3570 3598 3578 3568 3576 3595 3598 3473 3542 3444 3561 3591 3602 3569 3570 3553 3535 3551 3560 3610 3544 3555 3533 3553 3577 3538 3585 3547 3565 3593 3548 3509 3491 3593 3590 3548 3575 3580 3579 3545 3510 3559 3568 3555 3557 3602 3515 3516 3543 3511 3514 3477 3473 3555 3467 3513 3557 3551 3514 3548 3542 3513 3520 3502 3522 3546 3483 3532 3518 3503 3450 3534 3521 3547 3560 3468 3488 3504 3539 3470

Tree=0
num_leaves=31
num_cat=0
split_feature=2 0 8 2 0 3 0 3 2 7 8 5 0 7 0 2 6 6 5 0 8 2 0 3 5 2 7 6 5 0
split_gain=5.10573e+06 1.20764e+06 285610 243621 272349 210841 237378 69347.5 65088.7 60865.6 62288.9 45702.8 43001.9 36256.2 29505.5 27060.5 25983.7 17678.2 17503.9 17335 17308.6 16855.4 67181.4 18224 16717.8 12003.4 11545.1 10062.7 10059.7 8908.67
threshold=0.47722567287784684 0.31666666666666671 4.5000000000000009 0.24568965517241384 0.31666666666666671 1.0000000180025095e-35 0.86607142857142871 1.0000000180025095e-35 0.78759398496240618 17.973021508147554 4.5000000000000009 1.0000000180025095e-35 0.86607142857142871 39.461852635044607 0.087121212121212141 0.71825396825396837 1.0000000180025095e-35 1.0000000180025095e-35 1.0000000180025095e-35 0.61250000000000016 6.5000000000000009 0.27888888888888896 0.31666666666666671 1.0000000180025095e-35 1.0000000180025095e-35 0.88562091503267981 53.677130494496517 1.0000000180025095e-35 1.0000000180025095e-35 0.86607142857142871
decision_type=2 2 2 2 2 2 2 2 2 2 2 2 2 2 2 2 2 2 2 2 2 2 2 2 2 2 2 2 2 2
left_child=2 9 3 13 -5 6 8 12 19 14 17 15 -6 -1 -2 16 -8 26 27 -3 21 -4 -23 29 -15 -10 -11 -14 -21 -24
right_child=1 5 20 4 7 -7 11 -9 25 10 -12 -13 18 24 -16 -17 -18 -19 -20 28 -22 22 23 -25 -26 -27 -28 -29 -30 -31
leaf_value=-3.688697169738187 0.29908838173732288 -1.946445455998066 -3.6484726908535947 -3.5757813734014183 -2.9671500408239471 0.26833207335298548 -0.65426357859724771 0.27841561140594617 -1.2297735007252149 -2.8071407961077339 -3.5449723584794341 0.33995417758640389 -0.90503187726586276 -3.193477129315847 -3.1231020966177487 -0.041255798689602496 -2.2009823931759476 -3.2826765420509108 0.20892754283208514 -2.5313672068893465 -3.7635464451730467 -3.6773196702348092 -2.8591716691842168 0.15171431177622896 -2.2542182064079079 0.12134172347418914 -1.621155045645315 -2.5406881637424874 -3.4777717481261372 -1.1727865793442875
leaf_weight=2001.623325124383 75.114501938223839 387.3280867934227 2861.8407093733549 534.52730275690556 144.1209514439106 2731.438637599349 304.38461288809776 395.98116107285023 166.97767145931721 115.35008542239666 1587.705819606781 823.76297608017921 112.41725072264671 714.71484951674938 37.908706367015839 344.62019637227058 168.86825911700726 136.09807305037975 101.5584908425808 355.69710098206997 247209.58213575184 515.2578516304493 67.261291667819023 51.991160586476326 257.87130884826183 108.46640728414059 284.58191908895969 56.523723304271698 164.14178997278214 58.632455691695213
leaf_count=82581 3099 15980 118071 22053 5946 112691 12558 16337 6889 4759 65504 33986 4638 29487 1564 14218 6967 5615 4190 14675 10199129 21258 2775 2145 10639 4475 11741 2332 6772 2419
internal_value=-3.66948 -1.14799 -3.74651 -2.94026 -1.82352 -0.358086 -0.963918 -0.668039 -2.04407 -3.10996 -3.2303 -0.18579 -1.57194 -3.44532 -0.848736 -0.715321 -1.20617 -2.29823 -0.828586 -2.45287 -3.7604 -3.54131 -3.09886 -1.42332 -2.94444 -0.697721 -1.96322 -1.45228 -2.8302 -2.07377
internal_weight=262876 7792.44 255084 4319.34 1345.13 5555.69 2824.25 810.602 1182.61 2236.76 2123.74 1641.64 414.62 2974.21 113.023 817.873 473.253 536.03 270.499 907.167 250765 3554.98 693.143 177.885 972.586 275.444 399.932 168.941 519.839 125.894
internal_count=10845493 321493 10524000 178203 55496 229211 116520 33443 48791 92282 87619 67729 17106 122707 4663 33743 19525 22115 11160 37427 10345797 146668 28597 7339 40126 11364 16500 6970 21447 5194
is_linear=0
shrinkage=1


Tree=1
num_leaves=31
num_cat=0
split_feature=2 8 0 8 7 2 8 0 5 0 3 6 0 0 5 3 6 7 8 7 2 2 3 5 2 5 5 0 2 8
split_gain=323927 37565.9 23283.7 17559.9 13001.3 4541.38 50974.2 40577.7 11007.5 9576.59 18453.4 8451.48 4513.58 3781.28 3772.16 3762.18 3090.38 2967.54 2848.06 2541.95 2528.38 20909.6 3742.42 3648.89 2041.21 2093.32 2023.06 2526.64 6137.7 3413.19
threshold=0.35504201680672276 5.5000000000000009 0.19090909090909094 6.5000000000000009 35.086009329996308 0.47722567287784684 6.5000000000000009 0.86607142857142871 1.0000000180025095e-35 0.47727272727272735 1.0000000180025095e-35 1.0000000180025095e-35 0.47727272727272735 0.29285714285714287 1.0000000180025095e-35 1.0000000180025095e-35 1.0000000180025095e-35 35.086009329996308 9.5000000000000018 38.519503317171605 0.11583184257602865 0.23904761904761906 1.0000000180025095e-35 1.0000000180025095e-35 0.8973684210526317 1.0000000180025095e-35 1.0000000180025095e-35 0.27922077922077926 0.12060606060606062 6.5000000000000009
decision_type=2 2 2 2 2 2 2 2 2 2 2 2 2 2 2 2 2 2 2 2 2 2 2 2 2 2 2 2 2 2
left_child=1 4 3 16 -1 6 -4 9 11 14 -11 -9 -6 24 -8 -5 19 -3 26 -2 -14 22 -22 -24 -7 -26 -19 -28 -29 -30
right_child=2 17 5 15 12 13 7 8 -10 10 -12 -13 20 -15 -16 -17 -18 18 -20 -21 21 -23 23 -25 25 -27 27 28 29 -31
leaf_value=-0.039905005321115503 0.096102296564505807 -0.097873259024248968 0.18663959028137891 0.21800866968115951 -0.041151645176291107 0.44537579485583906 0.072636423247535706 2.8344448157131454 3.9642630820846714 0.89934285769741595 4.0765536043695425 0.45013104528450704 0.18455531753035626 0.18006276596668069 1.188868500236222 -0.073161255654284371 -0.011636132172390472 0.013708972153589913 -0.068407403426035809 0.31898678119813328 0.87616818597804191 0.20551419672830284 2.6344219048450848 1.1948924689112324 0.8848283885280106 2.5825212229967818 -0.09785327762216392 0.18336069382959372 0.77471885968151843 2.3346690695209404
leaf_weight=2913.6937872543931 676.99206240288913 211927.82696627453 5379.5013314299285 474.01051262021065 557.83952783234417 126.97450968250632 164.6122915148735 43.347016990184784 51.812538713216782 141.7642472833395 20.986515894532204 22.626433715224266 2172.6556230857968 48198.967160947621 37.097600430250168 6952.9619712233543 474.41314613819122 1529.3930096831173 7840.7130333483219 2095.6353726163507 253.45386939495802 1851.9473793059587 25.964365862309933 54.71435659751296 35.660705298185349 9.1206399947404844 132.25424445979297 219.75775788724422 41.084925521165133 21.296770617365837
leaf_count=114906 14021 9557351 29006 3373 16341 3017 7428 1956 2338 6397 947 1021 56583 229259 1674 301800 16518 65081 353806 28024 5440 10108 724 723 441 269 5814 9595 571 961
internal_value=-0.032011 -0.0877849 0.165234 0.0302296 0.127479 0.191805 0.274932 1.25985 2.87342 0.738374 1.30904 2.01671 0.226676 0.181732 0.277929 -0.054578 0.22421 -0.0953874 -0.0415446 0.264565 0.260953 0.336881 1.06499 1.65817 0.650104 1.2306 0.0668129 0.262802 0.431861 1.30728
internal_weight=294449 229543 64906.5 10674 7830.27 54232.5 5861.75 482.247 117.786 364.461 162.751 65.9735 4916.58 48370.7 201.71 7426.97 3247.04 221712 9784.5 2772.63 4358.74 2186.08 334.133 80.6787 171.756 44.7813 1943.79 414.394 282.139 62.3817
internal_count=10845493 10198004 647489 363736 204825 283753 50767 21761 5315 16446 7344 2977 89919 232986 9102 305173 58563 9993179 435828 42045 73578 16995 6887 1447 3727 710 82022 16941 11127 1532
is_linear=0
shrinkage=0.1


Tree=2
num_leaves=31
num_cat=0
split_feature=2 8 7 0 2 0 2 0 2 3 8 0 5 2 2 3 2 0 6 3 8 7 3 5 8 6 8 7 0 3
split_gain=266943 38822.8 11027.6 8344.05 10140.2 4952.7 2565.83 21405.3 12459.8 6865.37 5295.18 4744.84 3033.78 2268.77 3314.93 2172.79 2155.19 8631.27 1975.49 1910.82 1783.02 1510.01 1674.63 1359.61 4372.64 2290.56 1557.11 1299.56 1252.26 1708.41
threshold=0.37797619047619052 6.5000000000000009 26.227494986740854 0.19090909090909094 0.5590277777777779 0.16025641025641027 0.26491228070175443 0.47727272727272735 0.35504201680672276 1.0000000180025095e-35 9.5000000000000018 0.84523809523809534 1.0000000180025095e-35 0.12060606060606062 0.23904761904761906 1.0000000180025095e-35 0.47722567287784684 0.087121212121212141 1.0000000180025095e-35 1.0000000180025095e-35 6.5000000000000009 30.29446387692597 1.0000000180025095e-35 1.0000000180025095e-35 9.5000000000000018 1.0000000180025095e-35 20.500000000000004 15.395487184129708 0.31666666666666671 1.0000000180025095e-35
decision_type=2 2 2 2 2 2 2 2 2 2 2 2 2 2 2 2 2 2 2 2 2 2 2 2 2 2 2 2 2 2
left_child=1 2 -1 4 15 -4 -3 28 9 11 12 -9 -11 19 21 16 17 -2 -6 -7 -17 22 -15 25 -25 26 -13 -5 -8 -30
right_child=3 6 5 27 18 13 7 8 -10 10 -12 23 -14 14 -16 20 -18 -19 -20 -21 -22 -23 -24 24 -26 -27 -28 -29 29 -31
leaf_value=-0.06899540027677542 3.4388389434246087 -0.097064122020579291 -0.053851241132347932 0.25096505219810034 0.20852866448073748 0.11185912388168096 -0.094621271524467254 0.4273133621712461 0.15933896227630429 4.2846074915989929 4.2024358492712999 2.6437471881633572 0.62700280551119147 0.75779229306456097 0.1827170783943739 0.069174842802109074 0.13903350845622131 -0.093329338880680845 -0.019996882020579185 1.1770077311433889 -0.085374969506400417 0.38264457214485159 2.9604752870075615 0.56308963920079858 2.2528687580172231 0.21950486351039589 1.0177110497020143 0.16275272322419612 0.039597082284025413 0.86545917053344135
leaf_weight=3108.3651293069124 10.333892624825241 194954.74473549053 1040.3023581132293 1725.6605181358755 3249.8629730194807 3324.2046108860523 7633.2201079651713 119.16942185163498 417.09721074998379 2.8037880361080179 11.360015675425528 8.9950385838747042 11.860883951187134 14.415109764784576 3368.0648225024343 945.64966026693583 116.40807113796473 20.93028344027698 428.10372406430542 16.927983144298196 3544.2834029961377 843.00451065972447 4.5381937678903332 24.347350269556046 41.274263933300972 23.628956869244576 17.056301280856133 51854.473954550922 214.77308565378189 28.355215653777122
leaf_count=130947 377 9641065 39097 14217 42626 87603 373250 5237 3195 127 555 426 90 626 19259 23257 591 768 15224 281 166296 8837 197 211 2040 1156 843 256549 9626 920
internal_value=-0.0318877 -0.08452 0.0924601 0.151129 0.0579297 0.150739 -0.0947121 -0.041107 0.498224 1.04083 2.58177 0.869802 1.32631 0.17885 0.227501 -0.040411 0.337015 1.07417 0.181929 0.117256 -0.0528244 0.402491 1.2852 1.32713 1.62592 0.932476 1.57915 0.165594 -0.0875051 0.135915
internal_weight=277124 215229 11719.8 61895.7 8315.57 8611.46 203509 8553.94 677.593 260.496 26.0247 234.471 14.6647 7571.16 4230.02 4637.61 147.672 31.2642 3677.97 3341.13 4489.93 861.958 18.9533 115.302 65.6216 49.6803 26.0513 53580.1 7876.35 243.128
internal_count=10845493 10325588 286847 519905 249139 155900 10038741 397676 13880 10685 772 9913 217 116803 28919 191289 1736 1145 57850 87884 189553 9660 823 4676 2251 2425 1269 270766 383796 10546
is_linear=0
shrinkage=0.1


Tree=3
num_leaves=31
num_cat=0
split_feature=2 8 7 0 2 0 7 2 8 8 6 2 2 0 5 0 2 3 3 8 2 3 0 1 2 3 6 0 8 0
split_gain=227479 34233.9 8249.15 7690.98 7603.09 3843.58 2203.61 2066.44 1569.91 1379.64 1302.74 1253.63 1189.16 6343.77 1011.63 960.783 3025.74 1196.79 680.974 646.301 627.418 995.922 8224.46 583.252 546.597 1369.59 3021.97 1044.71 801.798 684.496
threshold=0.37797619047619052 6.5000000000000009 25.490991808909254 0.19090909090909094 0.5590277777777779 0.31666666666666671 35.086009329996308 0.13188405797101452 7.5000000000000009 12.500000000000002 1.0000000180025095e-35 0.23904761904761906 0.25403225806451618 0.31666666666666671 1.0000000180025095e-35 0.31666666666666671 0.13188405797101452 1.0000000180025095e-35 1.0000000180025095e-35 3.5000000000000004 0.13188405797101452 1.0000000180025095e-35 0.10555555555555557 2.5000000000000004 0.25403225806451618 1.0000000180025095e-35 1.0000000180025095e-35 0.41428571428571431 9.5000000000000018 0.47727272727272735
decision_type=2 2 2 2 2 2 2 2 2 2 2 2 2 2 2 2 2 2 2 2 2 2 2 2 2 2 2 2 2 2
left_child=1 2 20 4 8 -4 12 14 -2 15 -6 23 -3 -14 19 -8 17 -17 -10 -7 -1 22 -22 -9 25 -18 27 -27 -28 -30
right_child=3 6 5 -5 10 7 9 11 18 -11 -12 -13 13 -15 -16 16 24 -19 -20 -21 21 -23 -24 -25 -26 26 28 -29 29 -31
leaf_value=-0.092680367260512139 0.057961328226798219 -0.098083535889549281 -0.051062503544290205 0.15100033393658108 0.16768312303069838 0.11988307849774525 -0.085704620092432279 0.36905775960004716 0.12393253123320964 -0.070468614343870695 -0.01835730708725063 0.16526993626093223 -0.095116163785536806 0.17768704773243529 0.16989167642229813 -0.020795308104220325 0.30010083136441112 2.1289085884073087 -0.086456249974816379 0.018648727653480583 4.1038980579761164 -0.065046967556261409 0.10504593573863603 0.21854347302381782 0.20925160364811246 0.45985463279432842 0.49231537393390723 4.7605015652825413 0.54287118080418906 4.5511809205038016
leaf_weight=2329.4151215944439 1185.1460941005498 170558.44128185883 1099.2070318143815 52908.331228796393 3614.8487833254039 1056.2667714767158 667.42500143870711 498.45273852534592 161.75340750068426 6109.2914564106613 420.14066574349999 3363.11303800717 5906.5188925731927 996.17525511793792 1212.9991272464395 1422.4049617070705 109.4494802094996 2.5944831259548655 3146.9148727860302 1565.0193291995674 5.3491025306284419 298.93203908018768 133.64013313688338 532.48984089493752 309.09141348861158 0.71184805780649485 19.240632260218266 2.7351707462221384 0.77538919821381458 0.94559658318758011
leaf_count=108121 29407 9277858 43278 270766 42626 24571 34361 4485 1465 314784 15224 19075 317536 17795 18922 70339 2908 101 160417 47452 234 12513 3953 4243 2632 36 163 137 41 50
internal_value=-0.0313268 -0.0834402 0.0795849 0.136795 0.048671 0.124568 -0.0940351 0.14803 -0.0407964 -0.044733 0.148312 0.194843 -0.0964367 -0.0557461 0.0943833 0.0172801 0.0540769 -0.0168814 -0.0761708 0.0594419 -0.072035 0.0377828 0.258945 0.291316 0.282355 0.451157 1.1285 3.87237 0.677284 2.74524
internal_weight=259638 198201 12094.9 61437.1 8528.8 9327.55 186106 8228.34 4493.81 8644.67 4034.99 4394.06 177461 6902.69 3834.29 2535.37 1867.95 1425 3308.67 2621.29 2767.34 437.921 138.989 1030.94 442.95 133.858 24.4086 3.44702 20.9616 1.72099
internal_count=10845493 10325588 286847 519905 249139 162026 10038741 118748 191289 425552 57850 27803 9613189 335331 90945 110768 76407 70440 161882 72023 124821 16700 4187 8728 5967 3335 427 173 254 91
is_linear=0
shrinkage=0.1


Tree=4
num_leaves=31
num_cat=0
split_feature=2 8 0 7 8 0 7 2 3 2 0 5 0 6 2 8 2 1 8 7 3 7 8 2 2 2 2 8 2 3
split_gain=195334 30227 6820.68 6726.92 5881.37 3062.84 2126.03 1894.64 1398.21 1187.61 5180.03 1148.12 2512.54 1076.08 884.42 711.081 2765.71 1738.69 1218.27 935.457 921.895 673.852 1035.64 659.994 619.627 629.58 609.586 1789.31 2331.25 1283.15
threshold=0.37797619047619052 6.5000000000000009 0.19090909090909094 24.89586131266449 7.5000000000000009 0.47727272727272735 35.086009329996308 0.13188405797101452 1.0000000180025095e-35 0.25403225806451618 0.31666666666666671 1.0000000180025095e-35 0.86607142857142871 1.0000000180025095e-35 0.1126984126984127 11.500000000000002 0.26491228070175443 2.5000000000000004 12.500000000000002 37.521046829444565 1.0000000180025095e-35 39.461852635044607 4.5000000000000009 0.5590277777777779 0.44722222222222224 0.42582417582417587 0.27888888888888896 4.5000000000000009 0.24568965517241384 1.0000000180025095e-35
decision_type=2 2 2 2 2 2 2 2 2 2 2 2 2 2 2 2 2 2 2 2 2 2 2 2 2 2 2 2 2 2
left_child=1 3 4 -1 13 -5 9 -7 -6 -3 -11 -8 -13 21 -14 -16 17 18 -17 -20 -19 -2 24 -10 25 -23 27 -9 -29 -30
right_child=2 6 -4 5 8 7 11 26 23 10 -12 12 14 -15 15 16 -18 20 19 -21 -22 22 -24 -25 -26 -27 -28 28 29 -31
leaf_value=-0.077482352063617463 0.056263510294550151 -0.097525674697316933 0.13883401071116427 -0.031754873420665471 0.12626484722372588 0.080091505197414897 -0.062198494091136959 0.1819730703377859 -0.084931586050016689 -0.094285316554670789 0.1435466929507698 -0.062129685057002254 0.098437840294049408 -0.016828706660415801 0.23500891263618767 0.94325846115617296 0.26596665637334815 0.53869530633959806 1.8734246400661352 4.6424515137912676 5.32122708872825 0.13610004674448484 0.28724314034375742 0.015745578973715948 0.12654898412302543 0.71768098806393021 0.14375001444140809 0.33266165547784304 0.85889558572298985 2.1847724919197193
leaf_weight=2502.3787016794086 773.29283934831619 155166.40302139521 51845.209084164351 1383.5721486359835 439.51835865527391 4108.6314353495836 6648.9369433894753 1546.8083420060575 2896.006846351549 5389.1883487850428 1103.2559104599059 1035.080480562523 357.70619471929967 491.63905380479991 161.1556825581938 2.3404729068279275 52.435418233275414 8.1175207272171956 1.873173803091049 3.4989472925662994 0.42411482334137041 38.257881879806519 535.01850408315659 840.01629267632961 2582.9741039574146 36.250647783279419 2569.2226594761014 181.11012075468898 30.824375672265887 9.5637981183826906
leaf_count=119899 13577 9277858 270766 50390 2849 89970 353959 9379 160417 317536 17795 51567 17987 16926 946 42 274 449 106 198 24 953 12759 25697 15058 903 13980 2229 777 223
internal_value=-0.030598 -0.0822717 0.12513 0.0688984 0.0428324 0.106163 -0.0932423 0.128755 -0.0424472 -0.0957724 -0.0538707 -0.0437936 0.0316227 0.122719 0.196785 0.349841 0.619254 1.75894 2.84737 3.67694 0.776161 0.140019 0.160306 -0.0622951 0.13475 0.419057 0.174851 0.220038 0.485864 1.17286
internal_weight=242741 182263 60478.2 12332.1 8632.97 9829.73 169930 8446.16 4175.54 161659 6492.44 8271.57 1622.63 4457.43 587.552 229.845 68.6896 16.2542 7.71259 5.37212 8.54164 3965.79 3192.5 3736.02 2657.48 74.5085 4337.53 1768.31 221.498 40.3882
internal_count=10845493 10325588 519905 286847 249139 166948 10038741 116558 188963 9613189 335331 425552 71593 60176 20026 2039 1093 819 346 304 473 43250 29673 186114 16914 1856 26588 12608 3229 1000
is_linear=0
shrinkage=0.1


Tree=5
num_leaves=31
num_cat=0
split_feature=2 8 0 2 7 0 2 8 3 7 0 2 7 3 2 3 6 5 7 5 1 1 3 0 0 2 1 8 1 1
split_gain=169248 18825.4 16574.9 8120.87 5469.98 2494.67 1990.53 1396.76 1158.19 973.142 852.519 4688.89 1624.14 1253.87 753.266 4933.89 751.51 696.422 584.083 578.949 568.348 531.164 1083.79 860.499 701.946 488.966 1887.73 3962.77 473.874 460.081
threshold=0.30217391304347835 7.5000000000000009 0.19090909090909094 0.54772727272727284 24.89586131266449 0.47727272727272735 0.13188405797101452 5.5000000000000009 1.0000000180025095e-35 24.440015940136131 0.47727272727272735 0.13840996168582378 27.231415411263665 1.0000000180025095e-35 0.25403225806451618 1.0000000180025095e-35 1.0000000180025095e-35 1.0000000180025095e-35 30.29446387692597 1.0000000180025095e-35 2.5000000000000004 2.5000000000000004 1.0000000180025095e-35 0.58571428571428574 0.73214285714285732 0.37797619047619052 1.0000000180025095e-35 6.5000000000000009 2.5000000000000004 2.5000000000000004
decision_type=2 2 2 2 2 2 2 2 2 2 2 2 2 2 2 2 2 2 2 2 2 2 2 2 2 2 2 2 2 2
left_child=1 4 3 7 -1 -6 17 -2 25 -3 -11 13 14 19 15 -13 -5 -7 29 -12 -14 -4 23 -23 -25 26 27 -9 -8 -15
right_child=2 9 21 16 5 6 28 8 -10 10 11 12 20 18 -16 -17 -18 -19 -20 -21 -22 22 -24 24 -26 -27 -28 -29 -30 -31
leaf_value=-0.082414332016381847 0.039916364615148144 -0.097507837258703323 0.13607142041225195 0.11642116632433551 -0.060075125359046334 0.036722438387842234 0.21840521132930044 0.15820258886263106 -0.086140435579330682 -0.096682442580622363 -0.08173838329370052 0.71261293067184583 0.28229241835525293 4.5711320613219328 0.35119685140383794 5.5615835067446753 -0.019392461803489275 0.11840329488173017 0.6321629594091055 0.005140151300388765 0.07918681507338643 -0.044552194519672933 0.13711424715393783 0.19901956458574921 0.089873219837598745 0.10450326183632939 -0.10183947803576417 4.6761458305355212 0.13171016998396348 -0.10157000515340638
leaf_weight=2751.9947531828657 1159.0038063377142 133972.04981678538 33612.454636141658 4347.4984964150935 1103.7079240530729 3221.0544659448788 1203.101992007345 5.388822078704834 6502.5027289167047 7042.4427331937477 6935.5600519450381 22.599343950860206 254.35759308934212 0.68482860457152384 21.134079169481993 2.3131988421082488 449.55542097613215 1544.2847912488505 16.619200250133872 862.41306691430509 300.59468075167388 447.27520283777267 10882.64886867255 633.82994710840285 8373.8920006137341 169.72470434010029 14.27499845251441 3.0347146093845367 1324.6827768590301 0.3043682686984539
leaf_count=152038 28490 8783175 189192 46347 47342 86988 7924 22 393995 447374 432355 1485 5929 45 260 152 16735 22193 261 48326 11904 5835 53016 4710 48295 1491 824 170 8600 20
internal_value=-0.0298276 -0.0854142 0.104196 0.00117651 0.039938 0.080038 0.101242 -0.0614392 -0.0789855 -0.0947666 -0.07101 -0.049529 0.219631 -0.0702268 0.790326 1.16285 0.103693 0.0631924 0.772675 -0.0721301 0.172279 0.128353 0.115597 0.0908309 0.0975533 0.162799 0.598697 1.78586 0.172973 3.13338
internal_weight=227181 160580 66601.1 12651 11148.8 8396.83 7293.12 7853.93 6694.93 149431 15459 8416.58 600.999 7815.58 46.0466 24.9125 4797.05 4765.34 17.6084 7797.97 554.952 53950.1 20337.6 9455 9007.72 192.423 22.6985 8.42354 2527.78 0.989197
internal_count=10845493 10056371 789122 488074 325085 173047 125705 424992 396502 9731286 948111 500737 19730 481007 1897 1637 63082 109181 326 480681 17833 301048 111856 58840 53005 2507 1016 192 16524 65
is_linear=0
shrinkage=0.1


Tree=6
num_leaves=31
num_cat=0
split_feature=2 8 0 2 7 0 2 6 7 8 2 3 2 8 8 0 2 2 0 3 2 7 0 7 2 5 7 7 7 2
split_gain=146641 17398.8 14184.4 6678.04 4430.32 1973.44 1703.67 1166.94 995.222 745.039 605.383 592.769 679.677 609.542 572.99 444.112 955.819 435.553 4932.79 2585.92 2567.14 10038.5 2716.29 2269.38 958.458 844.135 626.426 481.577 526.963 742.419
threshold=0.30217391304347835 7.5000000000000009 0.19090909090909094 0.44097222222222227 24.89586131266449 0.31666666666666671 0.13188405797101452 1.0000000180025095e-35 34.426336379378711 5.5000000000000009 0.8047619047619049 1.0000000180025095e-35 1.0000000180025095e-35 2.5000000000000004 14.500000000000002 0.86607142857142871 0.15075757575757578 0.13188405797101452 0.47727272727272735 1.0000000180025095e-35 0.26491228070175443 24.440015940136131 0.64583333333333337 27.231415411263665 0.19292803970223329 1.0000000180025095e-35 14.264366567761664 20.964166726129317 27.231415411263665 0.26491228070175443
decision_type=2 2 2 2 2 2 2 2 2 2 2 2 2 2 2 2 2 2 2 2 2 2 2 2 2 2 2 2 2 2
left_child=1 4 3 9 -1 -6 11 10 17 -2 -5 12 13 -7 15 -10 -17 -3 -19 24 21 22 26 -23 -20 -24 -21 -26 29 -29
right_child=2 8 -4 7 5 6 -8 -9 14 -11 -12 -13 -14 -15 -16 16 -18 18 19 20 -22 23 25 -25 27 -27 -28 28 -30 -31
leaf_value=-0.080498882714460679 0.027436442636942844 -0.098538453164419573 0.11880383616013296 0.067249848885165872 -0.074973056481966421 0.13779176108053445 0.14960872073665701 -0.045787509635438373 -0.055441913601241954 -0.086122141940712327 0.14035669830187619 0.38318964712945053 -0.022685345977400184 0.045384393967810022 -0.075828820405714398 -0.002500893562117551 0.28638608490558698 -0.096159251806064064 -0.016305456659510068 0.39672742091976387 0.059437842313552203 0.039535766904244554 4.2686104765785977 2.8909818671853054 0.018752346707940851 6.6890474465097292 3.7431810937777588 0.42895540464972542 0.019302398428954665 0.14023959610626444
leaf_weight=2546.3877353724092 645.6460078060627 108951.32173245773 52535.77003484033 3967.828881483525 852.25206777267158 930.59447717107832 2696.7020252672955 737.183498673141 1081.3375292923301 5493.9371279627085 1585.2375969514251 53.289349637925625 1074.4260216150433 3064.4218183951452 4506.839958447963 806.02713835146278 133.4992803465575 19353.871594136581 716.85671703983098 1.6059369705617412 33.400880075991154 24.489820480346683 2.7688568457961082 3.1501328814774743 199.79745113756508 3.0042096776887774 0.85834562219679345 154.71968232281506 117.58314758725464 209.88856709748507
leaf_count=152038 21075 7863330 301048 61593 41407 13687 17570 31041 64068 362591 11774 355 23464 76564 287239 44376 1486 1392923 49396 116 158 154 200 142 10631 217 62 10284 4277 2227
internal_value=-0.0291078 -0.0842369 0.0960754 1.16983e-05 0.0354717 0.0695258 0.0852749 0.0724265 -0.0940894 -0.0741802 0.0881197 0.0514084 0.0479207 0.0669097 -0.0559896 -0.0117449 0.0385477 -0.0960058 -0.0827538 0.093967 0.690333 1.27768 4.34175 0.364516 0.0644318 5.52817 1.56235 0.149297 0.203388 0.262755
internal_weight=212485 147519 64965.6 12429.8 11218.1 8671.69 7819.43 6290.25 136301 6139.58 5553.07 5122.73 5069.44 3995.02 6527.7 2020.86 939.526 129773 20822 1468.12 69.2782 35.8773 8.23735 27.64 1398.85 5.77307 2.46428 681.989 482.191 364.608
internal_count=10845493 10056371 789122 488074 325085 173047 131640 104408 9731286 383666 73367 114070 113715 90251 397169 109930 45862 9334117 1470787 77864 1049 891 595 296 76815 417 178 27419 16788 12511
is_linear=0
shrinkage=0.1


Tree=7
num_leaves=31
num_cat=0
split_feature=2 8 0 2 7 0 2 7 8 8 3 1 0 0 0 2 5 5 3 5 2 2 0 2 5 2 0 1 0 0
split_gain=127505 16149.3 11938.2 5541.63 3618.04 1578.54 1419.3 1035.31 944.371 694.902 681.641 1388.95 862.472 687.206 556.38 2403.68 555.12 525.752 503.503 500.543 424.54 391.286 3446.16 638.362 549.998 556.754 626.476 387.505 387.255 1206.95
threshold=0.30217391304347835 7.5000000000000009 0.19090909090909094 0.44097222222222227 24.657580295307813 0.31666666666666671 0.15075757575757578 34.426336379378711 7.5000000000000009 6.5000000000000009 1.0000000180025095e-35 2.5000000000000004 0.31666666666666671 0.58571428571428574 0.58571428571428574 0.15075757575757578 1.0000000180025095e-35 1.0000000180025095e-35 1.0000000180025095e-35 1.0000000180025095e-35 0.76696832579185525 0.13188405797101452 0.47727272727272735 0.18019480519480521 1.0000000180025095e-35 0.25403225806451618 0.86607142857142871 2.5000000000000004 0.86607142857142871 0.73214285714285732
decision_type=2 2 2 2 2 2 2 2 2 2 2 2 2 2 2 2 2 2 2 2 2 2 2 2 2 2 2 2 2 2
left_child=1 4 3 9 -1 -6 19 21 -5 -2 11 12 -4 -13 -9 16 -16 20 -10 -7 -15 -3 -23 -24 -25 26 -26 -8 29 -19
right_child=2 7 10 8 5 6 27 14 18 -11 -12 13 -14 17 15 -17 -18 28 -20 -21 -22 22 23 24 25 -27 -28 -29 -30 -31
leaf_value=-0.079473647749899762 0.011227241114883265 -0.098113028490389581 -0.031031724839922628 0.087379086628567665 -0.073110561840628044 0.024113290555120726 0.17570241115154761 -0.089727669809429214 0.1167570079791078 -0.086535136445635139 0.12197049794987345 -0.049980062521387703 0.11916747145480976 0.046512353469852864 -0.069897697633045153 0.23967720424196473 0.045909032246730708 0.24219840417880478 -0.02056346640198007 0.087660470675814769 0.11247139528352477 -0.095510326098922793 -0.0246388016795899 0.041579634674008159 0.054281361256625318 0.084645258035540905 0.43398473155609313 0.097859881357936052 0.13068699580043444 -0.064500423592993655
leaf_weight=2327.8829674860463 854.6900518797338 98989.395449527539 391.12948450818658 4612.7035398874432 804.61166420206428 3703.912304113619 1232.8793681319803 2517.5383352302015 322.69896062463522 4869.5945213017985 24264.475318644196 466.57658832520247 16945.006511412561 5228.4302466511726 2862.8756884457543 305.93591672182083 483.88366561941803 193.05342628806829 1547.3223996609449 1862.9316974170506 1199.736155807972 17625.171516099945 623.76289996039122 601.64192459732294 63.989436814561486 233.71907535381615 135.3908237926662 1328.7250380180776 2153.3491002470255 382.61060195788741
leaf_count=149982 29632 7863330 7291 44618 42116 93262 7883 174148 1913 354034 135816 5835 99101 30014 193956 5667 23398 1264 57877 23550 5613 1392923 41371 24417 3483 1910 6683 8292 11708 4406
internal_value=-0.0284067 -0.0831138 0.0886331 -0.000236122 0.0315637 0.0604991 0.0737247 -0.093491 0.0630773 -0.0719383 0.109811 0.0988673 0.115779 0.0684033 -0.0535573 -0.0286276 -0.053154 0.0744351 0.00313315 0.0453792 0.0588228 -0.0955744 -0.0825426 0.0552676 0.103437 0.189366 0.312122 0.135325 0.11121 0.0383534
internal_weight=199136 135704 63431.4 12207 11260.9 8933.06 8128.45 124443 6482.72 5724.28 51224.4 26959.9 17336.1 9623.76 6170.23 3652.7 3346.76 9157.18 1870.02 5566.84 6428.17 118273 19283.7 1658.5 1034.74 433.099 199.38 2561.6 2729.01 575.664
internal_count=10845493 10056371 789122 488074 325085 175103 132987 9731286 104408 383666 301048 165232 106392 58840 397169 223021 217354 53005 59790 116812 35627 9334117 1470787 77864 36493 12076 10166 16175 17378 5670
is_linear=0
shrinkage=0.1


Tree=8
num_leaves=31
num_cat=0
split_feature=2 8 0 2 7 0 2 8 3 1 7 0 1 0 2 1 5 3 2 0 6 7 0 0 8 8 8 5 2 1
split_gain=111030 14997.7 10182.4 4683.31 3414.28 1568.59 1273.55 1087.55 948.161 1088.81 802.233 760.115 1285.5 689.466 2067.52 655.584 626.118 527.131 490.096 493.65 458.629 446.257 422.875 736.809 407.846 407.069 405.951 391.637 372.495 348.065
threshold=0.30217391304347835 8.5000000000000018 0.19090909090909094 0.54772727272727284 24.049531274106982 0.47727272727272735 0.13840996168582378 7.5000000000000009 1.0000000180025095e-35 2.5000000000000004 24.237031412278139 0.47727272727272735 1.5000000000000002 0.47727272727272735 0.15075757575757578 2.5000000000000004 1.0000000180025095e-35 1.0000000180025095e-35 0.75595238095238104 0.58571428571428574 1.0000000180025095e-35 36.627436471204071 0.86607142857142871 0.73214285714285732 27.500000000000004 3.5000000000000004 7.5000000000000009 1.0000000180025095e-35 0.86811594202898557 2.5000000000000004
decision_type=2 2 2 2 2 2 2 2 2 2 2 2 2 2 2 2 2 2 2 2 2 2 2 2 2 2 2 2 2 2
left_child=1 4 3 7 -1 -6 25 20 9 11 -3 12 -4 -12 15 27 18 -9 19 -11 21 -2 23 -18 -16 -7 -5 -15 -14 -8
right_child=2 10 8 26 5 6 29 17 -10 16 13 -13 28 14 24 -17 22 -19 -20 -21 -22 -23 -24 -25 -26 -27 -28 -29 -30 -31
leaf_value=-0.080860198332708619 -0.031196618958928075 -0.09616591457953623 0.10390969216684827 0.0852274449268971 -0.058651913827152319 0.069440288873078043 0.15864004403640519 0.080497862459067579 0.11735460723918684 -0.085056463605396787 -0.095561832393379231 0.11343245947555387 -0.06881506009116381 -0.035139610683689322 0.19366888391619319 -0.08449658734169524 0.15105889024984642 -0.086802584949655134 0.10369235465624677 0.041227186123091057 -0.081071310173463071 0.086809857610856064 0.12620463023825593 -0.060781052456982544 0.033472632376478136 0.016059691603437846 0.019986768810746874 0.088699990451527655 0.13684105032234772 0.087127250611889973
leaf_weight=2508.6266003642231 531.34269267693162 100308.78475189768 1765.0057904310524 4043.9787188414484 1170.8542078463361 2462.2060435023159 1298.7609039032832 196.1370255202055 22774.250091599301 328.84787753969431 5454.9744705799967 14652.987956758589 762.60722821950912 1219.6649569040164 358.47570587974042 4622.4855417525396 297.57113947346807 4732.7175033204257 1222.7652002424002 5273.7074823006988 408.52718923427165 807.43322111479938 2014.0361715257168 366.29164070263505 285.49444272741675 3402.9715082375333 1248.1164421383291 322.99326969962567 99.571064256131649 1429.950463116169
leaf_count=181555 18628 8713461 12249 32894 64237 33614 8318 2409 135816 4997 456212 84746 8868 97331 7372 357803 1928 372276 5889 29912 17010 14669 11708 4406 9476 99344 30188 18736 529 8912
internal_value=-0.0275859 -0.0817698 0.0823624 -0.00041965 0.0231989 0.0499324 0.0647262 -0.0561141 0.102354 0.0895996 -0.0932142 0.104552 0.05502 -0.0690715 -0.0478493 -0.0656584 0.0624113 -0.0801451 0.0463335 0.0338148 0.0116736 0.0399746 0.10339 0.0341745 0.122648 0.0384689 0.0698407 -0.00921076 -0.0450643 0.121165
internal_weight=186372 124846 61525.9 11968.3 12273.4 9764.74 8593.89 6676.16 49557.6 26783.4 112573 17280.2 2627.18 12264.1 6809.11 6165.14 9503.22 4928.85 6825.32 5602.56 1747.3 1338.78 2677.9 663.863 643.97 5865.18 5292.1 1542.66 862.178 2728.71
internal_count=10845493 10056371 789122 488074 395980 214425 150188 424992 301048 165232 9660391 106392 21646 946930 490718 473870 58840 374685 40798 34909 50307 33297 18042 6334 16848 132958 63082 116067 9397 17230
is_linear=0
shrinkage=0.1


Tree=9
num_leaves=31
num_cat=0
split_feature=2 8 0 2 7 3 0 3 1 7 6 0 8 0 2 5 1 7 7 5 3 1 0 0 0 2 6 2 8 5
split_gain=96748.1 12826.6 10715.1 4528.76 2778.97 1204.5 1172.55 1448.42 907.148 754.884 724.58 716.963 690.953 629.436 1532.97 604.02 527.459 654.855 618.66 510.416 506.496 446.916 446.913 443.045 589.167 436.933 409.224 383.688 369.809 590.528
threshold=0.27888888888888896 8.5000000000000018 0.19090909090909094 0.44097222222222227 23.877406023321381 1.0000000180025095e-35 0.31666666666666671 1.0000000180025095e-35 2.5000000000000004 23.877406023321381 1.0000000180025095e-35 0.31666666666666671 5.5000000000000009 0.47727272727272735 0.11583184257602865 1.0000000180025095e-35 2.5000000000000004 45.772188005600235 49.431770892224058 1.0000000180025095e-35 1.0000000180025095e-35 2.5000000000000004 0.58571428571428574 0.86607142857142871 0.73214285714285732 0.18019480519480521 1.0000000180025095e-35 0.8047619047619049 3.5000000000000004 1.0000000180025095e-35
decision_type=2 2 2 2 2 2 2 2 2 2 2 2 2 2 2 2 2 2 2 2 2 2 2 2 2 2 2 2 2 2
left_child=1 4 3 12 -1 8 -6 16 11 -3 27 -4 -2 -11 19 22 18 -18 25 -15 -14 -16 -10 24 -17 -8 -24 -5 29 -12
right_child=2 9 5 10 6 -7 7 -9 15 13 28 -13 20 14 21 23 17 -19 -20 -21 -22 -23 26 -25 -26 -27 -28 -29 -30 -31
leaf_value=-0.081368121711999863 0.020842669183902984 -0.096114507527422982 -0.034546963742868496 0.044234021739370001 -0.077356875511949363 0.11320941520101158 0.036065618214864904 0.18892616607197421 -0.064913930947173473 -0.095777175583659641 -0.10100507967803873 0.098235580910422837 0.10229177042489113 -0.076905540916893764 0.16335298615707561 0.12736443343883391 -0.059013201760615433 0.036788965439873415 0.17623267327891617 0.012018392379605922 -0.088203806962929177 0.0067210280531917084 0.059480882777072176 0.12223135940542476 -0.058375893570091257 0.14085277512884184 -0.0041817089714096568 0.10001311118014287 -0.079248430748385584 0.31716285396907995
leaf_weight=2264.3052816381678 728.57113367132843 89911.050973048434 416.52577049098909 4290.6067287698388 754.83757835160941 21554.124359298497 2500.1571639571339 714.88228907808661 373.20375606976449 4999.970319907181 68.874358341097832 17140.951898734085 143.46765739005059 5134.8518072972074 378.44334785360843 321.54619004391134 894.78492172714323 3521.717026527971 469.78713842481375 738.29527741391212 5143.7423558142036 351.23202485684305 5389.297453455627 1939.4428741186857 364.21098430268466 473.24406409729272 1242.4847387075424 1730.6213590875268 594.03746240958571 66.258732918649912
leaf_count=178078 24778 8594132 9522 61593 47759 137824 64798 3972 6364 461863 1914 104111 2741 440186 9364 2096 24736 55910 5042 48108 447870 15073 28959 12037 4525 3482 7755 11774 27288 1839
internal_value=-0.0267455 -0.0816363 0.0741937 -0.0073616 0.0180099 0.0955542 0.0421295 0.0526482 0.0815573 -0.0930167 0.0488649 0.0950855 -0.0704541 -0.0690117 -0.0487435 0.0568931 0.0402529 0.0173794 0.0695923 -0.0657272 -0.0830347 0.0879576 0.0415616 0.0978033 0.0287163 0.0527435 0.0475535 0.060266 -0.0452821 0.104032
internal_weight=174616 113108 61508 12766.2 11593.7 48741.8 9329.41 8574.57 27187.7 101514 6750.4 17557.5 6015.78 11602.8 6602.82 9630.19 7859.69 4416.5 3443.19 5873.15 5287.21 729.675 7004.99 2625.2 685.757 2973.4 6631.78 6021.23 729.171 135.133
internal_count=10845493 9952503 892990 579797 383777 313193 205699 157940 175369 9568726 104408 113633 475389 974594 512731 61736 153968 80646 73322 488294 450611 24437 43078 18658 6621 68280 36714 73367 31041 3753
is_linear=0
shrinkage=0.1


Tree=10
num_leaves=31
num_cat=0
split_feature=2 8 0 2 7 3 0 3 7 1 8 0 1 0 2 2 1 5 2 1 7 7 0 0 0 0 7 6 2 7
split_gain=84378.8 12036.1 9119.04 4044.49 2341.45 1431.72 974.879 1170.73 781.697 736.846 685.936 640.955 991.787 625.935 1301.69 600.109 593.052 571.922 443.68 433.246 512.247 438.394 426.642 465.699 383.427 373.021 360.044 518.2 425.027 379.229
threshold=0.27888888888888896 8.5000000000000018 0.22649572649572652 0.44097222222222227 23.877406023321381 1.0000000180025095e-35 0.47727272727272735 1.0000000180025095e-35 23.877406023321381 2.5000000000000004 7.5000000000000009 0.47727272727272735 1.5000000000000002 0.47727272727272735 0.15075757575757578 0.64852941176470602 2.5000000000000004 1.0000000180025095e-35 0.78019323671497598 2.5000000000000004 45.772188005600235 38.519503317171605 0.86607142857142871 0.73214285714285732 0.58571428571428574 0.77500000000000013 36.627436471204071 1.0000000180025095e-35 0.42582417582417587 61.693175783431279
decision_type=2 2 2 2 2 2 2 2 2 2 2 2 2 2 2 2 2 2 2 2 2 2 2 2 2 2 2 2 2 2
left_child=1 4 3 10 -1 9 -6 19 -3 11 26 12 -4 -10 16 -5 -15 18 24 21 -21 -8 23 -19 -11 -7 -2 28 -28 -30
right_child=2 8 5 15 6 25 7 -9 13 17 -12 -13 -14 14 -16 -17 -18 22 -20 20 -22 -23 -24 -25 -26 -27 27 -29 29 -31
leaf_value=-0.07949880178944041 -0.048756422703120181 -0.095513708490974694 0.083157129778404892 0.0071538037299586701 -0.059440163869586532 0.092191688037978892 0.024801340619094947 0.17888798914943804 -0.09514832381502164 -0.079299231804636161 -0.085176003450704224 0.094718377990975405 -0.047665443895905629 -0.010298003311701324 0.092851254209595266 0.067541340385912335 -0.081835610666336822 0.1103624001832751 0.097534772584241591 -0.054492398913857321 0.033043578318104207 0.096347587251382372 0.11854732482650565 -0.054820370852024049 0.032857656972765395 0.12032498852121337 0.080055150051418916 -0.07848475097147313 0.48347339657518057 -0.076911263152506348
leaf_weight=2094.5887586316094 602.15467779804021 81841.207256070338 1817.5931853549555 2635.5596234072 936.89166483096778 7605.0751404818147 1562.3243824355304 632.89355843886733 4552.5760458111763 322.1756954472512 4636.5192938083783 14709.817062754184 850.73885482735932 1624.3511514309794 606.09589364752173 4381.3680989705026 4043.6613555112854 333.29027216043323 1041.6561646014452 821.43615887220949 3590.8156475163996 1895.4867628775537 1806.6033581793308 349.81956610456109 5655.4734388515353 12393.007358893752 254.95793288107961 163.31165566295385 54.209927178919315 15.537378538399933
leaf_count=178078 27755 8594132 12788 60927 57140 52084 43272 3521 461863 6202 433358 87823 10262 133214 16081 44665 363436 2096 5162 23306 55206 23254 12037 4525 31714 83562 8768 8131 897 234
internal_value=-0.0258941 -0.0801826 0.0689759 -0.00603393 0.0161495 0.0893639 0.0373727 0.04804 -0.0921732 0.0742932 -0.0683941 0.0865388 0.0414472 -0.0669213 -0.0464395 0.0448598 -0.0613342 0.0519137 0.0373078 0.0375174 0.0167469 0.0640212 0.0930924 0.0257725 0.0268128 0.109626 0.00297969 0.0668159 0.139895 0.358638
internal_weight=163831 104202 59628.9 12743.6 11534.4 46885.3 9439.85 8502.96 92667.9 26887.2 5726.69 17378.1 2668.33 10826.7 6274.11 7016.93 5668.01 9509.02 7019.31 7870.06 4412.25 3457.81 2489.71 683.11 5977.65 19998.1 1090.17 488.017 324.705 69.7473
internal_count=10845493 9952503 892990 584735 383777 308255 205699 148559 9568726 172609 479143 110873 23050 974594 512731 105592 496650 61736 43078 145038 78512 66526 18658 6621 37916 135646 45785 18030 9899 1131
is_linear=0
shrinkage=0.1


Tree=11
num_leaves=31
num_cat=0
split_feature=2 8 0 8 7 3 0 3 2 5 0 0 0 1 7 2 0 2 5 0 5 6 2 1 6 7 7 1 3 0
split_gain=73582.1 11344.3 7831.8 3706.74 2211.97 1497.16 920.322 1215.6 774.964 702.151 838.736 2005.76 688.985 808.029 653.069 572.646 546.68 1145.52 432.711 422.194 404.449 362.281 339.992 339.464 403.993 328.576 434.546 309.62 305.507 298.569
threshold=0.27888888888888896 9.5000000000000018 0.27922077922077926 9.5000000000000018 24.237031412278139 1.0000000180025095e-35 0.31666666666666671 1.0000000180025095e-35 0.5590277777777779 1.0000000180025095e-35 0.86607142857142871 0.64583333333333337 0.47727272727272735 2.5000000000000004 23.595474520731425 0.5590277777777779 0.47727272727272735 0.11583184257602865 1.0000000180025095e-35 0.77500000000000013 1.0000000180025095e-35 1.0000000180025095e-35 0.78019323671497598 1.5000000000000002 1.0000000180025095e-35 37.521046829444565 17.973021508147554 3.5000000000000004 1.0000000180025095e-35 0.16025641025641027
decision_type=2 2 2 2 2 2 2 2 2 2 2 2 2 2 2 2 2 2 2 2 2 2 2 2 2 2 2 2 2 2
left_child=1 4 3 15 -1 9 -6 20 -5 12 11 -11 23 -14 -3 21 -16 18 -18 -7 -8 25 -15 24 -4 26 -2 -13 -19 -17
right_child=2 14 5 8 6 19 7 -9 -10 10 -12 27 13 22 16 29 17 28 -20 -21 -22 -23 -24 -25 -26 -27 -28 -29 -30 -31
leaf_value=-0.076132125929823741 0.15990509413200282 -0.095044247044128921 0.1045469410032327 -0.080024673918457356 -0.075027469272960889 0.086426059876964681 0.014476886263467834 0.16995952605323927 0.011740906574800281 0.099671999837654013 0.11335652961114649 -0.07752696175462101 0.082465184852882137 0.027155908796917969 -0.095212510685991278 0.059575332574993367 -0.076112752232930792 0.041726334650639685 0.0096883675193179947 0.11762908099330836 0.060366808230945472 -0.067203935552229283 0.090366671778533761 -0.063118077079131987 -0.072864115652782196 0.058201439047120801 -0.059903709659552752 0.10698556984571073 0.22351493808874753 0.17419778302622357
leaf_weight=2344.9264075374231 105.47701139375567 73686.132434234023 363.85061440803111 4800.7835324835032 744.95939541514963 6976.8244024766609 5567.9376626806334 672.60618355683982 1138.5340969320387 2690.2271032771096 5963.1532505825162 997.94416235387325 8547.189279910177 5847.198356339708 4290.4560123337433 4369.8310838062316 4497.5459898076952 625.56264430098236 676.14027486648411 11457.396185867488 2931.8595175296068 533.61535467207432 995.83640816807747 678.48226795438677 198.31389264762402 1190.751461093314 610.51078012958169 100.0635885335505 108.47681383509189 239.71718043088913
leaf_count=222177 902 8497927 2372 445499 56814 49885 137002 4101 22558 14751 42113 9769 46270 33545 479722 36322 448400 23347 48175 83562 34006 29263 5107 11042 1685 22093 33645 1189 832 1418
internal_value=-0.0250229 -0.0786286 0.0641381 -0.00423309 0.0112126 0.0839542 0.031865 0.0405465 -0.0624337 0.068676 0.0899811 0.0531852 0.0561839 0.0619628 -0.0917617 0.0447991 -0.0680441 -0.0483132 -0.0648995 0.10582 0.0303058 0.00562904 0.0363547 -0.015504 0.0419619 0.0260119 -0.0275222 -0.060712 0.0685912 0.0655362
internal_weight=153952 96146.6 57805.7 12989.2 12262.3 44816.5 9917.36 9172.4 5939.32 26382.3 9751.39 3788.23 16630.9 15390.2 83884.3 7049.9 10198.2 5907.73 5173.69 18434.2 8499.8 2440.35 6843.03 1240.65 562.165 1906.74 715.988 1098.01 734.039 4609.55
internal_count=10845493 9952503 892990 591700 454100 301290 231923 175109 468057 167843 67822 25709 100021 84922 9498403 123643 1000476 520754 496575 133447 171008 85903 38652 15099 4057 56640 34547 10958 24179 37740
is_linear=0
shrinkage=0.1


Tree=12
num_leaves=31
num_cat=0
split_feature=2 8 0 2 7 3 0 3 5 0 0 8 7 0 1 0 2 3 2 1 0 8 1 7 7 7 6 8 6 2
split_gain=64302.2 10217.4 7518.6 3397.51 1867.19 1655.28 729.613 950.048 704.572 876.285 1644.15 692.242 661.512 579.007 670.834 514.579 1043.73 595.421 456.78 445.978 435.962 347.787 330.529 417.366 376.257 322.379 321.353 312.225 411.194 297.562
threshold=0.26491228070175443 9.5000000000000018 0.27922077922077926 0.44097222222222227 23.728747063755613 1.0000000180025095e-35 0.47727272727272735 1.0000000180025095e-35 1.0000000180025095e-35 0.86607142857142871 0.64583333333333337 7.5000000000000009 23.346165447190938 0.47727272727272735 2.5000000000000004 0.47727272727272735 0.21132376395534294 1.0000000180025095e-35 0.78019323671497598 2.5000000000000004 0.77500000000000013 9.5000000000000018 2.5000000000000004 45.772188005600235 51.128109545440033 33.880132877999962 1.0000000180025095e-35 13.500000000000002 1.0000000180025095e-35 0.18019480519480521
decision_type=2 2 2 2 2 2 2 2 2 2 2 2 2 2 2 2 2 2 2 2 2 2 2 2 2 2 2 2 2 2
left_child=1 4 3 11 -1 8 -6 22 13 10 -10 -2 -3 -4 27 -14 17 19 21 -17 -7 -5 24 -24 29 -19 -16 -15 -29 -8
right_child=2 12 5 18 6 20 7 -9 9 -11 -12 -13 15 14 26 16 -18 25 -20 -21 -22 -23 23 -25 -26 -27 -28 28 -30 -31
leaf_value=-0.077530796424086765 0.0035776822626721913 -0.094850426730272303 -0.01494565468890338 0.036554456928567652 -0.060269304090388824 0.082648567141387935 0.029230288651369465 0.16551546056762867 0.088568942637044484 0.10951936747991307 -0.057055984154276901 -0.083236109670724021 -0.095202134344114564 0.087082658510396385 0.04295169414738708 -0.021743269297815962 0.16877663557910375 0.036237592644150621 0.07437755639981751 -0.081057382771038952 0.11531908040509851 -0.020436849678022305 -0.053906845343457938 0.023607421163331865 0.16894383559562323 0.46982721515869941 -0.012433347905279777 0.070191044199952521 -0.017434398632765986 0.11376005433672154
leaf_weight=2077.8731068009511 1151.4379359222949 66298.8290760573 1246.7417440228164 3829.1588562298566 875.06445701606572 6635.6699874261394 3014.7595046972856 528.07758215069771 2764.5336863808334 5700.3487419523299 1077.4757418483496 4540.3177197417244 3852.4894236251712 5995.3120025359094 5636.1149717494845 1965.5848708041012 213.7803173866123 37.314226383343339 2249.2596996519715 3570.0275419382378 10623.799637757242 1486.4260261692107 851.36287642549723 3773.2143866941333 245.63353186752647 31.728866159915924 1286.7841786388308 1942.5830538310111 739.35953165590763 483.19089064653963
leaf_count=213729 50880 8407450 17228 42670 63546 50224 70431 3162 15542 43014 11160 493729 474890 31448 31299 184499 5617 317 17126 366329 83979 48319 27897 60937 2126 395 8149 11115 5133 3153
internal_value=-0.0241588 -0.0778155 0.0586468 -0.00731028 0.00855218 0.0786788 0.0268578 0.0354279 0.0629298 0.0846409 0.047729 -0.0656737 -0.0912865 0.0506323 0.0558732 -0.066854 -0.0480842 -0.056356 0.0366021 -0.0599961 0.102758 0.0206177 0.0272186 0.00933741 0.0493079 0.235494 0.0326571 0.0743956 0.0460344 0.0409068
internal_weight=144724 87818.9 56905.3 13256.6 11849.2 43648.7 9771.3 8896.24 26389.3 9542.36 3842.01 5691.76 75969.8 16846.9 15600.2 9670.93 5818.44 5604.66 7564.84 5535.61 17259.5 5315.58 8368.16 4624.58 3743.58 69.0431 6922.9 8677.25 2681.94 3497.95
internal_count=10845493 9884478 961015 652724 444981 308291 231252 167706 174088 69716 26702 544609 9439497 104372 87144 1032047 557157 551540 108115 550828 134203 90989 164544 88834 75710 712 39448 47696 16248 73584
is_linear=0
shrinkage=0.1


Tree=13
num_leaves=31
num_cat=0
split_feature=2 8 0 2 3 7 5 0 0 3 0 3 0 7 2 7 1 6 0 0 3 7 2 3 7 8 5 5 5 2
split_gain=56140.1 9678.08 6452.66 2578.23 1912.53 1824.17 704.777 935.063 1270.81 701.59 684.89 970.592 668.01 640.386 578.668 559.887 546.476 472.623 439.203 436.968 869.525 563.488 510.134 344.093 534.662 333.271 335.684 320.201 315.452 308.088
threshold=0.26491228070175443 10.500000000000002 0.19090909090909094 0.44097222222222227 1.0000000180025095e-35 24.049531274106982 1.0000000180025095e-35 0.86607142857142871 0.64583333333333337 1.0000000180025095e-35 0.31666666666666671 1.0000000180025095e-35 0.47727272727272735 36.627436471204071 0.42582417582417587 23.346165447190938 2.5000000000000004 1.0000000180025095e-35 0.77500000000000013 0.47727272727272735 1.0000000180025095e-35 34.426336379378711 0.13840996168582378 1.0000000180025095e-35 37.521046829444565 12.500000000000002 1.0000000180025095e-35 1.0000000180025095e-35 1.0000000180025095e-35 0.78019323671497598
decision_type=2 2 2 2 2 2 2 2 2 2 2 2 2 2 2 2 2 2 2 2 2 2 2 2 2 2 2 2 2 2
left_child=1 5 3 9 6 -1 12 8 -8 -2 -7 27 -4 -11 -15 -3 -14 23 -6 -17 22 -22 28 -5 -25 -23 -27 -12 -21 -18
right_child=2 15 4 17 18 10 7 -9 -10 13 11 -13 16 14 -16 19 29 -19 -20 20 21 25 -24 24 -26 26 -28 -29 -30 -31
leaf_value=-0.075409100871203213 0.1345070362894637 -0.094222119400397694 -0.020517970281543035 0.11654339892834005 0.079908650546690704 -0.07532341778880719 0.075417749781493626 0.10575047425302145 -0.053217466677877495 -0.089430920447059581 0.0086183187987880529 0.15863890040783724 0.066962985133427994 -0.03034788726195152 0.18891934424611698 -0.09499043208297292 0.020919481304297983 -0.046311284634356444 0.11318343244847645 -0.075049055386731719 0.065638123298623327 0.062753504643168229 0.043851622769667309 -0.061520163949606611 0.041091783499828616 1.1865021307864951 0.45380766180299759 0.048571493784995576 -0.00020147981991795435 0.082198515284354526
leaf_weight=2282.2544052307494 172.89962772186846 60113.310154531151 1459.2083121109754 515.30426087975502 6671.2564860503189 654.41765380464494 2923.7293329825625 5332.3243348523974 1041.6039349688217 3866.1770554305986 5800.7265166654252 555.98935117991641 8676.2108291313052 940.39986696559936 138.02557365503162 3414.7776738568209 5988.5069884974509 738.26870151050389 9784.8784885331988 4067.0963046704419 64.042616720311344 9.7597103938460332 476.7664760760963 561.14891477674246 5340.1192791527137 10.447887446731329 15.573544278740883 3066.3075481848791 653.5769622111693 950.69752281904221
leaf_count=260389 3139 8368673 24563 3353 54983 59815 17098 43014 11160 450126 154577 3695 47696 76540 4861 462513 34341 31041 83979 470560 469 82 16288 16133 53881 232 187 36888 50110 5107
internal_value=-0.0232819 -0.0761571 0.054624 -0.00930424 0.0729425 0.00531837 0.0562497 0.0784031 0.0416282 -0.0635003 0.0236009 0.030471 0.0441865 -0.0704241 -0.0022843 -0.0907885 0.0502329 0.0294595 0.099694 -0.0670965 -0.0491153 0.243228 -0.0547301 0.0381774 0.0313345 0.561086 0.747992 0.0224345 -0.0646864 0.0293149
internal_weight=136286 81185 55100.8 12272.3 42828.4 12359.7 26372.3 9297.66 3965.33 5117.5 10077.4 9423.02 17074.6 4944.6 1078.43 68825.4 15615.4 7154.84 16456.1 8712.04 5297.26 99.8238 5197.44 6416.57 5901.27 35.7811 26.0214 8867.03 4720.67 6939.2
internal_count=10845493 9884478 961015 639074 321941 515364 182979 71272 28258 534666 254975 195160 111707 531527 81401 9369114 87144 104408 138962 1000441 537928 970 536958 73367 70014 501 419 191465 520670 39448
is_linear=0
shrinkage=0.1


Tree=14
num_leaves=31
num_cat=0
split_feature=2 8 0 8 3 7 0 3 2 5 0 0 0 2 3 5 7 7 2 0 2 7 7 2 2 0 1 2 2 6
split_gain=48987.6 9210.93 5496.04 2580.11 1848.67 1758.28 675.991 739.853 667.911 647.867 871.457 1065.68 497.536 3361.98 829.416 786.7 790.367 683.722 512.697 472.785 454.907 401.052 456.327 1913.94 1533.89 385.66 406.927 353.045 333.965 322.113
threshold=0.26491228070175443 11.500000000000002 0.27922077922077926 9.5000000000000018 1.0000000180025095e-35 23.877406023321381 0.47727272727272735 1.0000000180025095e-35 0.44097222222222227 1.0000000180025095e-35 0.86607142857142871 0.61250000000000016 0.47727272727272735 0.15075757575757578 1.0000000180025095e-35 1.0000000180025095e-35 24.440015940136131 20.727904740805688 0.21132376395534294 0.77500000000000013 0.85357142857142865 17.973021508147554 13.594479395019166 0.13840996168582378 0.13188405797101452 0.47727272727272735 2.5000000000000004 0.64852941176470602 0.18019480519480521 1.0000000180025095e-35
decision_type=2 2 2 2 2 2 2 2 2 2 2 2 2 2 2 2 2 2 2 2 2 2 2 2 2 2 2 2 2 2
left_child=1 5 3 27 9 -1 -7 28 -5 20 11 -11 -3 14 -14 -15 17 -17 -19 -6 25 22 -16 24 -24 -4 -27 29 -8 -2
right_child=2 12 4 8 19 6 7 -9 -10 10 -12 -13 13 15 21 16 -18 18 -20 -21 -22 -23 23 -25 -26 26 -28 -29 -30 -31
leaf_value=-0.074810077052983412 0.02282098930941473 -0.097187341977368821 -0.020238743394565568 -0.082635758508491239 0.074935398837941314 -0.060179581835965994 0.014250710153495516 0.14851554695850544 -0.0070642172240882144 0.070159848386599499 0.10206853049498832 -0.04942886821832429 -0.087421252178914319 0.038557707889048942 0.30594934528585233 0.04865558766044626 0.053608449679988304 0.33721400586216138 0.74060561914210365 0.11125972744632343 0.095519551554170745 0.23967956991599895 10.44852042217299 0.26457898755324066 0.27852172192353136 0.056027309678454144 0.0221841080585964 0.052192364835169792 0.069681190202165427 -0.058370875190909124
leaf_weight=2376.0676193688996 2656.0314621124417 38981.791496066842 1126.1738437833264 3707.9680850352161 5953.8800732875243 944.40250121382996 7738.1268226495013 487.54475668631494 1708.3099743509665 2834.7845712853596 4990.059001814574 1010.8789915628731 22394.925825359765 618.07400411972776 2.4279888439923516 50.357474897056818 145.03614320792258 89.601362689398229 48.594501385465264 8998.9619495943189 1406.0572734102607 41.891135124489665 0.41709399223327648 1.4109316971153021 0.23012983798980713 7763.2343911780044 6550.7638971321285 4018.4996767807752 1264.5620086491108 598.79477345151827
leaf_count=300645 66183 5962208 16665 469688 50224 85720 188556 3285 52089 15527 43014 11175 3279188 36516 336 4857 3211 7956 2481 83979 8808 959 64 10 1 41740 37159 30121 8485 34643
internal_value=-0.0224103 -0.0744064 0.0509023 -0.00654729 0.0688429 0.00282658 0.0205052 0.0285344 -0.0588003 0.0525676 0.0744987 0.0387245 -0.0902687 -0.0787396 -0.0865464 0.105353 0.229113 0.364111 0.479061 0.0967962 0.041065 0.335912 1.23452 2.32996 6.83243 0.0361061 0.0405391 0.0323643 0.0220367 0.00788401
internal_weight=128510 75185.5 53324.4 12689.6 40634.8 12810.7 10434.6 9490.23 5416.28 25682 8835.72 3845.66 62374.8 23393 22441.3 951.663 333.589 188.553 138.196 14952.8 16846.2 46.3773 4.48614 2.05816 0.647224 15440.2 14314 7273.33 9002.69 3254.83
internal_count=10845493 9884478 961015 652724 308291 586691 286046 200326 521777 174088 69716 26702 9297787 3335579 3280558 55021 18505 15294 10437 134203 104372 1370 411 75 65 95564 78899 130947 197041 100826
is_linear=0
shrinkage=0.1


Tree=15
num_leaves=31
num_cat=0
split_feature=2 8 0 3 8 7 3 2 0 3 5 0 0 7 0 0 6 7 0 2 1 5 5 0 3 7 6 2 0 5
split_gain=42783 8762.5 4719.75 2017.36 1914.65 1515.8 987.186 622.143 578.178 783.009 559.575 796.08 678.224 509.761 483.36 479.49 398.96 383.747 381.983 579.036 321.721 310.703 309.555 340.385 304.697 593.116 299.559 290.21 1888.39 1075.22
threshold=0.26491228070175443 11.500000000000002 0.19090909090909094 1.0000000180025095e-35 9.5000000000000018 23.728747063755613 1.0000000180025095e-35 0.86811594202898557 0.31666666666666671 1.0000000180025095e-35 1.0000000180025095e-35 0.86607142857142871 0.61250000000000016 23.256712811036728 0.77500000000000013 0.47727272727272735 1.0000000180025095e-35 37.521046829444565 0.47727272727272735 0.11583184257602865 2.5000000000000004 1.0000000180025095e-35 1.0000000180025095e-35 0.16025641025641027 1.0000000180025095e-35 36.627436471204071 1.0000000180025095e-35 0.11583184257602865 0.31666666666666671 1.0000000180025095e-35
decision_type=2 2 2 2 2 2 2 2 2 2 2 2 2 2 2 2 2 2 2 2 2 2 2 2 2 2 2 2 2 2
left_child=1 5 4 7 16 -1 -6 10 -7 -10 15 12 -12 27 -5 -4 24 -8 -15 21 -17 -20 -18 -24 -2 -26 -19 -3 -29 -30
right_child=2 13 3 14 6 8 17 -9 9 -11 11 -13 -14 18 -16 20 22 26 19 -21 -22 -23 23 -25 25 -27 -28 28 29 -31
leaf_value=-0.073343455539163618 0.13225500423511163 -0.096246458228183077 -0.025740409024436101 0.072309972127502661 0.1017773575601037 -0.073733721608952696 -0.090326626361061368 0.0984657114414971 0.017670897725472184 0.14483010871255214 0.056167005742679604 0.095812648434159139 -0.042959680939469294 -0.094044597718335177 0.10951125248279614 0.050423154559222777 -0.10158443571098466 0.0057594754128896392 -0.072751349785652647 0.040480524184711923 0.020630962367878695 0.0083070758684413264 0.017710183628470235 1.2715119222561271 -0.05864833984997922 0.039558485215183549 -0.099223353652061072 -0.096638925591821495 -0.034568617026265652 0.1627340936533288
leaf_weight=2181.1127479900606 294.73356082942337 42261.242480785586 1335.8295022659004 6048.2380251791328 358.29043927835301 641.26821337593719 3047.3245584042743 2147.0081483200192 9345.1156193478964 510.71636414248496 2705.6565693924204 3931.9247616827488 926.61053767893463 2810.4947763476521 8265.9552465118468 7955.9944540364668 417.21307267108932 914.24793441686779 3427.1437026285566 646.44416020764038 6658.1570182424039 548.56939368834719 353.5171305378899 2.1786142685450605 696.22409969987348 5269.60338462051 386.78572125080973 6207.2137981504202 709.07542779669166 452.44431096501648
leaf_count=297049 1958 7111186 24037 54983 4586 70144 422192 17245 215684 3814 15067 35452 10904 460660 83979 42659 23324 45861 469686 22505 37615 47467 17431 58 37697 48206 37761 1043444 95834 47005
internal_value=-0.0215793 -0.0726877 0.0473428 0.0637144 -0.0084026 0.0025122 -0.0577696 0.0469364 0.0182737 0.0242601 0.0422314 0.0646321 0.0308793 -0.0893957 0.0937924 0.0316079 0.0246328 -0.0709158 -0.0649722 -0.0472948 0.0368499 -0.0615669 -0.0431505 0.0253896 0.0330011 0.0280976 -0.025451 -0.0930534 -0.0747404 0.0422863
internal_weight=121456 69740.8 51715.5 39975.4 11740.1 12678.2 4706.65 25661.2 10497.1 9855.83 23514.2 7564.19 3632.27 57062.6 14314.2 15950 7033.47 4348.36 7432.65 4622.16 14614.2 3975.71 772.909 355.696 6260.56 5965.83 1301.03 49630 7368.73 1161.52
internal_count=10845493 9884478 961015 321941 639074 586691 510400 182979 289642 219498 165734 61423 25971 9297787 138962 104311 128674 505814 1000318 539658 80274 517153 40813 17489 87861 85903 83622 8297469 1186283 142839
is_linear=0
shrinkage=0.1


Tree=16
num_leaves=31
num_cat=0
split_feature=8 2 2 0 7 3 2 0 6 0 3 7 7 1 5 2 7 7 7 2 1 0 2 0 5 0 8 2 7 5
split_gain=37547.3 7671.6 4016.42 2354.31 1476.63 1462.76 979.327 3707.72 826.331 747.292 623.617 858.339 591.64 698.43 504.41 858.811 966.335 962.292 1099.04 1633.72 472.756 420.706 400.912 398.992 391.499 458.496 354.417 342.879 353.433 332.255
threshold=13.500000000000002 0.37797619047619052 0.15075757575757578 0.16025641025641027 23.877406023321381 1.0000000180025095e-35 0.13188405797101452 0.31666666666666671 1.0000000180025095e-35 0.31666666666666671 1.0000000180025095e-35 35.918357276654177 11.053629349151615 1.5000000000000002 1.0000000180025095e-35 0.30217391304347835 12.026362710572394 15.395487184129708 13.851027281169431 0.24568965517241384 2.5000000000000004 0.64583333333333337 0.16472868217054268 0.86607142857142871 1.0000000180025095e-35 0.86607142857142871 17.500000000000004 0.27888888888888896 12.61813447699882 1.0000000180025095e-35
decision_type=2 2 2 2 2 2 2 2 2 2 2 2 2 2 2 2 2 2 2 2 2 2 2 2 2 2 2 2 2 2
left_child=2 6 4 8 -1 20 -2 -8 10 -3 -4 -12 -9 14 -14 16 -16 18 22 -20 -5 -15 -18 -7 -22 -26 -19 28 -24 -11
right_child=1 9 3 5 -6 23 7 12 -10 29 11 -13 13 21 15 -17 17 26 19 -21 24 -23 27 -25 25 -27 -28 -29 -30 -31
leaf_value=-0.083809581149819679 -0.092957345391560531 -0.036188261881623468 0.15376583608273403 0.066005555086898413 0.0072723881110480296 0.074616355825578115 -0.093821426130785493 -0.092045630715203802 -0.065638544137765958 0.013186406441551602 -0.063148921616574538 0.031927685854292683 0.085637845066905596 -0.025439941377161292 0.31587161879041858 0.14403124247504595 0.55615478911771488 2.4103234485539335 11.486044500618574 2.4041909252890417 0.023224126657708871 0.061858132926326727 1.8598182429588173 0.10963405169648349 0.0021702461997878566 0.10657912444998639 0.32540035099319181 0.83578500571881742 3.7800028445641622 0.059043871021450867
leaf_weight=2264.3174620238133 43041.968109612819 2085.344158610329 346.84857083437964 10322.386080496013 8320.8354065255262 5684.6531351599842 8722.6032470329665 334.3710554940626 1232.1720264451578 3722.1121158767492 1135.3570069004782 5801.6361925583333 123.48320792010054 810.94359431508929 22.239758307114244 57.448627971112728 2.2835713252425212 0.91495619108900239 0.29343854449689377 0.60948433540761471 6861.6320571131073 1729.0938898106106 2.4479595450684428 7609.0723642967641 611.95017143618315 1345.0194707494229 7.4881493537686765 1.48965547978878 1.5754891959950326 2745.3310594670475
leaf_count=351057 7795104 149996 2500 75011 252890 54013 1541005 35434 102453 21655 111347 74711 9773 46268 2585 427 326 79 42 20 40381 54463 301 83844 5970 12820 508 42 190 20278
internal_value=-0.0206991 -0.0722228 0.0426981 0.0568914 -0.0122114 0.0691775 -0.0859565 -0.0604573 0.0100977 0.0158675 0.0229096 0.0163668 0.0335821 0.0488 0.219613 0.390534 0.750482 1.31564 2.05285 5.35568 0.0514795 0.033987 1.67035 0.0946598 0.0344765 0.0739302 0.552413 2.13186 2.61172 0.0326522
internal_weight=114948 63412 51535.9 40950.7 10585.2 32434.7 54859.3 11817.3 8516.01 8552.79 7283.84 6936.99 3094.68 2760.31 220.274 96.7911 39.3425 17.1027 8.6996 0.902923 19141 2540.04 7.79668 13293.7 8818.6 1956.97 8.40311 5.5131 4.02345 6467.44
internal_count=10845493 9678496 1166997 563050 603947 272039 9486567 1691463 291011 191929 188558 186058 150458 115024 14293 4520 4093 1508 921 62 134182 100731 859 137857 59171 18790 587 533 491 41933
is_linear=0
shrinkage=0.1


Tree=17
num_leaves=31
num_cat=0
split_feature=8 2 2 0 0 7 3 5 2 2 0 2 0 3 7 6 8 6 0 1 0 7 1 5 6 0 2 7 7 3
split_gain=32829.2 7201.88 3406.66 2113.62 1890.66 1311.48 974.744 995.483 710.361 506.908 501.188 2244.47 484.833 646.387 758.349 391.74 452.677 356.805 337.866 306.782 306.24 291.677 304.104 271.378 481.308 263.546 252.928 242.1 368.933 241.753
threshold=13.500000000000002 0.26201372997711675 0.18019480519480521 0.86607142857142871 0.31666666666666671 23.877406023321381 1.0000000180025095e-35 1.0000000180025095e-35 0.90692640692640702 0.5590277777777779 0.47727272727272735 0.15075757575757578 0.16025641025641027 1.0000000180025095e-35 36.627436471204071 1.0000000180025095e-35 3.5000000000000004 1.0000000180025095e-35 0.73214285714285732 2.5000000000000004 0.47727272727272735 23.256712811036728 2.5000000000000004 1.0000000180025095e-35 1.0000000180025095e-35 0.16025641025641027 0.76696832579185525 17.973021508147554 13.720535140492407 1.0000000180025095e-35
decision_type=2 2 2 2 2 2 2 2 2 2 2 2 2 2 2 2 2 2 2 2 2 2 2 2 2 2 2 2 2 2
left_child=2 10 5 8 9 -1 7 15 12 27 -2 21 13 -4 -15 26 -17 -16 -14 -13 -7 -12 -23 24 -6 -10 -5 28 -3 -20
right_child=1 4 3 6 23 20 -8 -9 25 -11 11 19 18 14 17 16 -18 -19 29 -21 -22 22 -24 -25 -26 -27 -28 -29 -30 -31
leaf_value=-0.08014891430981598 -0.096261180663529761 -0.069761468760409659 0.14992152705159664 0.047094197013212706 0.029146478754934181 -0.073269908140419573 0.10799535430274546 0.10785410647443064 0.042371923807873357 0.015892214185715427 -0.090334139184419945 0.097277395233969 0.046255818251828729 -0.066950239268183748 0.025156779279896686 0.045290672766514821 -0.038047288639665 -0.054001365870061685 -0.0094336328338014228 -0.028448298895529869 0.011505666788928576 -0.016991394905222765 -0.080188629206397008 0.047786171866036335 -0.047062679491515887 0.098075750298400891 0.10639617748448021 -0.085700002136535294 0.1418473155290437 0.073053756635928682
leaf_weight=2132.6074313195422 29087.134650140535 249.40938033815473 287.07369748270139 4254.4693458648399 3408.5312827052549 448.86792941810563 6934.0178479026072 3110.7085033962503 1511.9704212136567 749.51916175335646 13542.322534751613 796.45978706225287 8689.397537543904 1457.7051109950989 4401.9587562261149 1532.7847920656204 1133.9858420067467 654.03432267904282 2084.8572612907737 256.61095152283087 8403.8938080701046 1199.1916526025161 2085.781593087595 3484.1030797893181 1094.9342663288116 1938.0551061276346 865.5317369773984 2787.2276520808227 123.03486434649676 428.29115730524063
leaf_count=357660 5884972 20256 2193 20272 26279 49443 83571 32509 10441 15074 2717573 43370 68980 155850 62563 8588 6758 44429 16008 9840 218702 167152 325695 26403 9321 18302 6261 428106 4455 4467
internal_value=-0.019873 -0.070558 0.0394769 0.0532427 -0.00105851 -0.00975136 0.0786849 0.0600348 0.0320958 -0.0580429 -0.088162 -0.0749866 0.02413 0.00306806 -0.00340411 0.0409317 0.00985303 0.014917 0.0369162 0.0666407 0.00720723 -0.0838498 -0.0571182 0.0268302 0.0106176 0.0736636 0.0571191 -0.0755814 0.000142305 0.00462388
internal_weight=109134 58864.3 50270.2 39284.8 11896.8 10985.4 17831.5 10897.5 21453.3 3909.19 46967.5 17880.4 18003.3 6800.77 6513.7 7786.77 2666.77 5055.99 11202.5 1053.07 8852.76 16827.3 3284.97 7987.57 4503.47 3450.03 5120 3159.67 372.444 2513.15
internal_count=10845493 9678496 1166997 541192 529894 625805 157959 74388 383233 467891 9148602 3263630 354490 265035 262842 41879 15346 106992 89455 53210 268145 3210420 492847 62003 35600 28743 26533 452817 24711 20475
is_linear=0
shrinkage=0.1


Tree=18
num_leaves=31
num_cat=0
split_feature=8 2 2 0 0 7 3 5 2 0 2 2 0 3 7 2 6 8 6 3 0 2 0 8 5 7 1 2 7 7
split_gain=28640.1 6770.97 2903.03 2006.19 1611.14 1184.16 1091.98 931.885 642.265 526.657 2009.05 466.475 437.263 641.918 695.496 390.721 389.266 355.908 315.189 309.756 289.019 279.889 272.427 255.586 292.716 254.298 247.007 239.732 223.324 309.623
threshold=13.500000000000002 0.26201372997711675 0.13188405797101452 0.86607142857142871 0.31666666666666671 23.877406023321381 1.0000000180025095e-35 1.0000000180025095e-35 0.90692640692640702 0.47727272727272735 0.13840996168582378 0.5590277777777779 0.16025641025641027 1.0000000180025095e-35 37.521046829444565 1.0000000180025095e-35 1.0000000180025095e-35 3.5000000000000004 1.0000000180025095e-35 1.0000000180025095e-35 0.73214285714285732 0.22902097902097904 0.16025641025641027 3.5000000000000004 1.0000000180025095e-35 23.256712811036728 2.5000000000000004 0.76696832579185525 17.973021508147554 14.018128325212766
decision_type=2 2 2 2 2 2 2 2 2 2 2 2 2 2 2 2 2 2 2 2 2 2 2 2 2 2 2 2 2 2
left_child=2 9 5 8 11 -1 7 16 12 -2 19 28 13 -4 -15 23 27 -18 -16 25 -14 -12 -10 -7 -25 -11 -27 -5 29 -3
right_child=1 4 3 6 -6 15 -8 -9 22 10 21 -13 20 14 18 -17 17 -19 -20 -21 -22 -23 -24 24 -26 26 -28 -29 -30 -31
leaf_value=-0.082585971812495981 -0.095786071656458083 -0.059693089286932559 0.15240836726540258 0.043890443187279672 0.024217000971314472 0.042933845316425454 0.10698750676418785 0.10153254422591979 0.037773714277237691 -0.089926456068091992 0.025624243042195405 0.014157077572055879 0.041727934748209468 -0.063164937589728021 0.022627580518014133 -0.036952233965410475 0.037455010663927431 -0.034774483329199933 -0.052928636343826857 0.22725663862404627 0.0033310694892364034 0.14314519035719153 0.095180688583451328 -0.01510326569292824 0.045139059645331756 -0.020766606958246583 -0.079662179305259859 0.10332432059737687 -0.084276881973382969 0.14475468578887973
leaf_weight=1896.3731517875567 26443.209984799614 253.64817697508261 269.70343895303085 4317.1330051054247 7964.3027938245796 2336.8687496511266 6404.0880471765995 3100.5658650812693 1525.6488002482802 12304.429951989558 967.86294316500425 756.83480410091579 8805.1459779669531 1566.8001069030724 4396.3628803309985 1732.0462818774395 1608.8418078757823 1184.4237156310119 631.41299505997449 32.137680376879871 2521.7994825197384 256.32363421213813 1804.252329243347 2942.460379450582 1111.1556280250661 1137.5629909429699 1903.9893126646057 805.25676234811544 2562.450067714788 104.63016801141202
leaf_count=346415 5884972 21300 2290 21585 62003 26345 83972 34810 10441 2706974 56129 15074 74717 177735 62183 55523 9122 7991 45818 1258 20886 8777 18302 137402 25199 166121 324371 6261 428106 3411
internal_value=-0.0189847 -0.0687225 0.036571 0.0489221 -0.00106208 -0.0114354 0.0741503 0.0550609 0.0285012 -0.0870216 -0.073062 -0.0558076 0.0211101 0.00119422 -0.0049901 0.00517616 0.036858 0.00682766 0.0131389 -0.0828768 0.0331794 0.0502311 0.0688787 0.0165944 0.00141004 -0.0835263 -0.0576348 0.0532336 -0.0739373 1.30173e-05
internal_weight=103648 54687.4 48960.3 38941.4 11641.9 10018.9 17420.3 11016.2 21521.1 43045.5 16602.3 3677.56 18191.2 6864.28 6594.58 8122.53 7915.66 2793.27 5027.78 15378.1 11326.9 1224.19 3329.9 6390.48 4053.62 15346 3041.55 5122.39 2920.73 358.278
internal_count=10845493 9678496 1166997 576113 529894 590884 163741 79769 412372 9148602 3263630 467891 383629 288026 285736 244469 44959 17113 108001 3198724 95603 64906 28743 188946 162601 3197466 490492 27846 452817 24711
is_linear=0
shrinkage=0.1


Tree=19
num_leaves=31
num_cat=0
split_feature=8 2 2 0 3 7 3 5 2 0 2 0 3 7 7 7 0 3 7 0 1 7 7 0 6 8 6 1 2 5
split_gain=25009.2 5941.06 2738.49 1871.95 1326.23 1203.19 1055 930.318 552.988 484.095 1690.5 373.024 532.49 633.011 354.274 341.885 341.243 289.002 384.55 281.608 280.105 438.23 328.305 275.253 272.644 311.596 269.546 256.796 243.473 237.684
threshold=15.500000000000002 0.26201372997711675 0.19292803970223329 0.86607142857142871 1.0000000180025095e-35 23.877406023321381 1.0000000180025095e-35 1.0000000180025095e-35 0.90692640692640702 0.47727272727272735 0.13840996168582378 0.16025641025641027 1.0000000180025095e-35 35.918357276654177 24.657580295307813 22.089940312702574 0.47727272727272735 1.0000000180025095e-35 112.90503040955561 0.16025641025641027 2.5000000000000004 61.693175783431279 51.128109545440033 0.47727272727272735 1.0000000180025095e-35 3.5000000000000004 1.0000000180025095e-35 2.5000000000000004 0.75595238095238104 1.0000000180025095e-35
decision_type=2 2 2 2 2 2 2 2 2 2 2 2 2 2 2 2 2 2 2 2 2 2 2 2 2 2 2 2 2 2
left_child=2 9 5 8 15 -1 7 24 11 -2 -11 12 -4 -14 -6 -3 -7 -13 -19 -10 22 -22 -18 -17 28 -26 -15 -20 -5 -12
right_child=1 4 3 6 14 16 -8 -9 19 10 29 17 13 26 -16 23 20 18 27 -21 21 -23 -24 -25 25 -27 -28 -29 -30 -31
leaf_value=-0.07608126258484188 -0.095470136776933667 0.036153741688961828 0.14319955781392721 0.038477477996156279 -0.092387850305718999 -0.071792524451759307 0.1053987802507195 0.10267817039957926 0.033418150189642386 -0.082491956192896121 0.0024328871827142334 0.019654066356253455 -0.065618632464007939 0.019509322981968134 -0.023371802156635462 -0.087330082291332836 0.021808559270826495 0.07030365420112418 -0.067241136977151852 0.092352888866761296 -0.034306227501936591 0.025843179647199302 0.13390636329110187 0.0045639701395195969 0.037826678429116717 -0.031463398868408904 -0.050598238175045121 0.050642613001029971 0.099765083081902239 0.091796376823117254
leaf_weight=2227.5338269954082 23721.402430981863 4814.2407975192182 253.43446506373584 4159.4995363270864 1525.2638314398937 537.77369136875495 5790.6428852612153 2677.86823135335 1553.1384300198406 13808.226866426412 700.45410683983937 7837.0272619416937 1348.566319163423 4624.5893901097588 1451.638348295819 376.13982742559165 3817.5701315784827 2884.2685504700057 383.88762396946549 1696.2757518645376 2574.8587388712913 2287.2241346882656 280.46074790041894 2443.0776805952191 1521.3385015167296 1131.8675049981102 622.1897959834896 356.30341040343046 767.85219061374664 517.5444464358734
leaf_count=450855 5806760 43321 2289 20197 292145 71720 83438 32507 10745 3130901 41253 53354 176909 69386 136826 10437 105034 30797 3942 18439 91834 47231 2446 16247 8470 6822 48880 3962 6398 21948
internal_value=-0.0180918 -0.0684191 0.0322598 0.0454152 -0.0021195 -0.00993526 0.0712734 0.0520104 0.0261662 -0.0865741 -0.0725302 0.0194195 0.000955137 -0.00451078 -0.0587333 0.0199588 0.00557793 0.0304529 0.0538027 0.0641836 0.0102216 -0.0060107 0.0294803 -0.00769653 0.0341118 0.00826727 0.0111956 -0.0104958 0.0480282 0.0404047
internal_weight=98692.2 49358 49334.2 37608.7 10610.4 11725.4 16049.1 10258.4 21559.7 38747.6 15026.2 18310.3 6848.78 6595.35 2976.9 7633.46 9497.89 11461.5 3624.46 3249.41 8960.11 4862.08 4098.03 2819.22 7580.56 2653.21 5246.78 740.191 4927.35 1218
internal_count=10845493 9499838 1345655 576535 498976 769120 157832 74394 418703 9000862 3194102 389519 297464 295175 428971 70005 318265 92055 38701 29184 246545 139065 107480 26684 41887 15292 118266 7904 26595 63201
is_linear=0
shrinkage=0.1


Tree=20
num_leaves=31
num_cat=0
split_feature=8 2 2 0 3 0 7 5 0 2 2 2 0 3 7 2 0 6 3 7 1 2 0 7 5 2 2 2 1 2
split_gain=21788.7 5600.62 2318.97 1786.18 1138.93 1133.2 1090.68 855.613 508.021 1553.26 501.016 411.645 352.888 557.836 589.111 279.934 279.517 277.021 276.355 338.035 268.127 262.526 245.603 232.308 278.048 227.121 224.48 216.139 205.146 203.639
threshold=15.500000000000002 0.26201372997711675 0.15075757575757578 0.86607142857142871 1.0000000180025095e-35 0.31666666666666671 24.89586131266449 1.0000000180025095e-35 0.47727272727272735 0.11583184257602865 0.90692640692640702 0.5590277777777779 0.16025641025641027 1.0000000180025095e-35 35.918357276654177 0.32738095238095244 0.16025641025641027 1.0000000180025095e-35 1.0000000180025095e-35 112.90503040955561 2.5000000000000004 1.0000000180025095e-35 0.73214285714285732 23.256712811036728 1.0000000180025095e-35 0.90692640692640702 0.76696832579185525 0.21132376395534294 2.5000000000000004 0.30217391304347835
decision_type=2 2 2 2 2 2 2 2 2 2 2 2 2 2 2 2 2 2 2 2 2 2 2 2 2 2 2 2 2 2
left_child=2 8 6 10 7 11 -1 17 -2 23 12 -3 13 29 -15 -16 -12 26 22 -20 -19 -8 -14 -10 -25 -7 -5 -11 -21 -4
right_child=1 5 3 4 -6 25 21 -9 9 27 16 -13 18 14 15 -17 -18 20 19 28 -22 -23 -24 24 -26 -27 -28 -29 -30 -31
leaf_value=-0.074088558848463729 -0.094937243006103414 -0.072281857543596714 0.37431306712299101 0.036404719825760504 0.10463494242571592 0.015262524737475689 0.014702285909126207 0.096315582778424669 -0.088518093785410312 0.00047224854289653717 0.029863377534847899 0.018098881217801257 0.027731784929058714 -0.064526923647236376 -0.067826568263572626 0.015506603191067642 0.089487482620759909 0.030892127892792588 0.066661646357261059 -0.057606778452391587 -0.032745639967568317 -0.02691563429811146 -0.011584929506155812 -0.06760827192028504 0.030436147849820662 0.098475323215291288 0.097419613426000667 0.082638860160476751 0.047703787437291749 0.11123697854590681
leaf_weight=2197.5901733810315 21578.52984275925 2406.792431765236 34.378237613011152 4241.9938770276494 5354.9152747746557 7050.1497062528506 6486.941480464302 2700.7120576286688 10091.343258691486 978.6919166885782 1563.624186469242 637.38630899786949 5904.191105108941 1386.6551145135891 439.30525085749105 4892.1501808748581 1581.5055424384773 1662.1236783703789 2789.0588718709769 402.21796374022961 1100.4130999036133 1977.8161051194184 2173.8197655109689 2104.6754981433041 335.33681704150513 344.00740100443363 702.89768508076668 475.77145972952712 342.48391066491604 204.16752845235169
leaf_count=458335 5806760 428367 313 21474 83927 54487 197816 34482 2640154 81799 10745 12467 42094 202297 49333 78491 18439 9967 31431 3942 6658 66892 16676 417589 39135 3655 6315 15425 3964 2064
internal_value=-0.0171989 -0.066412 0.0298303 0.0415373 0.0671602 -0.00200723 -0.0113181 0.0478796 -0.0853152 -0.0704695 0.0229362 -0.0533581 0.0166846 -0.00112602 -0.00646201 0.00864005 0.0598449 0.0309075 0.0273551 0.0506799 0.00554302 0.00497813 0.0171515 -0.081823 -0.0541338 0.0191339 0.0450778 0.0273499 -0.00917508 0.14915
internal_weight=94141.6 46002.7 48139 37476.6 15763.1 10438.3 10662.3 10408.1 35564.3 13985.8 21713.6 3044.18 18568.4 6956.66 6718.11 5331.46 3145.13 7707.43 11611.8 3533.76 2762.54 8464.76 8078.01 12531.4 2440.01 7394.16 4944.89 1454.46 744.702 238.546
internal_count=10845493 9499838 1345655 622612 162823 498976 723043 78896 9000862 3194102 459789 440834 430605 332498 330121 127824 29184 44414 98107 39337 16625 264708 58770 3096878 456724 58142 27789 97224 7906 2377
is_linear=0
shrinkage=0.1


Tree=21
num_leaves=31
num_cat=0
split_feature=8 2 2 0 3 7 3 5 0 2 2 0 3 7 6 2 7 7 0 3 7 6 8 2 0 2 2 0 7 5
split_gain=18977.2 5145.51 2061.63 1646.89 1209.48 1080.13 984.789 767.71 502.154 1377.81 453.234 327.982 570.811 594.074 335.045 323.778 316.431 314.68 313.987 272.663 284.839 251.467 231.151 215.607 211.745 639.168 210.863 206.057 205.894 224.621
threshold=16.500000000000004 0.26201372997711675 0.12060606060606062 0.86607142857142871 1.0000000180025095e-35 23.469758254960094 1.0000000180025095e-35 1.0000000180025095e-35 0.47727272727272735 0.11583184257602865 0.93933823529411775 0.19090909090909094 1.0000000180025095e-35 27.733807560600553 1.0000000180025095e-35 1.0000000180025095e-35 24.89586131266449 26.702981270565981 0.16025641025641027 1.0000000180025095e-35 112.90503040955561 1.0000000180025095e-35 3.5000000000000004 0.75595238095238104 0.080128205128205135 0.31009615384615391 0.72474747474747481 0.38750000000000007 23.256712811036728 1.0000000180025095e-35
decision_type=2 2 2 2 2 2 2 2 2 2 2 2 2 2 2 2 2 2 2 2 2 2 2 2 2 2 2 2 2 2
left_child=2 8 5 10 7 -1 17 21 -2 28 11 12 -4 -14 -15 -7 -8 24 -12 -13 -21 23 -23 -5 25 -3 -26 -18 -10 -30
right_child=1 6 3 4 -6 15 16 -9 9 -11 18 19 13 14 -16 -17 27 -19 -20 20 -22 22 -24 -25 26 -27 -28 -29 29 -31
leaf_value=-0.081562277248015513 -0.094512145669347028 1.5146998678782118 0.14802700268394248 0.033163533036689639 0.10375772878777759 0.011973368892639745 -0.089952983494195241 0.089645117897479365 -0.087395029226865636 0.022472546871183694 0.025783805325072337 0.015115783561310409 -0.08059289911607273 0.013489006634587495 -0.056225441599484963 -0.038246261008209985 -0.03556145819255984 -0.027197388073523378 0.091694042819216892 0.063883315266815788 -0.0045628373489251944 0.028867348708553106 -0.028714525508047609 0.094219329148073711 0.010854879864506711 0.10388308610086464 0.053230350440120006 0.08342207161668945 -0.066700676964336666 0.022830677835277553
leaf_weight=1865.9509919430129 19497.370414234698 3.263525264337658 244.19775963691063 4292.698527473025 4925.9308269368485 6831.7164475372992 1305.5831140587106 2702.0297484551556 9172.9794204249047 1458.1344954499509 1521.4054636973888 8429.5468226650264 958.93097943346947 5175.046897520544 795.32558633945882 1580.8858542726375 1091.9309009760618 1346.9763653567061 1376.9202241972089 2688.7671603618655 785.65263888239861 1620.307128618937 1223.6123849670403 668.43715334683657 4178.9476200058125 200.45932239294052 1633.2124524265528 167.93597518093884 1912.5523666709196 328.32616482116282
leaf_count=453157 5766013 84 2982 23186 84150 238034 291386 36938 2620282 96020 10402 67283 183381 108715 79303 65317 123261 15595 17258 31385 8412 9249 9292 6431 38942 1315 12430 1513 406309 37468
internal_value=-0.0163145 -0.0650756 0.0269356 0.0378345 0.0628721 -0.0127309 -0.00209808 0.0437041 -0.084392 -0.0690629 0.0202513 0.0146537 -0.00223691 -0.0075324 0.0042022 0.00253616 -0.0554531 0.0164925 0.0570961 0.0248322 0.0484059 0.0277998 0.00409242 0.0413899 0.0262748 0.126484 0.0227624 -0.0197014 -0.0807567 -0.0535828
internal_weight=89985 42297.7 47687.4 37408.8 15433 10278.6 9928.31 10507.1 32369.4 12872 21975.8 19077.5 7173.5 6929.3 5970.37 8412.6 2565.45 7362.86 2898.33 11904 3474.42 7805.06 2843.92 4961.14 6015.88 203.723 5812.16 1259.87 11413.9 2240.88
internal_count=10845493 9410618 1434875 678367 169246 756508 484526 85096 8926092 3160079 509121 481461 374381 371399 188018 303351 416160 68366 27660 107080 39797 48158 18541 29617 52771 1399 51372 124774 3064059 443777
is_linear=0
shrinkage=0.1


Tree=22
num_leaves=31
num_cat=0
split_feature=8 2 2 0 3 7 3 5 0 2 0 3 2 0 7 0 2 0 0 5 1 7 1 7 7 2 3 6 1 3
split_gain=16534.5 4548.44 1923.87 1414.84 1085.05 1034.7 811.324 786.826 475.459 1214.19 398.409 377.77 367.121 303.2 282.552 274.504 240.526 238.059 306.101 911.494 404.595 582.638 218.152 334.703 232.528 216.365 212.921 276.211 212.643 299.972
threshold=18.500000000000004 0.26201372997711675 0.21132376395534294 0.86607142857142871 1.0000000180025095e-35 22.997525069179865 1.0000000180025095e-35 1.0000000180025095e-35 0.47727272727272735 0.11583184257602865 0.47727272727272735 1.0000000180025095e-35 0.93933823529411775 0.16025641025641027 26.702981270565981 0.55050505050505061 0.84807692307692317 0.47727272727272735 0.61250000000000016 1.0000000180025095e-35 3.5000000000000004 136.28990979692213 2.5000000000000004 45.772188005600235 49.431770892224058 0.81534090909090928 1.0000000180025095e-35 1.0000000180025095e-35 1.5000000000000002 1.0000000180025095e-35
decision_type=2 2 2 2 2 2 2 2 2 2 2 2 2 2 2 2 2 2 2 2 2 2 2 2 2 2 2 2 2 2
left_child=2 8 5 12 7 -1 14 16 -2 -10 -7 22 17 -14 -3 25 -5 28 -19 26 21 -21 24 -24 -12 -8 27 -20 29 -4
right_child=1 6 3 4 -6 10 15 -9 9 -11 11 -13 13 -15 -16 -17 -18 18 19 20 -22 -23 23 -25 -26 -27 -28 -29 -30 -31
leaf_value=-0.073702177696759005 -0.094092051941591287 0.023338889801637112 0.065945656882777134 0.021051177232492915 0.10173617498660481 -0.06860647569663425 -0.068652423292284118 0.0945574806322802 -0.080086128211388358 0.018124047418797116 0.012844097413671594 0.13683015369376098 0.023257524055836816 0.089026066377050003 -0.030233261568798971 0.084009770680265716 0.095396256965211354 0.048651276138501759 0.0054551002750619394 -0.083973174163002373 0.084649470498717974 -0.56825361575834965 -0.058581294567293191 0.0044274378307945245 0.081811901770578163 0.17869871868884335 0.074032473735945944 0.069020417764244266 -0.05638886261045245 0.0010827948610999856
leaf_weight=2109.0098635382019 17487.767899410333 5720.7735554678366 784.41346119786613 6800.3925690683536 4393.4037925247103 722.19382839486934 2042.8410942805931 2159.5863301120698 10277.471194683574 1434.5637181667844 3905.0525865685195 223.66489042085595 1537.6033369768411 1288.2416350357234 1189.1554360147566 132.63489562273026 464.91881092637777 3598.4430545065552 3004.9016292793676 877.5003521554172 140.65457425266504 25.566872291266918 1067.733205215307 4006.5463686296716 558.81408232310787 35.986809376627207 894.16283274814487 884.90994410216808 564.06593181937933 7831.5434980052523
leaf_count=554696 5681892 51026 7043 37194 83163 126971 390085 32612 2999505 93743 149069 1684 10561 17324 14330 1171 4551 26165 17831 9270 1610 265 67542 94340 5760 647 10865 4713 7149 342716
internal_value=-0.0154473 -0.0643939 0.0237575 0.0357431 0.0606935 -0.00979254 -0.00275266 0.0415615 -0.0836493 -0.0680567 0.00306381 0.00836609 0.0196564 0.05324 0.0141195 -0.0554712 0.0258086 0.0145558 0.0257185 0.0115581 -0.073112 -0.0976837 0.00535367 -0.0088309 0.0214779 -0.0643705 0.0300307 0.0199158 0.00309385 0.00698804
internal_weight=86164.5 38321.2 47843.3 35250.3 13818.3 12593 9121.39 9424.9 29199.8 11712 10484 9761.81 21432 2825.84 6909.93 2211.46 7265.31 18606.2 9426.14 5827.7 1043.72 903.067 9538.15 5074.28 4463.87 2078.83 4783.97 3889.81 9180.02 8615.96
internal_count=10845493 9232399 1613094 613032 157520 1000062 457259 74357 8775140 3093248 445366 318395 455512 27885 65356 391903 41745 427627 70719 44554 11145 9535 316711 161882 154829 390732 33409 22544 356908 349759
is_linear=0
shrinkage=0.1


Tree=23
num_leaves=31
num_cat=0
split_feature=8 2 8 0 2 0 7 3 3 7 7 2 0 2 6 0 3 1 2 8 0 8 2 7 5 5 6 2 0 2
split_gain=14388.6 4180.03 1765.41 1302.36 1126.81 946.738 784.996 633.833 629.465 573.162 524.028 420.531 352.393 638.478 294.41 288.754 432.653 261.416 259.328 1026.13 2348.91 1087.06 930.928 1086.09 253.934 245.392 400.703 235.074 211.324 195.587
threshold=19.500000000000004 0.22902097902097904 2.5000000000000004 0.31666666666666671 0.11583184257602865 0.19090909090909094 23.469758254960094 1.0000000180025095e-35 1.0000000180025095e-35 38.519503317171605 35.918357276654177 0.43303571428571436 0.47727272727272735 0.11583184257602865 1.0000000180025095e-35 0.86607142857142871 1.0000000180025095e-35 2.5000000000000004 0.30217391304347835 6.5000000000000009 0.07417582417582419 15.500000000000002 0.267948717948718 14.018128325212766 1.0000000180025095e-35 1.0000000180025095e-35 1.0000000180025095e-35 0.86811594202898557 0.84523809523809534 0.26491228070175443
decision_type=2 2 2 2 2 2 2 2 2 2 2 2 2 2 2 2 2 2 2 2 2 2 2 2 2 2 2 2 2 2
left_child=2 12 9 11 6 7 -4 18 17 -1 -9 -3 -2 -14 -12 27 -17 -7 19 -6 21 29 23 -23 -8 26 -5 -11 -10 -21
right_child=1 3 4 25 5 8 24 10 28 15 14 -13 13 -15 -16 16 -18 -19 -20 20 -22 22 -24 -25 -26 -27 -28 -29 -30 -31
leaf_value=-0.007987805465563616 -0.094185144374428792 -0.081737027735311135 -0.078794144297482105 0.018972637626228053 0.15662011491369476 0.034225784815695624 -0.018564070289339249 -0.067214257434265831 0.053646147356336653 0.020681569497612434 0.0070540875144640336 0.0062072867432734543 -0.078910735700759613 0.00010943372240255194 -0.064498910018914946 0.052070936030496784 0.099946017850770882 0.0067610542901977034 0.10595735560174929 4.0784245589416157 -0.073197233346922824 7.3528279695092555 1.9046038532752274 22.83002712626616 0.023324921693791523 0.038279837295977136 -0.055592578402877839 0.073638097756508744 0.10595607547721374 2.220460632110814
leaf_weight=1413.4750605104491 14934.798653091537 2372.2771720613819 1883.747347143013 2828.2180159552954 30.236838661599904 8251.460909492569 4795.7384368840139 1542.7405414055102 2710.9032123704674 2702.8136032004841 4904.2130830946844 705.40912429289892 9377.6557871408295 1147.6523167167325 651.41995912767015 4977.0972822979093 3040.9885189197958 5975.2199282862712 201.25283092260361 1.1483524290379135 3.5946744568645954 0.1073371460661291 0.099491886794567108 0.078498587710782886 2072.6100416677073 2989.126215410186 967.14069539005868 1215.0672335773706 1079.9495752402581 1.1183815235272048
leaf_count=36766 5332455 664744 560184 29607 206 79604 276430 298079 34194 25596 86928 25707 2967888 84560 65649 41836 63487 46891 2414 104 600 34 2 25 50172 26467 11970 12300 20563 31
internal_value=-0.0145736 -0.0628984 0.0213961 -0.00762591 0.00932908 0.0200085 -0.0216078 -0.0102755 0.032339 0.0522254 -0.0156536 -0.0615801 -0.0843087 -0.0702946 -0.00133578 0.0593559 0.0702283 0.0226906 0.150374 0.396064 1.57393 3.89397 9.71111 13.8905 -0.00592354 0.0168496 -2.82159e-05 0.0371052 0.0685484 3.16173
internal_weight=82777.4 35322.3 47455.1 9862.17 34105.6 25353.5 8752.1 7336.01 18017.5 13349.4 7098.37 3077.69 25460.1 10525.3 5555.63 11936 8018.09 14226.7 237.636 36.3836 6.14674 2.55206 0.285328 0.185836 6868.35 6784.48 3795.36 3917.88 3790.85 2.26673
internal_count=10845493 9143398 1702095 758495 1522110 635324 886786 454072 181252 179985 450656 690451 8384903 3052448 152577 143219 105323 126495 3416 1002 796 196 61 59 326602 68044 41577 37896 54757 135
is_linear=0
shrinkage=0.1


Tree=24
num_leaves=31
num_cat=0
split_feature=8 2 8 0 2 7 3 0 0 6 2 5 2 0 0 1 3 7 2 7 1 7 7 3 7 3 2 2 0 2
split_gain=12473 3714.06 1617.01 1094.56 901.657 667.16 609.82 831.647 588.087 445.057 376.729 355.53 384.561 413.008 286.568 301.39 282.905 324.981 281.071 269.459 314.531 228.623 206.056 195.684 194.55 185.332 179.358 170.882 170.389 167.659
threshold=21.500000000000004 0.22902097902097904 3.5000000000000004 0.31666666666666671 0.20942982456140355 22.997525069179865 1.0000000180025095e-35 0.77500000000000013 0.19090909090909094 1.0000000180025095e-35 0.53589743589743599 1.0000000180025095e-35 0.11583184257602865 0.31666666666666671 0.47727272727272735 2.5000000000000004 1.0000000180025095e-35 26.227494986740854 0.27429467084639503 37.521046829444565 3.5000000000000004 22.152942123728202 22.089940312702574 1.0000000180025095e-35 10.521456813192303 1.0000000180025095e-35 0.97500000000000009 0.25403225806451618 0.86607142857142871 0.43303571428571436
decision_type=2 2 2 2 2 2 2 2 2 2 2 2 2 2 2 2 2 2 2 2 2 2 2 2 2 2 2 2 2 2
left_child=2 11 6 10 5 -4 19 -8 9 16 -3 -2 21 -14 -7 25 -6 -18 -10 -1 28 -13 24 26 -5 -16 -20 -26 -21 -30
right_child=1 3 4 22 8 14 7 -9 18 -11 -12 12 13 -15 15 -17 17 -19 23 20 -22 -23 -24 -25 27 -27 -28 -29 29 -31
leaf_value=-0.0068817492353955585 -0.090010609875122202 -0.077283464392499446 -0.072693765046619827 -0.057243717002178188 0.11564881335793442 -0.070513461862591373 0.035466094894881194 0.098783064070362109 0.080715276963315069 -0.079570725819506694 0.024479506167403298 -0.079517242179515113 -0.0977366956104333 0.051490399098549869 0.017187198066464248 -0.022343351366705996 -0.081380372005545501 0.0042635055704845241 0.015642454959873646 0.0041844321662657469 -0.0066594950347605144 0.0039769818828372817 -0.0094954292114447156 0.05181398965793154 0.13829159921550782 0.16319493689701653 0.11249441479614385 0.029197036264228472 0.031682894662273781 0.064042369591946743
leaf_weight=2153.8189159147623 17979.712322243024 2296.1802759857383 2079.9396074442775 252.1568917138502 203.30232596295173 665.28000574512407 5325.0284001701511 3398.2639884473756 915.73500631493516 817.54712059837766 432.27569765178487 3794.6327731327619 277.47824015421793 559.29792224848643 2883.7075630531181 3288.8259274116717 495.91869833227247 4157.0011505072471 9806.0638167280704 1065.3636796623468 1680.6888355389237 358.97383159794845 2303.5016847716179 1997.4672114625573 149.35450981266331 89.638335430063307 195.00999483466148 3712.5589438583702 3302.421674836427 3107.9626936651766
leaf_count=55144 6575891 650827 663265 5604 2452 147188 62513 76765 14001 128204 8911 1433255 107663 44527 151587 163693 122085 121013 65426 7608 12050 79411 23341 27772 8056 655 2548 28161 25703 30174
internal_value=-0.0138354 -0.0619978 0.0186404 -0.00810536 0.00294111 -0.0230257 0.0402656 0.060132 0.0155241 -0.011311 -0.0611609 -0.0834562 -0.0598416 0.00200611 -0.00811312 -0.00148383 0.000180598 -0.00486461 0.0273139 0.0249433 0.0324293 -0.0723013 0.0144514 0.0232383 0.0278595 0.0215889 0.017531 0.0334161 0.0412172 0.0473718
internal_weight=79745.1 32116.1 47629 9146.03 27595.4 9007.39 20033.5 8723.29 18588 5673.77 2728.46 22970.1 4990.38 836.776 6927.45 6262.17 4856.22 4652.92 12914.3 11310.3 9156.44 4153.61 6417.57 11998.5 4114.07 2973.35 10001.1 3861.91 7475.75 6410.38
internal_count=10845493 8965647 1879846 724900 1609889 1126388 269957 139278 483501 373754 659738 8240747 1664856 152190 463123 315935 245550 243098 109747 130679 75535 1512666 65162 95746 41821 152242 67974 36217 63485 55877
is_linear=0
shrinkage=0.1


Tree=25
num_leaves=31
num_cat=0
split_feature=8 2 7 3 8 2 0 3 5 6 5 7 2 3 0 0 0 2 0 3 0 2 2 2 7 8 7 1 5 6
split_gain=10828.9 3398.83 1426.13 927.262 905.509 903.162 552.875 445.488 399.099 805.558 354.982 351.809 350.227 349.737 344.275 314.329 310.996 287.109 287.04 430.341 284.214 1183.67 1122.49 2974.77 3576.99 241.46 231.758 226.137 205.289 264.733
threshold=22.500000000000004 0.22902097902097904 37.521046829444565 1.0000000180025095e-35 2.5000000000000004 0.15075757575757578 0.27922077922077926 1.0000000180025095e-35 1.0000000180025095e-35 1.0000000180025095e-35 1.0000000180025095e-35 22.997525069179865 0.11583184257602865 1.0000000180025095e-35 0.31666666666666671 0.61250000000000016 0.31666666666666671 0.86811594202898557 0.86607142857142871 1.0000000180025095e-35 0.080128205128205135 0.31009615384615391 0.27429467084639503 0.26201372997711675 13.514497070172826 74.500000000000014 25.809635712814043 2.5000000000000004 1.0000000180025095e-35 1.0000000180025095e-35
decision_type=2 2 2 2 2 2 2 2 2 2 2 2 2 2 2 2 2 2 2 2 2 2 2 2 2 2 2 2 2 2
left_child=2 10 5 20 17 11 7 -7 9 -6 -2 -1 -12 -8 -14 -11 -5 18 -4 -20 21 22 23 24 25 -3 28 -17 29 -22
right_child=1 3 4 16 8 6 13 -9 -10 15 12 -13 14 -15 -16 27 -18 -19 19 -21 26 -23 -24 -25 -26 -27 -28 -29 -30 -31
leaf_value=-0.076476151764084066 -0.089157980761691888 10.372966621843995 0.016031781297442781 -0.076073783553371827 0.01907372495824446 0.063717232186053172 0.016509460289937671 -0.05746591455868371 0.040990754953162276 -0.11293593889586387 -0.070544270107743848 -0.02175114025155532 -0.097397084445077067 0.13175738295069883 0.043847177755313042 0.0080653924570015644 0.04001422037009799 0.083326699065589815 0.038680146271254642 0.095926641314221336 0.016727272316096675 0.10184031310610292 0.96621702169963974 1.773162162463914 31.929612544255395 1.2511416309106695 -0.033914033600763061 -0.052516255830237203 0.037486219622141652 -0.053440725864231424
leaf_weight=2009.2486788610804 16295.096586669097 0.047740871086716097 2727.9190928731114 2021.7851278581657 13163.501153178746 365.74967403112169 7539.0837843911722 1778.2390415456612 4931.6952394156251 478.10178959835321 3826.5467767121736 2828.3202145569958 246.64456147048622 272.84463951457292 574.59566090302542 1150.7368215294555 260.50513582385611 2218.6116647161543 4704.5700865574181 1821.6024715323001 1995.2091896606144 151.66682674735785 2.8531522266566753 0.63946001417934895 0.081174273509532213 0.07399835018441081 1090.5278490569908 1326.3208706509322 2497.5660796854645 736.04213464213535
leaf_count=696549 6519838 20 26052 619881 238015 8117 62410 360685 99046 39482 1499129 277717 105509 3171 43982 13469 2638 35769 38184 45487 32654 1065 55 21 34 31 16101 24450 23789 12143
internal_value=-0.0130006 -0.0603299 0.0167073 -0.00801473 0.0284162 -0.00903417 0.00818929 -0.0367929 0.0160978 0.00848147 -0.0822049 -0.0444808 -0.0578273 0.0205347 0.00142703 -0.0387008 -0.0628233 0.0510182 0.0432724 0.0546589 0.0113049 0.144926 1.9132 5.12068 15.67 4.82833 0.0080198 -0.0243726 0.0167656 -0.00218223
internal_weight=77016.4 29699.9 47316.5 8757 32523.1 14793.5 9955.92 2143.99 21050.4 16118.7 20942.9 4837.57 4647.79 7811.93 821.24 2955.16 2282.29 11472.7 9254.09 6526.17 6474.71 155.362 3.69553 0.842374 0.202913 0.121739 6319.35 2477.06 5228.82 2731.25
internal_count=10845493 8876890 1968603 708432 559954 1408649 434383 368802 414462 315416 8168458 974266 1648620 65581 149491 77401 622519 145492 109723 83671 85913 1226 161 106 85 51 84687 37919 68586 44797
is_linear=0
shrinkage=0.1


Tree=26
num_leaves=31
num_cat=0
split_feature=8 2 2 0 5 7 3 0 2 3 0 3 2 0 3 7 2 7 1 8 7 6 2 1 1 7 0 0 5 1
split_gain=9443.57 3145.81 1203.33 1001.15 1049.69 814.217 777.028 525.148 975.949 416.753 315.146 274.465 251.398 308.246 224.622 222.604 217.665 192.494 187.556 172.833 170.423 164.851 189.528 195.383 164.833 291.334 162.6 249.7 775.351 325.346
threshold=22.500000000000004 0.26201372997711675 0.21132376395534294 0.86607142857142871 1.0000000180025095e-35 23.086499753129598 1.0000000180025095e-35 0.58571428571428574 0.16472868217054268 1.0000000180025095e-35 0.47727272727272735 1.0000000180025095e-35 0.93933823529411775 0.16025641025641027 1.0000000180025095e-35 24.657580295307813 0.84807692307692317 22.089940312702574 2.5000000000000004 92.500000000000014 10.886429193916955 1.0000000180025095e-35 0.71825396825396837 2.5000000000000004 2.5000000000000004 61.693175783431279 0.47727272727272735 0.61250000000000016 1.0000000180025095e-35 3.5000000000000004
decision_type=2 2 2 2 2 2 2 2 2 2 2 2 2 2 2 2 2 2 2 2 2 2 2 2 2 2 2 2 2 2
left_child=2 7 5 12 6 -1 16 -2 14 17 -7 24 26 -14 -9 -11 21 20 -10 -17 -3 -5 23 -23 -12 -26 -4 -28 -29 -30
right_child=1 9 3 4 -6 10 -8 8 18 15 11 -13 13 -15 -16 19 -18 -19 -20 -21 -22 22 -24 -25 25 -27 27 28 29 -31
leaf_value=-0.067935524560684885 -0.089607918591183153 -0.041098945976513312 -0.0011275487547642768 0.023072611714140503 0.095073419633381159 -0.065304474951152783 0.091372831252535328 -0.070613943986792743 0.080762774544419935 -0.08725943602088515 0.015917038083668896 0.1197363208985287 0.012695892985669739 0.08255696261817283 0.20821581377236714 -0.031426493776846774 0.087793537920923578 -0.018316272109004657 -0.042683317883226601 0.10464972981462331 0.026555303113131652 0.02725967649152234 -0.078310464884899969 -0.034306951268635234 -0.032567651622413894 0.01507577394512959 0.03779045234440255 0.021603863989966162 -0.0940364333915234 0.066320538694149611
leaf_weight=2091.8498445573714 14056.581894281524 412.74344824301079 9420.0784847003742 4279.2842458765954 3413.2740357201546 686.18683319189586 1659.827621858567 5447.3011202469934 570.63679905934259 791.89209665288217 4694.5745602615643 203.35197123046964 1542.6061957944185 1069.4228329174221 29.045859522651881 588.08095783530734 392.64128105342388 1912.7015080512501 156.92223268002272 110.94812188344076 3803.4584162146784 1244.5756100248545 343.39317851513624 879.87740761134773 2708.6766488228459 2439.2872949158773 3688.8463920364156 4887.101321734488 928.75693614315242 146.47763445787132
leaf_count=754633 6328008 6773 433568 24215 72699 160434 43986 2112661 22014 254350 170339 1729 10725 17448 933 85203 4607 20159 5684 7934 33171 5941 2670 5174 131763 55349 27484 34316 9876 1647
internal_value=-0.0122548 -0.0583123 0.0152301 0.0251014 0.048001 -0.0108618 0.0297421 -0.0789122 -0.0546784 -0.00353887 0.00026278 0.00474137 0.0122035 0.0412986 -0.0691351 -0.0509555 0.0154144 0.00799574 0.0541375 -0.00982882 0.0199323 0.0112024 -0.00938084 0.00176084 0.00236551 -0.00999251 0.00821861 0.017341 0.00468906 -0.0721912
internal_weight=74600.4 27880.3 46720.1 33896.2 12212.9 12823.9 8799.6 20260.5 6203.91 7619.82 10732.1 10045.9 21683.3 2612.03 5476.35 1490.92 7139.77 6128.9 727.559 699.029 4216.2 6747.13 2467.85 2124.45 9842.54 5147.96 19071.3 9651.18 5962.34 1075.23
internal_count=10845493 8876890 1968603 694356 159292 1274247 86593 8469300 2141292 407590 519614 359180 535064 28173 2113594 347487 42607 60103 27698 93137 39944 38000 13785 11115 357451 187112 506891 73323 45839 11523
is_linear=0
shrinkage=0.1


Tree=27
num_leaves=31
num_cat=0
split_feature=8 2 8 0 2 0 7 3 0 6 0 2 2 3 2 3 7 5 2 7 1 2 7 1 7 7 2 8 8 2
split_gain=8179.74 2945.37 1061.91 773.443 602.859 563.062 522.686 489.529 789.345 462.402 392.78 543.22 338.447 303.962 231.41 220.724 336.968 217.238 199.063 172.541 242.121 162.774 158.619 231.571 358.564 154.873 154.352 153.073 184.757 136.129
threshold=22.500000000000004 0.22902097902097904 3.5000000000000004 0.31666666666666671 0.11583184257602865 0.19090909090909094 22.997525069179865 1.0000000180025095e-35 0.77500000000000013 1.0000000180025095e-35 0.47727272727272735 0.11583184257602865 0.43303571428571436 1.0000000180025095e-35 0.27429467084639503 1.0000000180025095e-35 26.702981270565981 1.0000000180025095e-35 0.88562091503267981 38.519503317171605 3.5000000000000004 0.90692640692640702 23.256712811036728 2.5000000000000004 47.756394436655604 24.657580295307813 0.97500000000000009 4.5000000000000009 5.5000000000000009 0.78759398496240618
decision_type=2 2 2 2 2 2 2 2 2 2 2 2 2 2 2 2 2 2 2 2 2 2 2 2 2 2 2 2 2 2
left_child=2 10 7 12 6 9 -4 18 -9 15 -2 22 -3 26 -15 -6 -17 -8 19 -1 -21 -5 -12 24 25 -24 -7 -18 -29 -14
right_child=1 3 4 21 5 13 17 8 -10 -11 11 -13 29 14 -16 16 27 -19 -20 20 -22 -23 23 -25 -26 -27 -28 28 -30 -31
leaf_value=-0.008221182421101975 -0.09183292259987208 -0.080612236384153241 -0.074934052527710848 0.007619850463985044 0.096103717857967577 0.013763957734927865 -0.021898397154625261 0.028511020930325537 0.095692811416136642 -0.081128700284178401 -0.079794672971248759 0.005617959679866307 -0.0097953837540523322 0.14564048010386918 0.044091144762002737 -0.077883023858210998 -0.027620322124221188 0.02083020504365625 0.084794564636134509 0.03115968953593954 -0.011530728624864395 0.092545376600982124 -0.042815330795154094 -0.072722407340920447 1.3195878304063127 0.07669402249479737 0.11061753334991548 0.057784128037624255 0.00013280622833500847 0.13694922767047393
leaf_weight=2311.7642426579405 10224.062235068406 1660.8783850772088 1544.7843478159048 5972.816964081605 212.9138909617177 11569.497337979032 4075.5317773988936 5136.9380362208467 2651.6692320406437 905.21951801073737 5360.9363934618887 1032.28245876031 489.69232375686988 255.42341557063628 1847.7257387526333 603.15042121615261 1241.1633468009531 1680.4977974561043 437.25276689603925 6670.8014293089509 1658.9096990562975 234.55070845037699 236.39518773090094 770.62165305181406 2.1072580828331402 200.32613393641077 166.91734847426414 733.10912538738921 2299.4388563765679 72.586212515830994
leaf_count=56907 5212021 623270 644137 60701 3074 112925 331477 62513 76765 190058 2496035 81639 20534 4563 27900 185117 10671 55917 7332 54656 11784 3129 74058 259615 249 44841 2589 11649 118569 798
internal_value=-0.011467 -0.0560006 0.0139517 -0.00729785 0.00128277 0.0103258 -0.023285 0.0321724 0.0513834 -0.0152738 -0.0790329 -0.0618195 -0.0579101 0.021415 0.0564241 -0.0035615 -0.00791268 -0.0094236 0.0186667 0.0159495 0.0226576 0.0108288 -0.0724147 -0.0397026 0.0182832 0.0120042 0.0151414 0.00196226 0.0140698 0.00914832
internal_weight=72260 26257.3 46002.7 8430.52 27135.4 19834.6 7300.81 18867.3 7788.61 5995 17826.7 7602.67 2223.16 13839.6 2103.15 5089.78 4876.86 5756.03 11078.7 10641.5 8329.71 6207.37 6570.39 1209.45 438.829 436.721 11736.4 4273.71 3032.55 562.279
internal_count=10845493 8876890 1968603 708432 1698646 667115 1031531 269957 139278 519138 8168458 2956437 644602 147977 32463 329080 326006 387394 130679 123347 66440 63830 2874798 378763 119148 118899 115514 140889 130218 21332
is_linear=0
shrinkage=0.1


Tree=28
num_leaves=31
num_cat=0
split_feature=8 2 8 0 2 7 0 3 3 0 5 6 2 2 0 7 3 7 0 2 1 0 0 2 7 0 3 2 7 2
split_gain=7070.51 2748.3 903.11 666.954 554.524 546.469 538.097 438.384 410.096 444.028 406.219 391.858 310.566 302.646 296.343 232.938 220.458 308.409 219.337 206.765 205.49 201.811 200.81 198.048 235.437 188.386 200.676 182.075 163.378 258.668
threshold=22.500000000000004 0.22902097902097904 2.5000000000000004 0.31666666666666671 0.11583184257602865 22.997525069179865 0.19090909090909094 1.0000000180025095e-35 1.0000000180025095e-35 0.77500000000000013 1.0000000180025095e-35 1.0000000180025095e-35 0.43303571428571436 0.10762548262548265 0.31666666666666671 22.152942123728202 1.0000000180025095e-35 26.702981270565981 0.69047619047619058 1.0000000180025095e-35 2.5000000000000004 0.86607142857142871 0.58571428571428574 0.44722222222222224 40.463638564199819 0.58571428571428574 1.0000000180025095e-35 0.4188596491228071 17.973021508147554 0.18019480519480521
decision_type=2 2 2 2 2 2 2 2 2 2 2 2 2 2 2 2 2 2 2 2 2 2 2 2 2 2 2 2 2 2
left_child=2 10 8 12 5 -4 11 20 21 -10 25 16 -3 15 -15 -12 -6 -18 28 -7 27 -1 -22 24 -23 -2 -27 -8 29 -9
right_child=1 3 4 -5 6 19 7 18 9 -11 13 -13 -14 14 -16 -17 17 -19 -20 -21 22 23 -24 -25 -26 26 -28 -29 -30 -31
leaf_value=-0.013290824153210978 -0.093278951377782665 -0.078681249284464669 -0.072889092012703299 0.0097788103653352314 0.09448588917545718 0.0019322818224328968 0.04847450210350885 2.917724448940858 0.033845212216929481 0.094458272392319409 -0.072542749721027033 -0.071356978827092993 0.008218879438983584 -0.096904599053475524 0.039653866535782158 0.023635923686927837 -0.075415378904789984 0.0015208109376643429 0.094400460064786099 -0.042882647690258735 -0.072015688510125284 -0.041025918207301316 0.0043606474748731196 0.050201094771042759 0.026980758738538241 -0.068928001143934783 0.11935574409347574 0.015189585335061598 0.036071611005091236 0.37589520819577049
leaf_weight=1404.3731550401571 9285.1033245485887 1537.8601222258221 1481.2322961330574 6194.59381077328 227.54755595298775 5776.1112898278516 2217.4549906267785 0.43140178162138809 3014.7300415360369 2017.3201273977757 2702.5953008810757 940.2387836658163 561.38376120617613 213.78501347696874 619.12332970276475 277.68935641809367 575.58627597871237 5497.4561792442109 968.68398985685781 1252.8066558872815 366.41065586125478 656.99864672496915 5690.6977557034697 2456.9833108223975 2260.795003131032 3329.1717055591289 57.586188750341535 6348.8059998936951 2238.8629829902202 5.5637659200001508
leaf_count=12026 5082402 623270 657307 63830 3418 319237 45677 102 35383 64655 1397224 195428 21332 120096 57996 73304 186640 149720 23551 84367 6003 26064 42881 26086 15771 1436679 757 42256 31745 286
internal_value=-0.0107174 -0.0536817 0.0127326 -0.00672922 0.00436881 -0.0176881 0.0118538 0.0211868 0.0365169 0.0581446 -0.077304 -0.0111369 -0.0554423 -0.0486879 0.00460301 -0.0635813 -0.00215018 -0.00577099 0.0546293 -0.00605535 0.0138377 0.020463 -0.000259561 0.0292826 0.0116677 -0.0859151 -0.0657265 0.0238057 0.0374676 0.558801
internal_weight=70178 24778.9 45399.1 8293.84 33587.9 8510.15 25077.7 17836.9 11811.2 5032.05 16485.1 7240.83 2099.24 3813.19 832.908 2980.28 6300.59 6073.04 3213.54 7028.92 14623.4 6779.15 6057.11 5374.78 2917.79 12671.9 3386.76 8566.26 2244.86 5.99517
internal_count=10845493 8876890 1968603 708432 1788618 1060911 727707 192501 179985 100038 8168458 535206 644602 1648620 178092 1470528 339778 336360 55684 403604 136817 79947 48884 67921 41835 6519838 1437436 87933 32133 388
is_linear=0
shrinkage=0.1


Tree=29
num_leaves=31
num_cat=0
split_feature=8 2 0 7 2 8 0 3 7 2 5 6 0 2 3 7 7 5 6 0 3 0 0 0 2 0 1 7 2 1
split_gain=6115.8 2325.25 1245.47 925.449 645.164 531.718 415.67 369.051 310.825 299.344 270.133 636.513 290.439 257.112 252.171 210.252 204.053 208.815 244.928 198.347 392.753 183.795 179.322 169.064 397.388 186.138 278.813 221.258 161.213 156.926
threshold=27.500000000000004 0.13840996168582378 0.31666666666666671 37.521046829444565 0.15075757575757578 2.5000000000000004 0.27922077922077926 1.0000000180025095e-35 22.916587113819816 0.43303571428571436 1.0000000180025095e-35 1.0000000180025095e-35 0.61250000000000016 0.86811594202898557 1.0000000180025095e-35 25.490991808909254 10.713410921050118 1.0000000180025095e-35 1.0000000180025095e-35 0.86607142857142871 1.0000000180025095e-35 0.47727272727272735 0.20714285714285716 0.86607142857142871 0.19292803970223329 0.61250000000000016 2.5000000000000004 72.34418059892694 0.97500000000000009 2.5000000000000004
decision_type=2 2 2 2 2 2 2 2 2 2 2 2 2 2 2 2 2 2 2 2 2 2 2 2 2 2 2 2 2 2
left_child=3 21 9 4 8 13 7 22 -1 -3 11 -7 -13 19 28 16 -4 18 -18 -5 -21 -2 -6 25 -25 -12 27 -27 -8 -14
right_child=1 2 15 5 6 10 14 -9 -10 -11 23 12 29 -15 -16 -17 17 -19 -20 20 -22 -23 -24 24 -26 26 -28 -29 -30 -31
leaf_value=-0.071262657775917213 -0.09290551156511398 -0.084437767959057566 -0.055777326411144426 0.0090512179924693344 0.096283428545677285 0.01421622937335364 0.0089767650671852516 -0.054455264782510032 -0.019281231256663062 0.0049433568949254032 0.026825790521340466 -0.11380380115653002 0.0022642192621374338 0.07299346398599045 0.10964275507391537 -0.028717528906145318 0.021934963169362484 0.043795459247412676 -0.048426378719920588 0.028225867648964561 0.090816135353452607 -0.068438138676557875 -0.057124459446609877 0.017529807957579434 0.094022977609451219 -0.0927002984933612 -0.0085333949970325361 -0.42708357127328783 0.10609745400454623 -0.048516580413663968
leaf_weight=1917.3907192824518 6930.0174485159805 2431.0602821807697 355.57235995843075 2683.7483606375754 276.50823119846973 13186.053391926689 7951.1066630707355 1761.0457717607496 2875.3835277680773 442.96956440247595 1417.6060948420782 427.44743542559445 1156.9192482591607 1817.142669159919 268.05783733193675 1225.0799584331689 1767.3764537384268 2383.2831465415657 687.05766461452004 4604.275499548763 1281.6138947159052 5512.1338517636759 105.18201632192358 1735.2287787497044 1115.917514895089 58.382395034655929 374.84212032379583 29.934409651905298 174.66820223256946 1283.8745324225165
leaf_count=920818 4248652 1272935 25387 26052 5407 258256 67785 467284 345602 15858 52261 44693 13724 35769 3404 24679 36142 35033 21132 38184 45487 2754417 4617 22093 23568 586 6454 310 2983 25921
internal_value=-0.0100088 -0.0537992 -0.0159512 0.0104582 -0.00965894 0.0203508 0.00417728 -0.0351343 -0.0400768 -0.0706616 0.0111186 0.00492959 -0.0377635 0.0388264 0.0142125 0.0085471 0.0173377 0.0227117 0.00223906 0.0315815 0.0418545 -0.082066 0.054009 0.0321167 0.0474687 0.00884383 -0.0461942 -0.206037 0.0110644 -0.0244468
internal_weight=68236.9 21734.6 9292.4 46502.3 15329.3 31173 10536.6 2142.74 4792.77 2874.03 20786.2 16054.3 2868.24 10386.8 8393.83 6418.37 5193.29 4837.72 2454.43 8569.64 5885.89 12442.2 381.69 4731.91 2851.15 1880.77 463.159 88.3168 8125.77 2440.79
internal_count=10845493 8434235 1431166 2411258 1817900 593358 551480 477308 1266420 1288793 447866 342594 84338 145492 74172 142373 117694 92307 57274 109723 83671 7003069 10024 105272 45661 59611 7350 896 70768 39645
is_linear=0
shrinkage=0.1


Tree=30
num_leaves=31
num_cat=0
split_feature=8 2 0 7 2 8 0 3 2 7 2 5 6 0 3 5 7 0 7 7 0 3 5 6 0 0 3 1 7 1
split_gain=5284.61 2187.64 1107.76 760.168 548.459 449.191 333.213 317.089 283.603 283.284 233.874 225.757 524.738 269.134 207.135 185.157 197.527 178.543 171.334 173.148 168.367 383.913 167.119 209.568 164.027 147.577 411.614 220.694 147.571 147.258
threshold=27.500000000000004 0.13188405797101452 0.31666666666666671 37.521046829444565 0.16472868217054268 2.5000000000000004 0.27922077922077926 1.0000000180025095e-35 0.43303571428571436 22.997525069179865 0.86811594202898557 1.0000000180025095e-35 1.0000000180025095e-35 0.61250000000000016 1.0000000180025095e-35 1.0000000180025095e-35 32.872737416154827 0.36931818181818188 27.231415411263665 10.630357336501545 0.86607142857142871 1.0000000180025095e-35 1.0000000180025095e-35 1.0000000180025095e-35 0.080128205128205135 0.58571428571428574 1.0000000180025095e-35 2.5000000000000004 24.89586131266449 3.5000000000000004
decision_type=2 2 2 2 2 2 2 2 2 2 2 2 2 2 2 2 2 2 2 2 2 2 2 2 2 2 2 2 2 2
left_child=3 15 8 4 9 10 7 24 -3 -1 20 12 25 -14 -8 -2 -17 -12 19 -4 -5 -22 23 -21 -6 27 29 -7 -9 -27
right_child=1 2 18 5 6 11 14 28 -10 -11 17 -13 13 -15 -16 16 -18 -19 -20 22 21 -23 -24 -25 -26 26 -28 -29 -30 -31
leaf_value=-0.067733269378457514 -0.08766063250720231 -0.08292587364868273 -0.05554718318344775 0.008149558634668928 0.10552399654036229 0.0061844070983285843 0.010049366885883884 -0.087263698706210924 0.0044363119313611905 -0.017555563171258913 0.028194768929539499 0.029400701343527649 -0.11145930588049635 -0.022350449806069084 0.10124963679133579 -0.061869619377777102 0.10610638767403043 0.094379268687869403 -0.028657026022683676 0.019254799390229674 0.025427710978033598 0.089438923610869761 0.038111973616855171 -0.044562939250512551 -0.033870557568317104 0.023275298640619984 0.089734806685786928 -0.073336196936507614 -0.026257896936748282 -0.01104576396833333
leaf_weight=1841.8731184944954 8804.7800329091206 2273.965979777864 328.15433556272183 2682.6680037877522 222.31594213701101 5751.4122960789828 8040.4319733503507 671.42705807671882 444.17159199854359 2891.2872084942646 657.73362378403544 4671.8411647896282 394.50594259041827 2406.5521623985842 256.99488316708448 2501.545879708603 72.02099702891428 1071.7727760095149 1090.526058849995 1863.162366834702 4600.0849848389626 1176.6157374382019 2451.4512055702507 710.90243517432828 136.09132851671893 4589.6298032714985 807.99142204318196 371.55075448716525 968.41894549131393 1718.11641068873
leaf_count=939644 5515459 1296573 27098 26052 3150 103561 67398 277046 15858 345791 4808 105272 44693 39645 3329 1441168 10703 30961 24532 39711 38184 45487 38877 24256 6053 82289 17106 17976 175489 37324
internal_value=-0.00931612 -0.0514791 -0.0151113 0.00954015 -0.00890701 0.0185122 0.0040456 -0.0326133 -0.06865 -0.0370818 0.0357022 0.0100557 0.00442115 -0.0349007 0.0128741 -0.080764 -0.0571688 0.0692092 0.00747111 0.0148303 0.0288517 0.0384657 0.0194258 0.00162969 0.0525943 0.0127409 0.0225348 0.00135898 -0.0512364 0.0139269
internal_weight=66470 20540.7 9162.33 45929.3 15028.8 30900.5 10295.7 1998.25 2718.14 4733.16 10188.9 20711.6 16039.8 2801.06 8297.43 11378.3 2573.57 1729.51 6444.2 5353.67 8459.37 5776.7 5025.52 2574.06 358.407 13238.7 7115.74 6122.96 1639.85 6307.75
internal_count=10845493 8434235 1466905 2411258 1817900 593358 532465 461738 1312431 1285435 145492 447866 342594 84338 70727 6967330 1451871 35769 154474 129942 109723 83671 102844 63967 9203 258256 136719 121537 452535 119613
is_linear=0
shrinkage=0.1


Tree=31
num_leaves=31
num_cat=0
split_feature=8 2 0 2 7 0 5 3 0 2 6 3 2 0 3 5 0 8 8 2 2 2 2 2 2 0 8 2 1 5
split_gain=4568.49 1993.28 967.225 690.571 595.067 594.435 977.683 552.836 268.669 248.425 214.836 194.531 183.82 172.726 251.3 310.536 533.698 292.3 1396.43 180.666 162.109 236.924 154.33 232.118 152.342 220.352 141.483 239.27 140.257 136.327
threshold=29.500000000000004 0.11583184257602865 0.31666666666666671 0.20942982456140355 23.086499753129598 0.86607142857142871 1.0000000180025095e-35 1.0000000180025095e-35 0.47727272727272735 0.43303571428571436 1.0000000180025095e-35 1.0000000180025095e-35 0.78759398496240618 0.31666666666666671 1.0000000180025095e-35 1.0000000180025095e-35 0.36931818181818188 103.50000000000001 80.500000000000014 0.087595907928388769 1.0000000180025095e-35 0.05634920634920635 0.71130952380952395 0.68990384615384626 0.90692640692640702 0.16025641025641027 126.50000000000001 0.074537037037037054 2.5000000000000004 1.0000000180025095e-35
decision_type=2 2 2 2 2 2 2 2 2 2 2 2 2 2 2 2 2 2 2 2 2 2 2 2 2 2 2 2 2 2
left_child=3 13 9 4 -1 24 7 12 -6 -3 -9 20 22 -2 -15 -16 17 18 -17 -19 -10 -22 23 -7 -5 -26 -18 -28 -23 -4
right_child=1 2 29 5 8 6 -8 10 11 -11 -12 -13 -14 14 15 16 26 19 -20 -21 21 28 -24 -25 25 -27 27 -29 -30 -31
leaf_value=-0.059853379735412417 -0.098453326301807947 -0.082025991788578584 -0.0078136487963724431 0.0035993905890772289 -0.06340483235133193 0.0041357797030321481 0.086818516049305239 0.097066309270924134 0.0082516361396443496 0.0031081479007380626 -0.054653663563937284 0.10430106680324561 0.055554288596939373 -0.071819492906293761 0.028522741751820898 2.6868113322293463 0.545608148658973 -0.10014581335506129 23.269122493534297 6.4220628691925272 -0.093997031556277283 0.015532184062045158 -0.037197000793397737 0.11216979429932031 0.006664360797219002 0.067143425901567397 0.52060566187878254 6.6851730966673166 -0.032680338611371533 0.021758657060968238
leaf_weight=2103.8570770751685 3445.1734831562462 2073.0289200488733 3392.5986307273852 19494.667943399239 663.94273606000934 5255.8096407712437 2741.8278550121468 1015.3208785112947 7257.1051802909933 410.65610409760848 102.77733232080936 183.40408120770007 713.23935316503048 6671.0596623688471 10.485233591287395 0.14352486748248239 4.1677615770604461 0.13811676297336817 0.04279123735614121 0.061328875366598368 375.5803454471752 1204.6740811851341 866.76677837222815 206.70038621127605 1592.8159056771547 968.87322711013258 0.16102332226000715 0.10338939540088177 1208.9291496669175 2884.106509094825
leaf_count=1121841 2526917 1291291 122920 638858 212710 28242 74226 40417 328108 14204 3616 1792 8721 4237949 1455 90 273 95 29 41 15375 34631 5966 1054 11378 18908 39 27 41961 62359
internal_value=-0.00866176 -0.050059 -0.0151272 0.00835602 -0.0111643 0.016054 0.0351557 0.0177978 -0.00176115 -0.0679498 0.08312 0.00223973 0.007427 -0.0802634 -0.070891 0.333879 0.998422 4.56594 7.41395 1.90541 0.000376513 -0.0201136 0.00200359 0.00822377 0.00661204 0.0295385 0.687918 2.93105 -0.00861658 0.00577464
internal_weight=64848.2 18891.9 8760.39 45956.3 12997.5 32958.8 10902.4 8160.61 10893.6 2483.69 1118.1 10229.7 7042.52 10131.5 6686.36 15.3032 4.81794 0.385762 0.186316 0.199446 10046.3 2789.18 6329.28 5462.51 22056.4 2561.69 4.43217 0.264413 2413.6 6276.71
internal_count=10845493 8257689 1490774 2587804 1756418 831386 162242 88016 634577 1305495 44033 421867 43983 6766915 4239998 2049 594 255 119 136 420075 91967 35262 29296 669144 30286 339 66 76592 185279
is_linear=0
shrinkage=0.1


Tree=32
num_leaves=31
num_cat=0
split_feature=8 2 0 7 2 0 8 3 7 2 2 1 2 7 0 0 0 7 5 6 0 0 4 0 2 0 1 1 7 3
split_gain=3982.7 1823.62 802.782 640.841 483.099 353.121 349.777 335.543 285.326 211.131 201.062 183.819 246.497 226.843 226.829 174.232 168.88 161.837 161.188 435.179 257.808 155.357 152.152 137.831 359.15 138.541 209.09 135.466 135.333 163.895
threshold=32.500000000000007 0.11583184257602865 0.31666666666666671 37.521046829444565 0.15075757575757578 0.27922077922077926 2.5000000000000004 1.0000000180025095e-35 22.997525069179865 0.43303571428571436 0.86811594202898557 1.5000000000000002 0.25403225806451618 12.223182382173972 0.47727272727272735 0.36931818181818188 0.47727272727272735 24.89586131266449 1.0000000180025095e-35 1.0000000180025095e-35 0.61250000000000016 0.066964285714285726 1.0000000180025095e-35 0.86607142857142871 0.19292803970223329 0.61250000000000016 3.5000000000000004 3.5000000000000004 24.440015940136131 1.0000000180025095e-35
decision_type=2 2 2 2 2 2 2 2 2 2 2 2 2 2 2 2 2 2 2 2 2 2 2 2 2 2 2 2 2 2
left_child=3 16 9 4 8 7 10 21 -1 -3 -5 12 13 -7 -13 -12 -2 -9 19 -8 -21 22 -6 25 -25 -20 -27 -22 -4 -30
right_child=1 2 28 6 5 11 18 17 -10 -11 15 14 -14 -15 -16 -17 -18 -19 23 20 27 -23 -24 24 -26 26 -28 -29 29 -31
leaf_value=-0.065366731534028166 -0.09218811235356078 -0.08096830973949927 0.011837966616225486 0.024941435276188761 0.1165317402569517 -0.071177715924504711 0.011031777828940634 -0.08785815958606441 -0.015601353570226543 0.0022333386712218481 0.024261810536284473 -0.057423767704716626 0.036162172600283309 0.31545120999073983 0.010347058597711139 0.092057195869500383 -0.064789276115085101 -0.026448719312460213 0.019617398455816351 -0.10915565183819519 -0.011091428983326292 -0.027815549269500247 -0.38020902225866865 0.012562262804169378 0.088586573527492773 -0.093983406715327789 0.042637400551066233 -0.081180877901937565 -0.040685096106758037 0.071665155203215675
leaf_weight=1935.2584311378432 5030.6403182075701 1794.1759487947165 4761.2201386403758 8232.5741714909673 223.06459923080001 20.28868953732308 13261.791096861707 748.48731348570436 2846.8861359196017 367.45623317174613 645.78698828071356 529.95225380780175 1007.2131293234415 60.211558590788627 7253.6142641291954 917.85996735095978 4069.45048934238 1005.8639928759076 1421.4047923631733 378.98726008483209 2077.7236591370311 151.0026423324598 6.341508970828726 1785.5328731876798 953.0963956839405 298.07132358616218 179.46962789120153 317.95461517106742 1010.8928500501206 148.97820582985878
leaf_count=1177268 4009968 1214277 151300 109723 3272 4496 274153 368905 388136 12115 4808 9863 6366 1884 59596 30961 2579110 203962 56498 48940 31719 8628 71 22497 23638 4588 3009 9125 24786 1831
internal_value=-0.00812262 -0.049233 -0.0146658 0.00714793 -0.00920334 0.00232715 0.0156204 -0.0341873 -0.0357406 -0.0668248 0.0311851 0.0111139 0.0496204 0.218008 0.00573281 0.0640577 -0.0799357 -0.0526488 0.00824514 0.00349677 -0.0325176 0.0509525 0.1028 0.0246647 0.0390202 0.00396147 -0.0426385 -0.0203937 0.00437613 -0.0262544
internal_weight=63441.3 17182.8 8082.72 46258.4 15788.2 11006 30470.3 2134.76 4782.14 2161.63 9796.22 8871.28 1087.71 80.5002 7783.57 1563.65 9100.09 1754.35 20674 16036.5 2774.67 380.409 229.406 4637.58 2738.63 1898.95 477.541 2395.68 5921.09 1159.87
internal_count=10845493 7993387 1404309 2852106 2232447 667043 619659 584838 1565404 1226392 145492 82205 12746 6380 69459 35769 6589078 572867 474167 363937 89784 11971 3343 110230 46135 64095 7597 40844 177917 26617
is_linear=0
shrinkage=0.1


Tree=33
num_leaves=31
num_cat=0
split_feature=8 2 0 2 0 0 5 3 3 7 2 6 2 0 2 1 7 2 7 2 8 7 2 6 8 5 7 7 0 2
split_gain=3421.11 1709.17 705.622 536.683 521.116 471.874 855.021 494.456 310.266 257.783 204.217 198.877 198.538 175.071 160.079 154.629 237.052 135.105 130.513 507.069 1100.5 127.277 127.239 126.847 150.816 137.688 126.588 131.631 120.24 264.086
threshold=32.500000000000007 0.11583184257602865 0.31666666666666671 0.21132376395534294 0.31666666666666671 0.86607142857142871 1.0000000180025095e-35 1.0000000180025095e-35 1.0000000180025095e-35 23.086499753129598 0.12060606060606062 1.0000000180025095e-35 0.43303571428571436 0.47727272727272735 0.87867647058823539 2.5000000000000004 61.693175783431279 0.4045454545454546 18.409701099032414 0.13188405797101452 15.500000000000002 80.898622908551602 0.97500000000000009 1.0000000180025095e-35 4.5000000000000009 1.0000000180025095e-35 10.630357336501545 22.089940312702574 0.47727272727272735 0.97500000000000009
decision_type=2 2 2 2 2 2 2 2 2 2 2 2 2 2 2 2 2 2 2 2 2 2 2 2 2 2 2 2 2 2
left_child=3 13 12 4 -1 28 7 14 9 10 -6 -9 -3 -2 21 -11 -17 -8 19 20 -10 -7 26 24 -18 -25 -4 -28 -5 -30
right_child=1 2 22 5 8 6 17 11 18 15 -12 -13 -14 -15 -16 16 23 -19 -20 -21 -22 -23 -24 25 -26 -27 27 -29 29 -31
leaf_value=-0.078582471772324067 -0.091392744224247563 -0.079196946179034694 -0.059009174423837289 -0.0019053399732727066 -0.059071178703581209 0.0091625175226489573 0.043910946472005011 0.095874135084190681 11.634648906474794 0.011140711507636347 0.065267955800481642 -0.04927528621038503 0.0020075000498791969 -0.062405342621114371 0.091724968334247425 -0.033207341235936445 0.060310419937214768 0.096263904547622903 0.10168315713534026 0.27558705576961262 0.94662582288817632 -0.026847806435474665 0.10438612994959605 -0.066205642842498927 -0.010032081498334436 0.0071349233033928573 0.016070437249628155 -0.017183500211465308 0.0094518081364553704 0.087120258324725974
leaf_weight=1038.7402926557224 4589.564071816505 1657.9318669919558 323.23400479508564 11689.407633438088 1301.887185484753 5616.2301042098552 677.34442561512697 896.95792609360069 0.12778608384542067 5039.4534990778193 147.00787865568418 105.49893669225276 367.89047801867127 3815.7280605523483 208.97654835879803 2820.3701851576334 742.6263804230839 1810.5694837030023 212.6539470696589 4.4734712518511515 0.3914564048172906 1189.3759939540178 123.47952930629253 355.01136774104089 516.9838356373366 917.64878136222251 3708.4181977458065 1753.0324791703606 10063.428533681203 457.6910437848419
leaf_count=602189 4009968 1214277 33703 626052 831686 34593 9901 40420 36 260750 23155 3615 12115 2579110 3493 190761 7941 64763 2768 84 79 6277 1968 12053 31786 10511 104052 38194 77668 11525
internal_value=-0.00752501 -0.0468106 -0.0135211 0.00648629 -0.0106198 0.0133346 0.0307976 0.0149047 -0.0047654 -0.00694011 -0.0464555 0.0805986 -0.0644502 -0.0782334 0.00551637 -0.00143076 -0.0132667 0.0820106 0.113549 0.61893 3.57696 0.0028692 0.00394174 0.00894268 0.0314396 -0.0133236 0.00179766 0.00539649 0.00507505 0.0128306
internal_weight=62152.1 16339.3 7933.99 45812.9 13097.4 32715.5 10505 8017.04 12058.6 11841 1448.9 1002.46 2025.82 8405.29 7014.58 10392.1 5352.64 2487.91 217.647 4.99271 0.519242 6805.61 5908.16 2532.27 1259.61 1272.66 5784.68 5461.45 22210.5 10521.1
internal_count=10845493 7993387 1404309 2852106 1973799 878307 163062 88398 1371610 1368643 854841 44035 1226392 6589078 44363 513802 253052 74664 2967 199 115 40870 177917 62291 39727 22564 175949 142246 715245 89193
is_linear=0
shrinkage=0.1


Tree=34
num_leaves=31
num_cat=0
split_feature=7 2 3 0 0 3 1 2 0 4 0 0 7 7 6 0 3 5 6 2 5 7 0 5 1 0 2 2 0 7
split_gain=2944.92 2314.2 1216.99 380.135 377.216 1302.32 507.374 413.479 329.633 291.35 257.416 257.225 268.008 242.879 200.624 360.075 196.533 195.369 244.945 185.492 173.735 170.128 293.065 167.97 164.262 154.039 226.537 258.847 184.139 152.554
threshold=23.595474520731425 0.12060606060606062 1.0000000180025095e-35 1.0000000180025095e-35 0.47727272727272735 1.0000000180025095e-35 2.5000000000000004 0.32738095238095244 0.58571428571428574 1.0000000180025095e-35 0.86607142857142871 0.31666666666666671 17.973021508147554 36.627436471204071 1.0000000180025095e-35 0.64583333333333337 1.0000000180025095e-35 1.0000000180025095e-35 1.0000000180025095e-35 0.71825396825396837 1.0000000180025095e-35 38.519503317171605 0.64583333333333337 1.0000000180025095e-35 3.5000000000000004 0.86607142857142871 0.47722567287784684 0.26491228070175443 0.64583333333333337 61.693175783431279
decision_type=2 2 2 2 2 2 2 2 2 2 2 2 2 2 2 2 2 2 2 2 2 2 2 2 2 2 2 2 2 2
left_child=1 20 3 9 7 6 21 -2 -8 -3 14 -4 -13 -10 -7 23 -9 18 19 -5 -1 22 -6 -16 -15 28 27 -27 -19 -18
right_child=4 2 11 17 5 10 8 16 13 -11 -12 12 -14 24 15 -17 29 25 -20 -21 -22 -23 -24 -25 -26 26 -28 -29 -30 -31
leaf_value=-0.084664391087311802 -0.054471774899618242 0.13482677757333866 -0.090580284509330491 -0.0065112394609678024 0.041389185201406331 0.066467665254348315 -0.082160984930321757 -0.054686797024614375 -0.041068483875065821 -0.37408276940147994 0.093250715668757533 0.20936536106962769 -0.063235384897416133 0.0082469229541594705 -0.19156226879892368 -0.091777026094158609 0.015435247325163574 0.014611403478855279 -0.049831187813957865 0.059395783026615301 -0.052518108629567795 0.033502405085630606 -0.0015663074003981793 0.063994774999636059 -0.017470152180652957 0.069170400836162022 0.10036761362738458 -0.030762391514760457 -0.087075424684079361 -0.010658675681385336
leaf_weight=6743.6344933573437 1640.0702400724404 314.95375129020795 1686.2051741648465 2155.4664755125996 2191.3997607057681 1310.6820744732395 574.22137006907724 618.74235258204862 1617.9774138462963 11.666214635886716 1897.2886225334369 60.178835901067941 90.008613822399639 8022.6857052177656 27.119031934067607 267.20883867377415 4927.1865339161595 1977.7691010496346 1080.4176456448622 532.53634900227189 2239.5512862976757 5206.9658107885625 5770.9278209873009 498.25358855910599 3597.3225803823443 522.50416702730581 522.10078789666295 514.34013704583049 195.70122065744363 4108.9222428175854
leaf_count=5785867 613953 4674 1291092 112839 55604 23719 54856 8943 202106 272 85212 1260 986 153286 307 3564 215468 42444 65869 3561 1684954 69771 164736 9208 101898 20655 9946 3127 4264 51052
internal_value=-0.00700657 -0.0401113 -0.00614593 0.0110427 0.00759487 0.0132982 0.0054036 -0.00804945 -0.0079864 0.11665 0.0665429 -0.0794107 0.0459934 -0.00476894 0.0424507 0.00273412 -0.000163686 0.00644407 -0.00961751 0.006546 -0.0766502 0.0194473 0.0102559 0.0508033 0.00028543 0.0226606 0.0466479 0.0195974 0.00545543 0.00356975
internal_weight=60924 18647 9663.85 7827.46 42277 30982.1 26981.5 11294.9 13812.2 326.62 4000.55 1836.39 150.187 13238 2103.26 792.581 9654.85 7500.84 3768.42 2688 8983.19 13169.3 7962.33 525.373 11620 3732.42 1558.95 1036.84 2173.47 9036.11
internal_count=10845493 9031810 1560989 267651 1813683 924267 802257 889416 512146 4946 122010 1293338 2246 457290 36798 13079 275463 262705 182269 116400 7470821 290111 220340 9515 255184 80436 33728 23782 46708 266520
is_linear=0
shrinkage=0.1


Tree=35
num_leaves=31
num_cat=0
split_feature=8 2 0 2 7 0 5 3 6 0 0 2 2 6 2 2 2 3 7 5 2 2 1 6 0 8 5 2 7 2
split_gain=2560.03 1460.83 552.502 398.072 416.136 380.009 737.787 398.65 194.376 190.047 177.328 172.247 164.26 145.853 201.304 123.475 219.484 131.193 119.486 166.803 115.542 111.242 221.759 119.114 249.389 186.827 217.19 237.023 257.408 121.261
threshold=32.500000000000007 0.11583184257602865 0.31666666666666671 0.18019480519480521 22.997525069179865 0.86607142857142871 1.0000000180025095e-35 1.0000000180025095e-35 1.0000000180025095e-35 0.47727272727272735 0.47727272727272735 0.4045454545454546 0.37797619047619052 1.0000000180025095e-35 0.75595238095238104 1.0000000180025095e-35 0.05634920634920635 1.0000000180025095e-35 21.858386193730613 1.0000000180025095e-35 0.24568965517241384 0.93933823529411775 1.5000000000000002 1.0000000180025095e-35 0.16025641025641027 5.5000000000000009 1.0000000180025095e-35 0.54772727272727284 80.898622908551602 0.78759398496240618
decision_type=2 2 2 2 2 2 2 2 2 2 2 2 2 2 2 2 2 2 2 2 2 2 2 2 2 2 2 2 2 2
left_child=3 9 12 4 -1 21 7 13 -9 -2 -6 -8 -3 14 20 -12 -17 -18 -11 -20 -7 23 -23 -5 25 26 -25 -28 -29 -26
right_child=1 2 -4 5 10 6 11 8 -10 18 15 -13 -14 -15 -16 16 17 -19 19 -21 -22 22 -24 24 29 -27 27 28 -30 -31
leaf_value=-0.056208216750592767 -0.089729318430109117 -0.079776605131172323 0.0029743881677334752 0.0067228924183160331 -0.063913221513830956 0.074250717658275581 0.039170035254090824 0.094100769225526376 -0.050991241761464134 -0.069106179750426613 0.006576063363108591 0.094738564766791614 -0.012825281467973487 -0.013564860207707117 0.078717623194823519 -0.092010938897905667 -0.013177381359987347 0.096613762481608842 -0.04692741262678627 0.061727548557595706 0.0041361420515259274 0.0078558569710867939 0.082242617300068044 -0.10085161119085524 0.0043386975914096884 -0.09313816460076528 -0.020307117250996643 0.38456959472539476 0.0010791740285213151 -0.035118718943220432
leaf_weight=1690.1882867268505 3874.851692803426 1275.1218849584366 5841.4159235414118 13611.125768808386 451.23025696730474 250.78387678414583 864.57308541081147 758.3706850563176 105.13251279387623 2405.5413860175686 7377.2067084012087 1572.189778836444 514.22825489891693 2751.8258559480309 455.38280891254544 356.46000246342737 1882.5715704831528 115.51541956374422 781.38567949272692 172.47399876604322 3741.3081601075828 1778.6356906406581 517.33012826181948 116.20327592897229 4773.0132522414788 569.90471461456036 104.73849663278088 39.887113771401346 31.189345246180892 930.74829358048737
leaf_count=1208820 4009968 1147575 177917 518454 184411 2408 12087 40620 3663 1983842 352569 64763 78817 17470 6715 16051 77296 1029 524812 70456 20499 14975 13540 12794 48441 218961 8302 1182 854 6202
internal_value=-0.00647698 -0.0424415 -0.0119183 0.00544422 -0.0102563 0.0110979 0.0268038 0.012231 0.0764356 -0.0746376 -0.00262907 0.0750226 -0.060536 0.00453016 0.0157263 0.000212477 -0.0197257 -0.00683003 -0.0572304 -0.0272808 0.00854075 0.00375985 0.0246168 0.00138649 -0.00967623 -0.0598117 0.00522846 0.0753411 0.216289 -0.00210002
internal_weight=59710.5 14865 7630.77 44845.5 11873.2 32972.3 10499.6 8062.8 863.503 7234.25 10183 2436.76 1789.35 7199.3 4447.47 9731.75 2354.55 1998.09 3359.4 953.86 3992.09 22472.8 2295.97 20176.8 6565.68 861.923 292.018 175.815 71.0765 5703.76
internal_count=10845493 7993387 1404309 2852106 1840176 1011930 168225 91375 44283 6589078 631356 76850 1226392 47092 29622 446945 94376 78325 2579110 595268 22907 843705 28515 815190 296736 242093 23132 10338 2036 54643
is_linear=0
shrinkage=0.1


Tree=36
num_leaves=31
num_cat=0
split_feature=8 2 0 7 0 0 5 6 0 2 0 8 0 1 0 1 0 3 2 0 7 2 7 1 0 5 2 7 5 2
split_gain=2182.18 1353.75 481.615 339.759 319.372 272.452 221.256 478.601 317.672 281.77 400.001 211.004 210.185 422.615 194.302 169.082 163.865 365.605 163.038 157.947 152.043 151.673 324.175 508.428 277.053 151.594 148.757 147.28 140.895 268.696
threshold=32.500000000000007 0.11583184257602865 0.31666666666666671 37.521046829444565 0.31666666666666671 0.69047619047619058 1.0000000180025095e-35 1.0000000180025095e-35 0.61250000000000016 0.42582417582417587 0.86607142857142871 6.5000000000000009 0.64583333333333337 2.5000000000000004 0.31666666666666671 3.5000000000000004 0.86607142857142871 1.0000000180025095e-35 0.27888888888888896 0.73214285714285732 80.898622908551602 0.47722567287784684 12.166318042457315 1.5000000000000002 0.47727272727272735 1.0000000180025095e-35 0.18019480519480521 22.152942123728202 1.0000000180025095e-35 0.15504807692307696
decision_type=2 2 2 2 2 2 2 2 2 2 2 2 2 2 2 2 2 2 2 2 2 2 2 2 2 2 2 2 2 2
left_child=3 14 18 4 11 21 7 16 -9 -8 12 -1 -11 20 -2 -10 -5 -18 -3 -15 -14 22 -6 28 -25 -16 -7 -27 -24 -30
right_child=1 2 -4 6 5 26 9 8 15 10 -12 -13 13 19 25 -17 17 -19 -20 -21 -22 -23 23 24 -26 27 -28 -29 29 -31
leaf_value=0.011213528291001151 -0.09743729155141026 -0.085751231075742215 0.0026752335404577488 0.0062495161694634763 -0.074885727628647869 -0.039559571603554583 0.0087137797616584963 -0.10737059241572795 -0.0075920084463699591 0.037868518870053519 0.094798901935810781 -0.056997978769268723 -0.07612345506494328 0.17603964660026877 -0.07244223101522683 -0.07543734129370866 0.017896608679125958 0.094134026150525754 -0.023229252311177073 -0.013493421438894352 -0.29633453488255357 -0.0018467681045311532 0.085472942077921638 -0.058886705561555674 0.033817947922138436 -0.044439295397770362 -0.0029186587785075021 0.059569860715941593 0.54564260419466681 0.16928831528915314
leaf_weight=600.31483723146789 2151.0191608861769 937.97829602418915 5844.9653717124602 11723.843549787533 292.38495980319567 2159.0927168162307 3725.1758597374428 410.72275512898341 3434.6886180940783 1430.5723465827759 1194.3050747765228 1854.3004509301211 57.927765890955925 56.3738072514534 3273.0753073288352 411.32042492099572 6092.8743953455705 701.4552341978997 751.04846187692601 199.80537553876638 68.346542477607727 4573.738065129146 151.67985535331536 370.31387549306965 2490.2069198166719 1139.7132758105254 2276.0550645857002 154.61381877057647 21.842767362453742 144.23602548519193
leaf_count=62212 2475475 990294 177917 215019 186175 545843 76171 51102 43258 28804 58148 937219 605 690 3082151 10143 91583 40364 236098 3228 544 24197 35462 136169 266203 981124 24455 50328 13219 1293
internal_value=-0.00597122 -0.0400198 -0.0109162 0.00494816 -0.00734224 -0.000856637 0.0111685 0.00646046 -0.0237752 0.0270951 0.0498639 -0.0403158 0.0202636 -0.0455876 -0.0726564 -0.0148479 0.0134107 0.0257675 -0.05795 0.0282145 -0.195314 0.0101145 0.0258775 0.0351472 0.0218167 -0.0609858 -0.020756 -0.0320149 0.15515 0.218787
internal_weight=58694 14252.4 7533.99 44441.6 14934.2 12479.6 29507.4 22774.9 4256.73 6732.51 3007.33 2454.62 1813.03 382.453 6718.42 3846.01 18518.2 6794.33 1689.03 256.179 126.274 8044.4 3470.66 3178.28 2860.52 4567.4 4435.15 1294.33 317.759 166.079
internal_count=10845493 7993387 1404309 2852106 2232447 1233016 619659 451469 104503 168190 92019 999431 33871 5067 6589078 53401 346966 131947 1226392 3918 1149 662718 638521 452346 402372 4113603 570298 1031452 49974 14512
is_linear=0
shrinkage=0.1


Tree=37
num_leaves=31
num_cat=0
split_feature=8 2 0 2 7 0 3 5 2 0 2 3 0 2 2 7 7 2 8 2 2 7 5 2 6 2 2 2 2 7
split_gain=1854.58 1248.25 418.126 304.852 387.706 283.388 667.588 327.485 208.555 200.312 191.59 160.139 343.494 564.665 2512.37 16063.4 1355.06 1144.21 663.351 580.83 262.289 207.484 145.938 137.785 137.458 150.354 188.704 130.279 123.841 122.675
threshold=32.500000000000007 0.11583184257602865 0.31666666666666671 0.12060606060606062 22.291147815229916 0.86607142857142871 1.0000000180025095e-35 1.0000000180025095e-35 1.0000000180025095e-35 0.31666666666666671 0.4045454545454546 1.0000000180025095e-35 1.0000000180025095e-35 0.30217391304347835 0.22401433691756276 14.591829551631539 13.720535140492407 0.15504807692307696 34.500000000000007 0.26491228070175443 0.25403225806451618 12.872021305848488 1.0000000180025095e-35 0.88562091503267981 1.0000000180025095e-35 0.71825396825396837 0.51086956521739146 0.053342816500711245 0.78759398496240618 21.958617037333401
decision_type=2 2 2 2 2 2 2 2 2 2 2 2 2 2 2 2 2 2 2 2 2 2 2 2 2 2 2 2 2 2
left_child=3 9 11 4 -1 -5 7 23 -6 -2 -9 12 13 14 15 16 18 -18 -3 20 21 -16 -11 24 28 26 -26 -10 -7 -24
right_child=1 2 -4 5 8 6 -8 10 27 22 -12 -13 -14 -15 19 -17 17 -19 -20 -21 -22 -23 29 -25 25 -27 -28 -29 -30 -31
leaf_value=-0.061955204203645892 -0.097158470537986708 25.621589301922654 0.0024063203867833011 0.0028414500303125829 0.0035583908181124734 0.0081347773281648401 0.086596141035898702 0.022259183594466658 -0.095007629654303108 -0.070355280266690509 0.087094774413825848 -0.072643016653429912 -0.056496131551598383 0.10765285995214353 -2.2622690302001724 80.525195722586744 3.7919041737886126 33.283416806932181 1.4970431522868886 0.89098906971738279 0.98704456238909788 -6.8803476356056095 -0.042690923705773064 0.090366423862292516 -0.031815431924001512 -0.073282832384684415 0.024304896727869146 -0.022273979415864821 0.079375633067211349 0.046186028495847166
leaf_weight=1278.9841568024349 1951.6325530990662 0.011663308308061282 5848.163291836041 22845.337774977561 7706.8818233680213 4212.8716043415479 1412.8732179315994 1048.6893967133947 305.16342279443052 3045.0296001700362 806.11587061174214 1229.7177774256561 269.23738679056987 95.875389367341995 0.38850848085712608 0.028527025366206105 0.025693681964189641 0.026959414244629443 0.50089562218636374 3.4016157202422619 0.18277917058397286 0.12978977425028237 1073.2174647533529 178.18992631137371 1335.1812098408118 393.43093038722873 1086.8977547734976 1275.9487731669215 259.01103016734123 181.57708618215747
leaf_count=1054189 2475475 12 177917 970669 504403 27644 84396 13914 19191 3082151 29276 1144784 80078 759 38 28 25 29 543 53 4 39 967370 3388 12558 3182 5008 120568 3720 64082
internal_value=-0.00549792 -0.037641 -0.00998532 0.00447664 -0.0103368 0.00913835 0.0225411 0.012831 -0.00322881 -0.0705886 0.0504373 -0.0552914 0.00240735 0.160096 1.23069 7.31057 3.61532 18.8921 2.046 0.350819 -2.27007 -3.41871 -0.058529 0.00348776 0.00136342 -0.0159453 -0.00663167 -0.036312 0.012261 -0.0298298
internal_weight=57844.7 13699.1 7447.69 44145.6 10567 33578.6 10733.3 9320.39 9287.99 6251.46 1854.81 1599.53 369.809 100.572 4.69643 0.593739 0.565212 0.0526531 0.512559 4.10269 0.701077 0.518298 4299.82 7465.58 7287.39 2815.51 2422.08 1581.11 4471.88 1254.79
internal_count=10845493 7993387 1404309 2852106 1698351 1153755 183086 98690 644162 6589078 43190 1226392 81608 1530 771 637 609 54 555 134 81 77 4113603 55500 52112 20748 17566 139759 31364 1031452
is_linear=0
shrinkage=0.1


Tree=38
num_leaves=31
num_cat=0
split_feature=7 2 0 3 7 1 0 3 0 5 2 7 2 4 2 7 0 6 0 7 7 7 0 0 1 7 2 2 2 2
split_gain=1656.1 1248.35 354.678 959.243 523.189 320.109 296.091 241.658 265.721 224.908 209.535 533.509 230.772 200.27 198.798 192.585 191.852 165.999 226.889 163.594 162.007 170.829 174.463 158.679 570.135 196.76 150.715 171.421 159.759 157.994
threshold=21.227292266390183 0.22401433691756276 0.47727272727272735 1.0000000180025095e-35 25.174511034005317 2.5000000000000004 0.58571428571428574 1.0000000180025095e-35 0.080128205128205135 1.0000000180025095e-35 0.065591397849462371 22.291147815229916 1.0000000180025095e-35 1.0000000180025095e-35 0.32738095238095244 10.951179736149603 0.86607142857142871 1.0000000180025095e-35 0.64583333333333337 36.627436471204071 39.461852635044607 21.958617037333401 0.64583333333333337 0.31666666666666671 1.5000000000000002 11.565901500296681 0.44722222222222224 0.42582417582417587 0.64852941176470602 0.67543859649122817
decision_type=2 2 2 2 2 2 2 2 2 2 2 2 2 2 2 2 2 2 2 2 2 2 2 2 2 2 2 2 2 2
left_child=1 9 4 5 -2 10 -7 8 13 -1 11 -4 -13 -3 -6 -11 17 -5 -19 -8 21 -12 -23 -17 25 -25 27 -16 -28 -30
right_child=2 7 3 16 14 6 19 -9 -10 15 20 12 -14 -15 26 23 -18 18 -20 -21 -22 22 -24 24 -26 -27 28 -29 29 -31
leaf_value=-0.08090171552494857 -0.075739239522583074 0.11940942335579306 -0.067835646765750046 0.061285183377315235 -0.043162847720879305 -0.080109585578060832 -0.035306248486143041 -0.07197347819823037 -0.00038203956965531584 -0.08999853758446312 0.041241688712629801 0.01804968536850304 -0.069966912699281278 -0.31477457068809311 0.00273128080405625 -0.087384701246560698 0.086084461005315707 0.044529742000067533 -0.06627733543894862 -0.0015823276963367141 0.040253825721196408 0.029906377604091844 -0.0032110577677522999 0.029776221159081347 -0.042845644404234606 0.22398721626254128 -0.025683221322283591 0.073875040780088094 0.037755585266914291 -0.0044209248937464784
leaf_weight=4651.9177680505745 1159.3025742848331 261.48281589433554 1078.1467354900087 1220.4418056909926 1208.6612202876131 559.06486491020769 1644.1867455291213 435.50656316711684 3875.1202733624377 458.14541036365347 1706.0288321759435 3805.9955058965716 323.18367485236377 11.073426735155406 893.17775234486908 219.06697677276691 1439.0672673722729 484.90811153198592 298.57057519350201 11494.668864858453 2725.0064801031258 2231.3228991675423 5540.5630672617117 86.617906944678992 583.98903998165042 131.15490439614192 2620.8792215110734 545.54249386896845 1125.0320311780088 4218.7683068700135
leaf_count=5419685 710098 3954 984978 23833 442338 68327 241844 363966 53210 455673 104273 408402 27918 72 94677 258428 85796 9563 3581 255184 31198 29453 110731 81678 370572 68050 54372 29178 15165 39296
internal_value=-0.00515811 -0.0405893 0.00303687 0.0081443 -0.0119544 0.00260107 -0.00883527 -0.00111003 0.00633064 -0.0701022 0.0115989 -0.00519497 0.0111608 0.101769 -0.00498631 -0.0361336 0.0582287 0.0382248 0.00230302 -0.00580251 0.0187653 0.0125871 0.00629702 -0.0119592 0.00864944 0.146741 -7.93057e-05 0.029708 -0.00546001 0.00445851
internal_weight=57036.6 10714.1 46322.5 34551.2 11771.4 31108.2 13697.9 4583.18 4147.68 6130.89 17410.2 5207.33 4129.18 272.556 10612.1 1478.97 3442.99 2003.92 783.479 13138.9 12202.9 9477.91 7771.89 1020.83 801.762 217.773 9403.4 1438.72 7964.68 5343.8
internal_count=10845493 7075288 3770205 2385081 1385124 2262308 565355 421202 57236 6654086 1696953 1421298 436320 4026 675026 1234401 122773 36977 13144 497028 275655 244457 140184 778728 520300 149728 232688 123855 108833 54461
is_linear=0
shrinkage=0.1


Tree=39
num_leaves=31
num_cat=0
split_feature=7 2 2 0 3 1 0 1 0 0 7 3 0 7 1 5 2 7 2 7 0 7 7 0 5 6 2 4 2 7
split_gain=1416.2 1133.78 317.584 322.52 575.977 417.61 310.371 249.099 272.732 225.421 224.158 209.593 234.183 204.29 346.304 336.466 217.323 185.473 206.309 176.927 174.598 206.297 166.925 220.108 194.177 628.159 170.653 165.897 162.332 201.393
threshold=21.227292266390183 0.22401433691756276 0.82480818414322254 0.47727272727272735 1.0000000180025095e-35 1.5000000000000002 0.81666666666666676 2.5000000000000004 0.58571428571428574 0.31666666666666671 24.89586131266449 1.0000000180025095e-35 0.080128205128205135 11.053629349151615 1.5000000000000002 1.0000000180025095e-35 0.13840996168582378 61.693175783431279 0.32738095238095244 14.264366567761664 0.86607142857142871 136.28990979692213 38.519503317171605 0.64583333333333337 1.0000000180025095e-35 1.0000000180025095e-35 0.47722567287784684 1.0000000180025095e-35 0.10620300751879701 22.36699358266404
decision_type=2 2 2 2 2 2 2 2 2 2 2 2 2 2 2 2 2 2 2 2 2 2 2 2 2 2 2 2 2 2
left_child=1 9 3 5 7 10 -4 22 -9 19 -2 12 27 -11 15 16 -15 18 -12 -1 21 -6 23 24 25 -5 -26 -3 29 -25
right_child=2 11 6 4 20 -7 -8 8 -10 13 17 -13 -14 14 -16 -17 -18 -19 -20 -21 -22 -23 -24 28 26 -27 -28 -29 -30 -31
leaf_value=-0.097119875320899884 -0.070430161664392629 0.11636929361436846 0.013835250470192205 0.041943489568354503 0.042281114172369322 -0.069721352007381041 0.076866484522124023 -0.080987604179728445 -0.006507418744792836 -0.090286276129430354 -0.036200911184003572 -0.069369352104865625 -0.00034385123466497847 -0.04877956751077784 -0.057504099181698978 0.12558431668618378 0.26409024617647442 -0.025443197141355706 0.017187156063772396 0.018925146088406092 0.081670913111701327 -0.070361378236212579 0.024641772812637505 -0.059229818585578659 0.11264120981913216 -0.10094706692157514 0.026016890031308443 -0.27267645750471264 0.0045694417684187102 -0.0047590845048095338
leaf_weight=2343.0620810737282 536.15278416115689 242.4684278145462 3451.427524748724 1294.3088975203573 1338.7555268320721 1267.0302480330902 1009.771073483862 511.46205162856495 12690.857158248138 925.4632003808083 879.42354247003095 408.1082010534592 3874.9558425730793 343.59579754987516 1719.0322318434664 230.42729048742723 23.73496703512501 2547.6794093439239 4090.8119184245588 139.18848524165378 1045.101661222754 185.06377618387341 4845.9392678281292 1051.9297488824232 413.96649803628679 403.58509848319227 504.68199349939823 11.479630930552728 5935.7013635623734 1913.3809151991154
leaf_count=3282199 391915 3954 37633 94231 22389 410734 39745 68177 491095 1062178 346511 363966 53210 427903 1601766 133141 6689 42630 172580 140210 62916 2690 63310 1017952 29963 39474 2090 72 95664 338506
internal_value=-0.00475557 -0.0383416 0.00275022 2.20281e-05 0.00477244 -0.0163552 0.0281021 0.000826091 -0.0093928 -0.0679336 -0.00795982 -0.0010044 0.00575292 -0.0505705 -0.0347056 0.0308583 -0.0285636 -0.00350464 0.00774078 -0.0906128 0.0501912 0.028601 0.00907085 0.00251949 0.0280168 0.00797877 0.065052 0.0987826 -0.00497569 -0.0240823
internal_weight=56178.5 10261.5 45917 41455.8 32134.7 9321.1 4461.2 29565.8 13202.3 5724.5 8054.07 4537.01 4128.9 3242.25 2316.79 597.758 367.331 7517.91 4970.24 2482.25 2568.92 1523.82 16363.5 11517.6 2616.54 1697.89 918.648 253.948 8901.01 2965.31
internal_count=10845493 7075288 3770205 3692827 2328457 1364370 77378 2240462 559272 6654086 953636 421202 57236 3231677 2169499 567733 434592 561721 519091 3422409 87995 25079 1681190 1617880 165758 133705 32053 4026 1452122 1356458
is_linear=0
shrinkage=0.1


Tree=40
num_leaves=31
num_cat=0
split_feature=7 8 2 2 0 2 1 2 5 6 0 0 2 5 0 0 2 1 2 2 2 7 7 1 7 2 2 0 8 2
split_gain=1252.58 520.362 452.111 427.957 316.078 210.574 316.722 159.011 141.666 532.848 748.868 617.696 143.563 136.066 135.847 754.004 499.14 194.266 154.28 127.623 223.207 125.307 122.724 189.064 316.115 122.445 118.29 117.279 229.789 178.536
threshold=11.616768759844739 32.500000000000007 0.41277890466531447 0.11583184257602865 0.31666666666666671 0.8973684210526317 1.5000000000000002 0.27888888888888896 1.0000000180025095e-35 1.0000000180025095e-35 0.61250000000000016 0.77500000000000013 0.4188596491228071 1.0000000180025095e-35 0.86607142857142871 0.61250000000000016 0.31698564593301443 3.5000000000000004 1.0000000180025095e-35 0.43303571428571436 0.71130952380952395 95.218118876066157 15.395487184129708 1.5000000000000002 12.696405833370834 0.42582417582417587 0.67543859649122817 0.16025641025641027 5.5000000000000009 0.47722567287784684
decision_type=2 2 2 2 2 2 2 2 2 2 2 2 2 2 2 2 2 2 2 2 2 2 2 2 2 2 2 2 2 2
left_child=2 5 -1 13 7 8 -7 -5 9 -2 -11 12 -12 -3 15 18 22 21 -10 25 26 -17 23 24 -16 -13 -21 28 -20 -29
right_child=1 3 -4 4 -6 6 -8 -9 14 10 11 19 -14 -15 16 17 -18 -19 27 20 -22 -23 -24 -25 -26 -27 -28 29 -30 -31
leaf_value=-0.083609970585967808 0.0059521305905408488 -0.06382403176961382 0.0044534890851377308 -0.08883912495144107 0.0048328004006131069 0.0064898225162213375 0.076866564389087177 -0.015044697533026688 0.097817700885191275 -0.097943787818303707 0.11259527272999525 -0.037399791186830643 0.032861250036910171 -0.018588730063786869 1.2601669801942468 -0.068025327493837467 0.082267627184314768 0.027170259261688475 0.056153167821254492 0.0039588346516325271 -0.059482235554870637 -0.18990322948874741 0.0068322717939116283 0.44198662291005975 12.23575493063797 -0.12352723573559832 0.10528017466904382 0.064138128652649035 -0.085119162241380206 0.0098756771479260857
leaf_weight=2586.1413127959386 23212.818212395287 2352.0655592856351 752.64422393776476 601.22169690302144 4934.2863564299187 1885.8713220003992 967.55086366645992 567.73047263873741 270.4021813525469 1191.9903179357061 301.37423392629717 2166.4810198642081 900.70529226213694 927.04553027723659 0.073510396643540754 1086.6335303212982 1141.7728136368096 208.79508526157588 196.2459753107978 1202.1481523942202 607.77135308459401 91.458186931908131 3867.6689953255118 0.32079485245049 0.040809668600559235 178.67923254519701 127.44044782966375 886.12813254410139 278.57717091561062 1920.5276133702137
leaf_count=3305133 1385803 2937348 4888 855011 123410 16697 39836 230591 78701 327751 23869 173714 4880 824478 43 25112 56803 3383 11600 6713 5485 630 227454 41 18 1140 672 33658 125067 15564
internal_value=-0.00438187 -0.000574872 -0.0637583 -0.0218983 -0.00624372 0.00411141 0.0303535 -0.052999 0.0022318 -0.00120859 -0.0261046 -0.0104915 0.0528514 -0.0510354 0.012568 0.000798786 0.0241702 -0.0617309 0.0252145 -0.0282715 -0.00927837 -0.077487 0.0070212 1.68636 5.1782 -0.0439619 0.0136704 0.0192318 -0.0267308 0.0270076
internal_weight=55412.6 52073.8 3338.79 9382.35 6103.24 42691.5 2853.42 1168.95 39838.1 29889.4 6676.59 5484.6 1202.08 3279.11 9948.64 4938.77 5009.88 1386.89 3551.88 4282.52 1937.36 1178.09 3868.1 0.435115 0.11432 2345.16 1329.59 3281.48 474.823 2806.66
internal_count=10845493 7535472 3310021 4970838 1209012 2564634 56533 1085602 2508101 1930027 544224 216473 28749 3761826 578074 293715 284359 29125 264590 187724 12870 25742 227556 102 61 174854 7385 185889 136667 49222
is_linear=0
shrinkage=0.1


Tree=41
num_leaves=31
num_cat=0
split_feature=7 2 7 2 0 3 1 3 7 2 0 2 2 2 0 1 4 6 0 5 5 8 8 2 2 6 5 7 2 7
split_gain=1096.27 488.114 657.588 420.143 286.596 547.963 274.369 379.962 525.8 295.81 288.407 246.42 232.641 169.568 168.178 159.013 143.225 139.792 150.174 139.006 133.992 128.527 240.294 118.495 146.784 123.377 118.869 116.204 163.072 185.915
threshold=11.493361492365652 0.11583184257602865 23.877406023321381 0.44722222222222224 0.47727272727272735 1.0000000180025095e-35 1.5000000000000002 1.0000000180025095e-35 24.657580295307813 0.47722567287784684 0.31666666666666671 0.97500000000000009 0.92582417582417598 1.0000000180025095e-35 0.86607142857142871 3.5000000000000004 1.0000000180025095e-35 1.0000000180025095e-35 0.64583333333333337 1.0000000180025095e-35 1.0000000180025095e-35 92.500000000000014 104.50000000000001 0.32738095238095244 0.44722222222222224 1.0000000180025095e-35 1.0000000180025095e-35 40.463638564199819 0.54772727272727284 53.677130494496517
decision_type=2 2 2 2 2 2 2 2 2 2 2 2 2 2 2 2 2 2 2 2 2 2 2 2 2 2 2 2 2 2
left_child=3 2 19 -1 6 11 7 9 10 16 -9 15 -8 -4 17 -6 -3 -7 20 -2 -19 23 27 -10 25 -25 -27 -23 29 -29
right_child=1 4 13 -5 5 14 12 8 21 -11 -12 -13 -14 -15 -16 -17 -18 18 -20 -21 -22 22 -24 24 -26 26 -28 28 -30 -31
leaf_value=-0.084082222252608183 -0.063939208173064019 0.11986498297810416 0.0031038385558302879 0.0096581681382049527 0.0075839009933499242 0.055080739759905142 -0.068207016386120298 -0.082344356953207853 -0.037579470449786011 0.016861230866326824 0.15043854351185848 0.10192736349300585 0.08224965366947945 -0.033538068166043981 0.080915863616017658 -0.020237729521864943 -0.36981091474708383 -0.15377397256468009 -0.053073529224922714 -0.023142734987991579 0.052576382660246126 0.24768151367867872 -0.030654910456515916 0.048380994487728202 -0.0041668287076678419 -0.11632822330790807 0.017721499364610118 1.3713257799721532 0.62193657633454502 5.4797248981858555
leaf_weight=2260.0565175966622 2741.437361254495 430.69353080039468 7831.4952418250614 606.41927952691913 19382.209946286981 1120.379752543754 1040.1190752308466 1145.3936277384073 859.32005668600323 1190.9120994601399 55.817244905263578 263.49099680874497 114.03662469238043 1505.7868071159464 1164.6994543002993 2297.8753584874794 6.0571317135593281 34.057405244093388 316.78678627824411 1201.1293318019234 413.89266514219344 10.645146623370239 24.215780320577323 1032.3904716556426 7433.8213315058965 95.52384464989882 215.12914351257496 0.47551546292379399 6.3080042703077197 0.14335126546211541
leaf_count=3074342 3497025 33791 615803 3270 232201 23843 58102 1311788 341737 8473 1254 7830 2604 169900 85321 17745 235 332 3568 1107355 9239 3230 8690 78867 102543 25541 20620 99 128 17
internal_value=-0.0040478 -0.000724927 -0.017265 -0.0642509 0.00495746 0.0113234 -0.00668934 -0.00238422 -0.00912609 0.042678 -0.0715275 0.00580333 -0.0533411 -0.00280526 0.0510407 0.00463508 0.113074 0.0325827 -0.000378112 -0.0515103 0.0368877 -0.00138095 0.173617 -0.00213984 0.00132996 0.031755 -0.0234979 0.455121 0.773912 2.32298
internal_weight=54800.7 51934.2 13279.8 2866.48 38654.4 24993.4 13661 12506.8 10879.2 1627.66 1201.21 21943.6 1154.16 9337.28 3049.82 21680.1 436.751 1885.12 764.737 3942.57 447.95 9677.97 41.7878 9636.18 8776.86 1343.04 310.653 17.572 6.92687 0.618867
internal_count=10845493 7767881 5390083 3077612 2377798 380079 1997719 1937013 1894514 42499 1313042 257776 60706 785703 122303 249946 34026 36982 13139 4604380 9571 581472 12164 569308 227571 125028 46161 3474 244 116
is_linear=0
shrinkage=0.1


Tree=42
num_leaves=31
num_cat=0
split_feature=7 2 7 0 2 2 3 2 0 7 2 7 7 5 8 1 0 7 2 7 5 8 0 0 4 2 2 7 7 7
split_gain=976.969 492.228 699.196 249.385 528.927 452.538 247.589 243.62 242.174 219.333 153.482 150.693 197.636 145.658 139.01 133.145 235.491 168.935 130.346 137.232 377.843 402.277 117.038 114.687 111.47 110.78 110.602 244.704 377.798 190.615
threshold=10.951179736149603 0.11583184257602865 22.754244164814722 0.19090909090909094 0.32738095238095244 0.97500000000000009 1.0000000180025095e-35 0.54772727272727284 0.77500000000000013 112.90503040955561 1.0000000180025095e-35 17.973021508147554 24.657580295307813 1.0000000180025095e-35 7.5000000000000009 2.5000000000000004 0.58571428571428574 39.461852635044607 0.25403225806451618 11.640103216739154 1.0000000180025095e-35 126.50000000000001 0.47727272727272735 0.73214285714285732 1.0000000180025095e-35 0.053342816500711245 0.34057971014492755 15.395487184129708 13.220348215950059 20.904073311364698
decision_type=2 2 2 2 2 2 2 2 2 2 2 2 2 2 2 2 2 2 2 2 2 2 2 2 2 2 2 2 2 2
left_child=7 2 13 4 14 6 15 -1 9 18 22 24 -13 -2 -3 17 -17 26 19 20 -8 -22 -4 -18 -6 -12 27 28 -5 -29
right_child=1 3 10 5 11 -7 8 -9 -10 -11 25 12 -14 -15 -16 16 23 -19 -20 -21 21 -23 -24 -25 -26 -27 -28 29 -30 -31
leaf_value=-0.091742615085596488 -0.067577226858995296 -0.0028774076875119712 -0.069000761028074953 0.066344315326744133 0.096980260204766758 0.076266915777609579 0.13558599362837687 0.017481641954958591 0.073364230283677861 -0.038584482749439257 -0.090247432533122882 -0.081186754928439742 0.0015538267490909476 -0.025514479499032468 -0.077940717817528926 -0.075914437532751303 0.027823970624878347 0.032879104153706547 0.021989153120339958 0.099095409892973538 -0.10071286956238318 10.488440317330676 0.0039300787309008624 -0.0073943287351194223 -0.23898011099196556 -0.020037018066863817 -0.0012275197625878983 -0.071469054119803463 0.43046978729036089 0.018307282765706014
leaf_weight=1521.3638084258273 2579.80378908272 307.98643893515236 226.28569241747027 320.89191326493528 214.275523555174 969.19078366644681 0.42356214177470874 235.86905477382243 979.43024002518268 589.82137527875602 273.03778032551054 299.95321886084275 7686.4309444099199 1209.1167804110792 1240.0704212316314 466.56184330646647 1059.8304823205108 2423.5308000217192 2000.330793925852 219.16862558000685 0.062080014555249363 0.084993331285659224 7973.1381464665174 7249.3247885861201 10.353160634636877 1270.1289950234932 9782.476742221741 258.82624961255351 31.27103789546527 2741.8446556617273
leaf_count=2220224 3869723 52695 170518 56302 7570 40337 358 1245 70119 7518 23473 244735 218029 1217243 1406983 17945 9453 25800 32943 11110 24 28 687071 65795 56 206607 66171 22585 1817 91016
internal_value=-0.00373832 -0.00127798 -0.0177035 0.00444274 -0.00939031 0.00908295 0.00676769 -0.0770817 0.0305448 0.0156194 -0.00352775 0.000718237 -0.00155375 -0.0541542 -0.0630068 0.00306517 -0.00678394 0.00862041 0.0300201 0.103128 1.65189 6.01873 0.00191735 -0.00290224 0.0814958 -0.0324596 0.00414456 0.0198185 0.0986776 0.0105635
internal_weight=54140.9 52383.7 13531.5 38852.1 9759.07 29093.1 28123.9 1757.23 3789.32 2809.89 9742.59 8211.01 7986.38 3788.92 1548.06 24334.6 8775.72 15558.8 2220.07 219.739 0.570635 0.147073 8199.42 8309.16 224.629 1543.17 13135.3 3352.83 352.163 3000.67
internal_count=10845493 8624024 6174635 2449389 1930068 519321 478984 2221469 122100 51981 1087669 470390 462764 5086966 1459678 356884 93193 263691 44463 11520 410 52 857589 75248 7626 230080 237891 171720 58119 113601
is_linear=0
shrinkage=0.1


Tree=43
num_leaves=31
num_cat=0
split_feature=7 2 7 0 1 0 2 2 2 7 7 8 1 7 1 3 0 3 7 0 5 2 7 5 6 7 0 2 7 2
split_gain=868.814 381.656 357.887 492.225 368.176 490.265 269.027 260.615 220.574 207.975 204.17 183.055 169.773 162.641 157.008 226.492 147.278 237.879 163.18 133.148 124.483 121.163 119.988 117.117 217.917 98.7581 97.7024 121.264 115.412 159.978
threshold=11.493361492365652 0.43303571428571436 37.521046829444565 0.31666666666666671 1.5000000000000002 0.47727272727272735 0.27429467084639503 0.47722567287784684 0.10762548262548265 17.973021508147554 21.958617037333401 7.5000000000000009 2.5000000000000004 27.231415411263665 3.5000000000000004 1.0000000180025095e-35 0.47727272727272735 1.0000000180025095e-35 136.28990979692213 0.86607142857142871 1.0000000180025095e-35 0.8973684210526317 14.018128325212766 1.0000000180025095e-35 1.0000000180025095e-35 23.469758254960094 0.29285714285714287 0.29520697167755999 61.693175783431279 0.69397993311036799
decision_type=2 2 2 2 2 2 2 2 2 2 2 2 2 2 2 2 2 2 2 2 2 2 2 2 2 2 2 2 2 2
left_child=1 -1 3 6 7 -6 11 23 10 22 -7 -2 19 -10 16 -16 26 -18 -19 -12 -21 -20 -8 24 -5 -11 27 -4 29 -29
right_child=2 -3 14 4 5 8 9 -9 13 25 12 -13 -14 -15 15 -17 17 18 21 20 -22 -23 -24 -25 -26 -27 -28 28 -30 -31
leaf_value=-0.082470951052631247 0.035245926879582078 0.0081124828561709283 -0.060519824997864381 0.086624949699170839 -0.071274364569321652 -0.050442266632321847 -0.00095475293103887383 0.0042097486449232512 0.012485745619973621 -0.08887539080848611 0.034529703255254021 -0.08245824954032642 -0.050770625472474712 -0.012614117471434764 -0.018450076196794087 0.074761230641900642 0.010286592163377966 0.056123256520629529 -0.047900056194582055 -0.03656398804830345 0.033680659697772147 0.084551172643099456 0.1103752607747831 0.11318634714173535 -0.070822458171378069 -0.02084091449470642 -0.02900596826639994 0.03201429223995874 -0.0072798723926317411 -0.011642410614192602
leaf_weight=1925.0053650216287 144.02477775022885 613.32588158734143 287.85482443246292 296.19249685265692 1164.5046013324118 1671.3231778961472 224.38842573465081 1069.6908959606662 7190.9484468821356 277.85020095104119 976.51680274953833 1599.7128265343028 660.13979452184867 4027.4827431305894 3666.8864854541607 280.63595753489062 13776.338521235681 1981.3418165035546 284.56125150807202 831.74248120607808 362.11664971860591 91.199829147197306 170.26710888673551 452.04429216752897 125.00662031071255 919.25769590953132 1077.1178176608519 2566.3794745518826 3571.4990818565711 1247.3512078290805
leaf_count=3074247 44285 3365 98879 164199 634320 2029339 16931 5487 170969 244341 190808 2507093 255491 48276 114159 16193 242219 85098 11717 304610 48230 6427 6919 78220 99945 172487 32323 82805 44197 11914
internal_value=-0.00348307 -0.0605837 -0.000640792 -0.0101957 -0.0039231 -0.00866673 -0.0456023 0.0373007 -0.00402897 -0.0158775 -0.022728 -0.0727364 -0.00636364 0.00347475 0.0067043 -0.0118235 0.00964354 0.0153093 0.044665 0.00714316 -0.0152577 -0.0157532 0.0470766 0.0778358 0.0398965 -0.0366318 -0.000802859 0.00315618 0.00563809 0.0177356
internal_weight=53532.7 2538.33 50994.4 22163.2 18827.7 16884.8 3335.5 1942.93 15720.3 1591.76 4501.84 1743.74 2830.52 11218.4 28831.2 3947.52 24883.6 16133.4 2357.1 2170.38 1193.86 375.761 394.656 873.243 421.199 1197.11 8750.2 7673.08 7385.23 3813.73
internal_count=10845493 3077612 7767881 7021950 4029894 3682043 2992056 347851 3047723 440678 2828478 2551378 799139 219245 745931 130352 615579 345461 103242 543648 352840 18144 23850 342364 264144 416828 270118 237795 138916 94719
is_linear=0
shrinkage=0.1


Tree=44
num_leaves=31
num_cat=0
split_feature=7 8 0 2 2 2 2 0 5 1 5 6 0 0 7 2 2 2 7 7 7 2 3 2 7 7 3 2 7 5
split_gain=776.053 354.817 436.354 221.357 218.296 207.153 140.925 209.138 122.779 116.639 107.463 397.739 609.144 535.769 124.583 119.692 179.07 112.316 105.531 98.5396 94.7433 86.4935 82.1666 81.1398 80.326 110.848 79.3606 76.3238 74.8649 71.6982
threshold=10.951179736149603 32.500000000000007 0.31666666666666671 0.26201372997711675 0.53589743589743599 0.11583184257602865 0.82480818414322254 0.81666666666666676 1.0000000180025095e-35 1.5000000000000002 1.0000000180025095e-35 1.0000000180025095e-35 0.61250000000000016 0.77500000000000013 80.898622908551602 0.43303571428571436 0.71130952380952395 0.42582417582417587 21.82192766347131 24.440015940136131 66.469348401860472 0.22902097902097904 1.0000000180025095e-35 0.68990384615384626 17.973021508147554 14.018128325212766 1.0000000180025095e-35 0.4188596491228071 72.34418059892694 1.0000000180025095e-35
decision_type=2 2 2 2 2 2 2 2 2 2 2 2 2 2 2 2 2 2 2 2 2 2 2 2 2 2 2 2 2 2
left_child=4 6 3 -3 -1 8 10 28 -4 22 11 -2 -13 20 15 17 23 21 -11 29 27 -15 -10 -17 25 -5 -21 -14 -8 -7
right_child=1 2 5 24 -6 19 7 -9 9 18 -12 12 13 14 -16 16 -18 -19 -20 26 -22 -23 -24 -25 -26 -27 -28 -29 -30 -31
leaf_value=-0.08999951784155856 0.0041460683206126208 -0.091168562822202329 -0.047674198825699024 -0.0081305708159110004 0.013185079039517048 -0.0036315994012700095 -0.001796218760103854 0.070331072309276835 0.11187658837436876 -0.039985237129223229 0.010205475728046878 -0.093599019544295781 0.1023342274779947 -0.042309863190973254 -0.078156716554862254 0.011343576470431138 -0.055526344042946735 -0.12408392516406104 0.045354466504537595 -0.034347243753862985 -0.038947494772102881 0.0092053299932669634 -0.17621127657375515 0.10406307650587712 -0.04235202029630563 0.15925553024549302 0.0496345382589055 0.042414344769809049 0.028279900393909298 0.022325963147781465
leaf_weight=1281.4427634162857 22161.883515902067 1098.4956153079629 1693.2726944750484 153.02932240511291 244.08215803280473 2115.7068553178106 2065.5580825046636 696.57663997169584 116.03904906962993 528.86418563990992 9384.6781557774666 1057.4123919722915 303.46875648922287 1476.0512193431496 428.77990102057811 1070.7898634150624 436.06733987294137 138.93884773552418 199.58854444841745 951.20031808584463 106.13043528294656 418.28017038386315 10.823687651482997 103.50584698840976 380.04102126328507 53.357417933584657 127.61780966282822 709.75981682911515 1380.9414877705276 2140.8213879535324
leaf_count=2220171 1425065 2304419 2448316 14739 1298 70135 19589 37429 110967 603234 593770 357902 23272 165409 8745 5051 2872 864 89070 24786 1713 2952 205 442 244749 2623 1831 3314 19599 40962
internal_value=-0.00319938 -0.00111755 -0.0184933 -0.0646857 -0.0734901 -0.00862127 0.00284695 0.0203553 -0.0320747 -0.00119223 0.000927724 -0.00213688 -0.0244185 -0.0103285 -0.0271703 -0.0211703 -0.000804478 -0.0373001 -0.016603 0.00258196 0.050945 -0.030935 0.0872975 0.0195161 -0.0150782 0.035144 -0.0244127 0.0603608 0.0102547 0.00942376
internal_weight=53033.2 51507.7 9568.86 1684.92 1525.52 7883.93 41938.8 4143.08 2548.59 855.315 37795.7 28411.1 6249.18 5191.77 4072.41 3643.63 1610.36 2033.27 728.453 5335.35 1119.36 1894.33 126.863 1174.3 586.428 206.387 1078.82 1013.23 3446.5 4256.53
internal_count=10845493 8624024 5956036 2566530 2221469 3389506 2667988 76617 3251792 803476 2591371 1997601 572536 214634 186335 177590 8365 169225 692304 137714 28299 168361 111172 5493 262111 17362 26617 26586 39188 111097
is_linear=0
shrinkage=0.1


Tree=45
num_leaves=31
num_cat=0
split_feature=7 2 0 7 2 1 0 5 2 6 3 2 7 2 1 7 2 2 2 2 3 5 6 0 8 5 2 7 7 3
split_gain=686.676 313.376 511.257 201.968 187.775 178.53 170.713 424.935 430.262 176.895 220.824 183.587 153.573 143.92 126.178 237.294 122.745 137.6 130.596 122.348 114.005 113.759 107.953 171.938 257.423 180.624 141.823 180.983 94.251 93.3424
threshold=10.886429193916955 0.18019480519480521 0.31666666666666671 21.82192766347131 0.44722222222222224 1.5000000000000002 0.86607142857142871 1.0000000180025095e-35 0.44097222222222227 1.0000000180025095e-35 1.0000000180025095e-35 0.78759398496240618 45.772188005600235 0.26491228070175443 2.5000000000000004 61.693175783431279 0.71130952380952395 0.88562091503267981 0.51086956521739146 0.267948717948718 1.0000000180025095e-35 1.0000000180025095e-35 1.0000000180025095e-35 0.16025641025641027 5.5000000000000009 1.0000000180025095e-35 0.54772727272727284 80.898622908551602 51.128109545440033 1.0000000180025095e-35
decision_type=2 2 2 2 2 2 2 2 2 2 2 2 2 2 2 2 2 2 2 2 2 2 2 2 2 2 2 2 2 2
left_child=4 2 -2 5 -1 21 22 9 12 10 11 19 13 -9 28 -16 18 -18 -11 -8 -20 -4 -3 24 25 -24 -27 -28 29 -5
right_child=1 6 3 14 -6 -7 7 8 -10 16 -12 -13 -14 -15 15 -17 17 -19 20 -21 -22 -23 23 -25 -26 26 27 -29 -30 -31
leaf_value=-0.09159269498106512 -0.080130864350324515 0.0038413697315420278 -0.024299829278160576 0.003444827857126723 0.0038395000392274976 -0.046089993315126782 0.050528555172173632 0.031612380027681207 0.09193776977872159 -0.025820307406891077 0.082252658255739297 0.077866875461846244 0.072580459768355046 -0.035609033788328741 -0.032981831770264744 0.0094935192738508645 -0.066056825226860433 0.06209400226286485 0.026004890157777596 -0.0030682876638731603 -0.21941961830901044 0.066570182366581729 -0.099549207145429822 -0.0050502231755847424 -0.092481784070992792 -0.021613269193981988 0.22456869063782925 -0.015759608022894337 0.063294081130985932 0.10733597148714864
leaf_weight=1088.7085375867682 1065.3559748822699 17008.390525888768 298.34988557890688 5300.2310808658658 254.34916905872524 2116.9437978532005 475.43985326727852 627.85590916803267 1233.727798525244 1302.0169158284552 434.21082444861531 347.99143041111529 346.66749124112539 646.39961733436212 2840.408215540665 2449.5338497685152 685.11956279259175 95.461436945945024 1035.6053031235933 4088.3876738399267 19.279616994783282 255.95831836036518 93.472264500215942 7330.0458083758858 565.39426910779616 106.54372436308768 82.444399321451783 50.545938443392515 293.89356696675532 87.915749250743829
leaf_count=2130719 2044970 1258381 490476 888074 1421 2554280 7718 8210 69121 13370 40958 6540 9339 5261 450709 79028 5765 2254 4707 23211 972 157650 13353 87463 476625 8302 1475 1092 2385 1664
internal_value=-0.00293426 -0.00108571 -0.0134125 -0.00820268 -0.0735197 -0.0328612 0.0038715 0.0140641 0.0474376 0.00283417 0.0138965 0.0078537 0.0135674 -0.00248745 -0.00219929 -0.0133134 -0.0160151 -0.0503846 -0.00463235 0.0025152 0.0215194 0.0176605 -0.000707756 -0.0101109 -0.051401 0.018348 0.0643545 0.133227 0.00814789 0.00513997
internal_weight=52626.6 51283.6 14708.6 13643.2 1343.06 2671.25 36575 11338.2 2854.65 8483.51 5346.03 4911.82 1620.92 1274.26 10972 5289.94 3137.48 780.581 2356.9 4563.83 1054.88 554.308 25236.8 8228.45 898.401 333.006 239.534 132.99 5682.04 5388.15
internal_count=10845493 8713353 6669236 4624266 2132140 3202406 2044117 197426 91931 105495 78427 37469 22810 13471 1421860 529737 27068 8019 19049 30929 5679 648126 1846691 588310 500847 24222 10869 2567 892123 889738
is_linear=0
shrinkage=0.1


Tree=46
num_leaves=31
num_cat=0
split_feature=7 8 2 7 2 0 5 2 6 3 2 7 2 2 5 2 2 1 7 6 0 8 5 7 7 3 7 8 8 2
split_gain=605.671 281.027 224.639 342.847 179.248 137.911 350.182 422.135 168.408 217.952 156.3 130.53 122.689 117.828 117.803 108.895 103.093 99.2853 97.6369 96.7767 178.134 231.821 146.782 120.954 181.146 179.485 241.638 245.796 1487.87 451.853
threshold=10.886429193916955 106.50000000000001 0.11583184257602865 24.237031412278139 0.44722222222222224 0.86607142857142871 1.0000000180025095e-35 0.44097222222222227 1.0000000180025095e-35 1.0000000180025095e-35 0.78759398496240618 47.756394436655604 0.64852941176470602 1.0000000180025095e-35 1.0000000180025095e-35 0.5590277777777779 0.053342816500711245 2.5000000000000004 80.898622908551602 1.0000000180025095e-35 0.16025641025641027 5.5000000000000009 1.0000000180025095e-35 17.973021508147554 23.086499753129598 1.0000000180025095e-35 14.591829551631539 50.500000000000007 53.500000000000007 0.18019480519480521
decision_type=2 2 2 2 2 2 2 2 2 2 2 2 2 2 2 2 2 2 2 2 2 2 2 2 2 2 2 2 2 2
left_child=4 2 3 14 -1 19 8 11 9 10 12 -8 15 -5 -2 -7 -15 -18 -10 23 21 22 -21 25 -25 -4 -27 -28 29 -29
right_child=1 -3 5 13 -6 6 7 -9 18 -11 -12 -13 -14 16 -16 -17 17 -19 -20 20 -22 -23 -24 24 -26 26 27 28 -30 -31
leaf_value=-0.090604892613783461 -0.052855641754856464 -0.049183169661081792 0.049520020728590623 0.0032680529274133822 0.0034550470210823908 0.0051855362906725443 0.0020528564304807032 0.090835138142697183 -0.0095527797964881991 0.083626064737571407 0.075011763133899484 0.066180448860518146 -0.024908729769634444 -0.087889331581859173 -0.012601300628280909 0.054724814756136289 0.014150038746993063 -0.044685924910208598 -0.067915070248672479 -0.099214081903666151 -0.0039145791291821542 -0.091608325251897119 0.050647517315942296 -0.045878876264501683 0.0040935228846265817 -0.076638873237964256 0.055466854388903156 18.815263625963041 0.4815866197216126 6.7377484713791347
leaf_weight=995.31101361263427 2167.3081583469229 1181.9888142501368 1132.3712811522855 7708.5942336378503 254.38426046818495 3066.4796134550106 1649.7971443004953 1117.5468492563814 3017.659966147854 408.96893508755602 323.42267785221338 393.02544363448396 1172.6005104854703 240.64312423128285 1093.9444158118949 518.78653804957867 561.53539048309904 586.25016825474449 316.73487809859216 87.383770489135259 7458.1446659559042 548.17798646874371 259.28062406065874 762.52615681276075 14891.975881665916 227.7780313380936 19.122120041312858 0.037007064674979939 6.9996230763499625 0.19011660147225484
leaf_count=2130719 3484580 1282929 42093 579841 1421 31015 32171 68831 35559 41093 6518 9531 7752 15630 1124288 3015 64936 77136 4946 14444 115814 518271 11839 227829 501127 391988 13927 84 5932 234
internal_value=-0.00268003 -0.000992023 0.000153222 -0.0115347 -0.0714583 0.00401749 0.0128591 0.0414223 0.00262976 0.0133955 0.00774299 0.0143906 0.0031703 -0.00156197 -0.0393529 0.0123538 -0.0283784 -0.0159014 -0.0150966 -0.000155427 -0.00897295 -0.0511324 0.0128719 0.00416666 0.00165938 0.0324755 -0.0434737 0.24323 0.740054 8.70563
internal_weight=52169 50919.3 49737.3 12358.3 1249.7 37379 11985 3160.37 8824.65 5490.26 5081.29 2042.82 4757.87 9097.02 3261.25 3585.27 1388.43 1147.79 3334.39 25394 8352.99 894.842 346.664 17041 15654.5 1386.5 254.127 26.3489 7.22675 0.227124
internal_count=10845493 8713353 7430424 5346411 2132140 2084013 240431 110533 129898 89393 48300 41702 41782 737543 4608868 34030 157702 142072 40505 1843582 660368 544554 26283 1183214 728956 454258 412165 20177 6250 318
is_linear=0
shrinkage=0.1


Tree=47
num_leaves=31
num_cat=0
split_feature=7 8 0 2 2 5 6 0 2 1 7 0 7 2 0 2 2 5 6 0 0 0 0 2 1 2 2 1 7 2
split_gain=528.977 290.761 443.76 224.086 166.737 121.497 166.884 111.931 109.122 220.037 103.204 187.673 122.792 101.718 95.5069 81.6658 80.519 69.6251 305.22 577.484 400.298 107.665 586.961 367.774 173.487 114.82 107.227 98.5425 92.3426 102.722
threshold=10.843404829448952 37.500000000000007 0.31666666666666671 0.26201372997711675 0.54772727272727284 1.0000000180025095e-35 1.0000000180025095e-35 0.64583333333333337 0.90692640692640702 1.5000000000000002 15.395487184129708 0.64583333333333337 20.363979620333986 0.13840996168582378 0.47727272727272735 0.47722567287784684 0.78759398496240618 1.0000000180025095e-35 1.0000000180025095e-35 0.61250000000000016 0.86607142857142871 0.61250000000000016 0.86607142857142871 0.39565217391304358 3.5000000000000004 0.47722567287784684 1.0000000180025095e-35 6.5000000000000009 95.218118876066157 0.43303571428571436
decision_type=2 2 2 2 2 2 2 2 2 2 2 2 2 2 2 2 2 2 2 2 2 2 2 2 2 2 2 2 2 2
left_child=4 8 3 -3 -1 6 10 -8 17 -10 11 13 -12 -4 -14 -13 -5 18 -2 -20 -21 26 24 -24 -23 -26 -19 -25 29 -22
right_child=1 2 5 16 -6 -7 7 -9 9 -11 12 15 14 -15 -16 -17 -18 21 19 20 28 22 23 27 25 -27 -28 -29 -30 -31
leaf_value=-0.087962762596062699 0.0037801728399947687 -0.09978601639962062 -0.049462723984869679 -0.025742523419205729 0.012928817759018971 0.007170195294227054 -0.093703558500633083 -0.02822157404857592 0.0043574206575332846 0.070933471405332418 -0.091772478760965046 0.14992079087864643 -0.079885355112027379 0.027653704966106925 -0.003094891700878451 0.037223702573635345 0.14240840629917753 0.075741040580605143 -0.088768388143904142 0.040543292949548455 -0.034305265387556579 -0.072261516797877109 0.0047630193726827946 0.083130524397460645 -0.033483061053623933 0.11799122928288537 0.016171663888726723 -0.83312390718646512 -0.079374134977542296 -0.0016563406549707416
leaf_weight=935.72227399249823 23234.203496622242 894.55175799725112 309.14124649440737 449.66484893744928 198.56184339895844 2995.9104433672092 410.59193673947675 716.67156258129398 1841.8589874664322 679.60339536052197 211.88972647784976 127.8613375525747 180.86873822379675 382.88381724624196 1549.6261698280596 129.34955046325922 30.402792720124125 331.28595778613635 1046.7756943389613 1308.4250086651591 2050.318297802587 1177.2524512809177 4073.1754821346949 732.80616327049211 126.20577683951706 82.922233939170837 3438.6040995158382 1.1756755239330221 270.70732285035774 1818.2527544451877
leaf_count=2089251 1662277 2207551 627675 223353 1047 812581 370020 398858 16508 38678 192209 77439 133822 9888 624817 597 345 115758 428233 33309 192848 27847 263543 53909 2502 1057 223030 81 6334 10126
internal_value=-0.00276391 -0.00125004 -0.0182536 -0.0702083 -0.0703012 -0.00807258 -0.0194354 -0.0520726 0.0021292 0.0223015 -0.00671222 0.0203123 -0.019919 -0.00679573 -0.0111209 0.0932462 -0.0150935 0.000847749 -0.00157689 -0.020742 -0.00767069 0.00808235 -2.77735e-05 0.0165045 -0.057352 0.0265787 0.0214064 0.0816629 -0.0229111 -0.0189601
internal_weight=51737.3 50603 8389.41 1374.62 1134.28 7014.79 4018.88 1127.26 42213.6 2521.46 2891.62 949.236 1942.38 692.025 1730.49 257.211 480.068 39692.1 29728.7 6494.48 5447.7 9963.43 6193.54 4807.16 1386.38 209.128 3769.89 733.982 4139.28 3868.57
internal_count=10845493 8755195 5679155 2431249 2090298 3247906 2435325 768878 3076040 55186 1666447 715599 950848 637563 758639 78036 223698 3020854 2333127 670850 242617 687727 348939 317533 31406 3559 338788 53990 209308 202974
is_linear=0
shrinkage=0.1


Tree=48
num_leaves=31
num_cat=0
split_feature=7 8 0 2 2 2 2 1 7 5 1 7 0 1 3 7 7 7 0 2 8 2 7 0 7 7 5 6 8 0
split_gain=464.678 242.098 397.475 219.219 159.17 109.629 90.7548 196.804 87.553 70.1263 69.9708 111.008 97.699 179.737 136.389 196.831 120.227 102.76 136.5 195.876 127.027 99.0733 122.939 89.6029 160.487 94.7984 116.058 354.059 88.793 87.3409
threshold=10.843404829448952 37.500000000000007 0.31666666666666671 0.26201372997711675 0.44722222222222224 0.10620300751879701 0.90692640692640702 1.5000000000000002 24.237031412278139 1.0000000180025095e-35 3.5000000000000004 72.34418059892694 0.47727272727272735 1.5000000000000002 1.0000000180025095e-35 136.28990979692213 61.693175783431279 57.514272627718064 0.31666666666666671 0.32738095238095244 7.5000000000000009 0.44722222222222224 12.250763938069428 0.64583333333333337 37.521046829444565 21.149041359499829 1.0000000180025095e-35 1.0000000180025095e-35 6.5000000000000009 0.73214285714285732
decision_type=2 2 2 2 2 2 2 2 2 2 2 2 2 2 2 2 2 2 2 2 2 2 2 2 2 2 2 2 2 2
left_child=4 6 3 -3 -1 9 10 -8 -7 -4 12 -12 13 16 23 29 17 18 19 20 -2 22 -20 25 -25 -14 27 -27 -24 -16
right_child=1 2 5 -5 -6 8 7 -9 -10 -11 11 -13 14 -15 15 -17 -18 -19 21 -21 -22 -23 28 24 -26 26 -28 -29 -30 -31
leaf_value=-0.089115618716052447 0.011042429901640971 -0.099438828357257258 -0.040293744196867744 -0.013819790304257529 0.0033971068212776847 0.0074277115129352993 0.0039211970483378376 0.068429899842493758 -0.026636677773805923 -0.0023063847551261598 -0.04507256014352104 -0.0031657975047446208 -0.034554678742705965 -0.049092529021976312 0.025367500869123562 -0.04494771162827723 -0.019299467936355605 0.052182309849457126 -0.029950194155740226 0.0044622591826508056 -0.066772525639940211 0.0068396002624898913 0.012685637714377758 -0.011258997862534856 0.0075321920774151915 0.024760928396736451 0.046163527764669317 -0.07907183087545594 0.10913248651542323 0.072433537929264505
leaf_weight=818.26813115140249 292.84216503863922 812.11084936620682 1335.9096301624968 473.3485891687742 240.67809536866844 3921.0001873172278 1842.0732347615995 636.28868476487696 934.30782794751576 763.81401624872979 809.42614233295899 2885.3462081513717 331.44541954787564 887.72968965274049 969.37056467914795 289.53215966094285 2834.9691507273528 436.55814343108796 121.36826002652924 3767.3805125337676 739.62517857714352 843.62454050779343 131.48235094705342 7259.1538382605358 12155.636574835633 2157.373147750448 1250.0967048012535 387.36957448383328 348.37665151819238 664.59019839302505
leaf_count=2088941 66264 2207551 2286339 223698 1357 169687 16508 38678 32906 758974 41610 52068 95847 236231 18875 12080 43318 10060 97965 270832 860762 5857 5898 756019 178742 112441 27314 33505 44929 50237
internal_value=-0.0025331 -0.00115248 -0.0168255 -0.0679111 -0.0680893 -0.00738361 0.00191955 0.020483 0.000872695 -0.0264751 0.000756681 -0.0123465 0.00210642 -0.0060586 0.00544237 0.0310453 -0.00204414 0.00527758 0.00199854 -0.00611309 -0.0447016 0.0289457 0.0599643 0.00335041 0.000506201 0.0167328 0.0212123 0.00895515 0.0827059 0.0445109
internal_weight=51341.1 50282.2 8240.49 1285.46 1058.95 6955.03 42041.7 2478.36 4855.31 2099.72 39563.3 3694.77 35868.5 10404 25464.6 1923.49 9516.23 6681.26 6244.7 4799.85 1032.47 1444.85 601.227 23541.1 19414.8 4126.28 3794.84 2544.74 479.859 1633.96
internal_count=10845493 8755195 5679155 2431249 2090298 3247906 3076040 55186 202593 3045313 3020854 93678 2927176 1642116 1285060 81192 1405885 1362567 1352507 1197858 927026 154649 148792 1203868 934761 269107 173260 145946 50827 69112
is_linear=0
shrinkage=0.1


Tree=49
num_leaves=31
num_cat=0
split_feature=7 7 3 2 1 8 2 2 8 7 8 8 7 8 2 0 2 1 0 4 2 2 2 2 7 7 0 2 8 7
split_gain=407.477 200.822 457.477 378.494 359.157 2923.24 4939.78 784.188 2101.38 668.918 359.633 556.802 285.765 516.252 731.471 158.99 150.903 134.497 134.301 200.126 114.998 115.746 114.674 1387.66 2408.17 181.585 110.233 108.118 699.469 2489.22
threshold=10.843404829448952 23.595474520731425 1.0000000180025095e-35 0.10762548262548265 1.0000000180025095e-35 4.5000000000000009 0.036375661375661381 0.050641025641025648 9.5000000000000018 14.591829551631539 15.500000000000002 14.500000000000002 14.591829551631539 32.500000000000007 0.087595907928388769 0.31666666666666671 0.44722222222222224 1.5000000000000002 1.0000000180025095e-35 1.0000000180025095e-35 0.26491228070175443 0.97500000000000009 0.11882352941176472 0.1126984126984127 14.591829551631539 14.264366567761664 0.22649572649572652 0.21132376395534294 32.500000000000007 13.343164966738259
decision_type=2 2 2 2 2 2 2 2 2 2 2 2 2 2 2 2 2 2 2 2 2 2 2 2 2 2 2 2 2 2
left_child=16 2 3 4 5 6 -2 -7 9 -9 11 -10 -12 -14 -15 -6 -1 -17 19 22 -20 -22 23 24 25 -5 -4 28 -21 -30
right_child=1 -3 26 18 15 7 -8 8 10 -11 12 -13 13 14 -16 17 -18 -19 20 27 21 -23 -24 -25 -26 -27 -28 -29 29 -31
leaf_value=-0.087947359322740448 1.7747249825663034 0.0023151224496896898 -0.093410583803798963 2.7482634504016121 -0.09340567003603828 -0.077564407686130432 53.723225754899822 11.612878723227821 3.9568949651848557 30.542561425828183 0.54758617597489878 24.341228533393519 -0.100058941404627 39.904852651369083 -0.10003378785218293 0.020983743221649143 0.0030569591504602165 -0.038803848596844867 0.031094558974769294 -0.19242370158847619 -0.0045668312649447358 0.10088635916002359 0.098271280456667609 -0.22259323376262943 37.384559972280179 15.269669328262262 -0.0064530094561242512 -0.22419964341025442 -1.7823971521674704 -36.757354063603735
leaf_weight=749.74580791514018 0.053337121011280852 38954.964772526873 812.71141804679246 0.10532606116617316 437.25836580759005 4.4481157711707056 0.027868937235325575 0.051225244416855165 0.073946988821262494 0.02937079593539238 0.77205544008756988 0.016365748888347298 0.026975655113346875 0.0099987788125872612 0.0084190269699320197 457.47203092716336 240.71066541224718 2119.5951644773913 1244.0291836389806 0.8095966395776576 5437.6250932354014 106.11570153851062 216.59171980960917 1.0017864341739153 0.026677597721572965 0.013012596900807694 177.6437715086231 11.454381735289813 0.11888352826432835 0.024551749861454475
leaf_count=2088941 38 1813683 1588788 325 1303357 11493 20 57 114 25 2309 27 46 30 25 637090 1357 3071630 264866 56 45514 3255 4666 53 44 29 7347 82 187 39
internal_value=-0.00231606 -0.00105747 -0.0129706 -0.00657307 -0.0361752 0.769884 19.6028 0.488571 3.03647 18.5112 1.66254 7.65078 1.00095 8.71179 21.6181 -0.0376507 -0.0658306 -0.0281906 0.00616486 0.0812921 0.0036176 -0.0025483 0.103552 1.10089 10.2436 4.12513 -0.0778127 -0.309348 -1.33274 -7.76904
internal_weight=50973.5 49983.1 11028.1 10037.8 3019.84 5.51768 0.0812061 5.43647 0.988358 0.080596 0.907762 0.0903127 0.817449 0.0453935 0.0184178 3014.33 990.456 2577.07 7017.92 230.146 6787.77 5543.74 217.739 1.1468 0.145016 0.118339 990.355 12.4074 0.953032 0.143435
internal_count=10845493 8755195 6941512 5345377 5026261 14184 58 14126 2633 82 2551 141 2410 101 55 5012077 2090298 3708720 319116 5481 313635 48769 5117 451 398 354 1596135 364 282 226
is_linear=0
shrinkage=0.1


Tree=50
num_leaves=31
num_cat=0
split_feature=7 0 2 7 7 2 0 3 7 1 0 0 6 7 1 0 6 7 7 0 0 2 7 2 8 0 8 7 5 8
split_gain=428.132 525.678 445.104 246.799 180.294 156.814 114.129 315.148 218.194 179.51 204.426 116.217 114.446 107.342 105.685 205.004 151.367 114.416 105.249 103.196 101.553 92.2016 179.863 169.185 597.504 416.117 925.752 291.725 260.143 211.241
threshold=21.227292266390183 0.31666666666666671 0.26201372997711675 15.395487184129708 10.521456813192303 0.51086956521739146 0.47727272727272735 1.0000000180025095e-35 24.89586131266449 2.5000000000000004 0.58571428571428574 0.86607142857142871 1.0000000180025095e-35 17.973021508147554 1.5000000000000002 0.47727272727272735 1.0000000180025095e-35 11.887571472208483 45.772188005600235 0.64583333333333337 0.20714285714285716 0.47722567287784684 13.594479395019166 1.0000000180025095e-35 52.500000000000007 0.86607142857142871 24.500000000000004 14.264366567761664 1.0000000180025095e-35 59.500000000000007
decision_type=2 2 2 2 2 2 2 2 2 2 2 2 2 2 2 2 2 2 2 2 2 2 2 2 2 2 2 2 2 2
left_child=1 2 -1 4 -3 -5 8 9 -2 -8 -11 12 -9 20 21 -16 17 -17 -12 -14 -4 22 -6 24 25 27 -27 -24 -26 -30
right_child=6 3 13 5 14 -7 7 11 -10 10 18 -13 19 -15 15 16 -18 -19 -20 -21 -22 -23 23 -25 28 26 -28 -29 29 -31
leaf_value=-0.1052477481575171 -0.062129968380820383 -0.058838506010622973 0.059054324395859475 -0.060515593427152604 0.034453794064298125 0.022053133911082563 0.0083039276459601716 0.045682985787482214 -0.0039109688209327826 -0.072175088491037279 -0.02257616927343456 0.068862371746362769 0.02719091926650561 -0.10043092617889167 -0.097644102850249395 -0.033598420290340283 -0.032248946252947927 0.063360522468776076 -0.00024211613074151886 -0.049771232682502449 -0.037189273374240391 0.0064824205551154215 0.21841398195234435 0.14282605004651439 1.3484687549306262 2.4671779605163149 -21.208746133203242 1.9215108969673598 7.2757388513852508 -0.10016153339161489
leaf_weight=1237.92451096474 686.31243952005752 425.67169945726437 284.5332543454424 1201.6286187132719 857.55512158847307 284.46585040353239 16620.162090022146 952.65885516547132 10379.103749812057 468.73280878274818 2670.5227398931747 834.04169756837655 386.60806893208064 84.767695260583423 230.91545580918319 163.49113110970939 571.10503130778307 476.19458051171387 10052.703583450522 317.1446398193948 178.36031642681337 1335.7449377309531 6.5871900969068466 66.847008753543719 0.20710837870137755 0.039710993180051335 0.028273544681724161 1.1869992656866122 0.23048024019226432 0.046694730874150991
leaf_count=3670610 679979 738776 26767 837137 724353 3477 1696953 23833 705145 68327 302832 85796 9563 107464 317141 134191 288101 210687 194196 3581 3790 6573 3141 1841 439 36 19 575 141 29
internal_value=-0.00255201 -0.0247702 -0.0720392 -0.00975715 0.00280226 -0.0447104 0.00124301 0.00424547 -0.0075219 0.00139063 -0.00731923 0.0384195 0.0230908 0.00302474 0.00987435 -0.0112965 0.0051713 0.0385797 -0.00492989 -0.00749191 0.0219701 0.0233293 0.0474553 0.195773 0.620842 0.410332 -7.37921 0.478451 4.0297 6.03315
internal_weight=50775.5 7407.53 1785.59 5621.95 4135.85 1486.09 43368 32302.6 11065.4 29812.1 13192 2490.45 1656.41 547.661 3710.18 1441.71 1210.79 639.686 12723.2 703.753 462.894 2268.47 932.729 75.1735 8.32646 7.84217 0.0679845 7.77419 0.484283 0.277175
internal_count=10845493 7075288 3808631 3266657 2426043 840614 3770205 2385081 1385124 2262308 565355 122773 36977 138021 1687267 950120 632979 344878 497028 13144 30557 737147 730574 6221 4380 3771 55 3716 609 170
is_linear=0
shrinkage=0.1


Tree=51
num_leaves=31
num_cat=0
split_feature=7 2 0 7 8 3 7 2 2 8 8 2 7 7 5 8 2 7 6 8 2 2 3 2 8 8 2 8 7 2
split_gain=399.782 544.844 429.883 673.148 1321.67 7514.43 14522.5 311719 57286.1 3218.32 19774.8 27258.7 89301.7 322174 221989 20200.1 4520.4 17798.4 19212.2 11825.5 1181.2 613.624 1948.54 2735.61 1525.6 1120.08 3318.82 1049.13 565.314 194.015
threshold=21.227292266390183 0.17519181585677754 1.0000000180025095e-35 14.264366567761664 39.500000000000007 1.0000000180025095e-35 14.591829551631539 0.050641025641025648 0.098780487804878067 53.500000000000007 50.500000000000007 0.15075757575757578 17.973021508147554 14.591829551631539 1.0000000180025095e-35 51.500000000000007 0.12060606060606062 17.973021508147554 1.0000000180025095e-35 51.500000000000007 0.10762548262548265 0.1126984126984127 1.0000000180025095e-35 0.09232954545454547 13.500000000000002 9.5000000000000018 0.036375661375661381 6.5000000000000009 14.591829551631539 0.11583184257602865
decision_type=2 2 2 2 2 2 2 2 2 2 2 2 2 2 2 2 2 2 2 2 2 2 2 2 2 2 2 2 2 2
left_child=1 2 3 -1 21 6 20 -8 -9 10 -7 16 13 -13 15 -15 29 18 19 -18 -6 22 23 25 -25 26 -5 -28 -26 -12
right_child=-2 -3 -4 4 5 9 7 8 -10 -11 11 12 -14 14 -16 -17 17 -19 -20 -21 -22 -23 -24 24 28 -27 27 -29 -30 -31
leaf_value=-0.12102205528461728 0.0011234262446860764 -0.0033936041982652685 -0.04987846638045524 0.099494953045444853 1.6476052449275398 -0.10002830917079038 -0.10002738073998658 -1281.6264606967463 -560.56174703526278 0.085426189236893491 4.1956466601892757 -0.10002735197940182 -0.10002773798538174 -975.01713532410781 -0.10002636939767549 -1380.0474779181507 -109.30273253433154 -0.10002739647422876 -0.10002669760537226 -359.61265064777803 -11.98837160020026 0.10623778762379679 0.026205662934379478 -6.2305914059996175 -13.248676806253826 -0.29475888299499742 -22.733329814070355 -9.5392689493034322 -25.904524888508035 -11.127179783242735
leaf_weight=136.07525013831162 43216.030223545931 4594.961707664389 2493.8363508430184 0.50014064135029435 0.11444003254291707 1.1554594082699621 0.062661680887686103 0.0018727666760861295 0.0026763647645616914 4.8528934166242834 0.093116911826655158 0.01694263017270714 0.043763315887190402 0.0024616312421130706 0.0023720660246908665 0.002463740112943924 0.003662704155431129 0.041581447032513097 0.0061362264095805585 0.0038939701298659202 0.14278740506251481 14.621759337506598 6.3356253373203799 0.2596569493219415 0.076013743104972761 1.5569755359813213 0.083276706595390437 0.21810882059081493 0.065887119797913854 0.0090681072924780892
leaf_count=434386 3770205 994282 5600557 309 357 4111 229 34 35 16611 332 62 158 32 9 43 18 152 23 28 24 10634 11447 36 27 1194 42 46 36 34
internal_value=-0.0025232 -0.0242447 -0.0602609 -0.215908 -0.642374 -1.89885 -16.7365 -58.1264 -857.407 -1.12663 -5.38608 -32.4762 -85.3858 -239.362 -794.861 -1177.62 -9.62569 -32.6632 -131.548 -238.288 -5.92175 -0.294938 -0.939849 -3.1574 -10.7872 -1.85835 -4.89565 -13.185 -19.125 2.83587
internal_weight=50471.2 7255.15 2660.19 166.351 30.2757 6.55825 0.324438 0.0672108 0.00454913 6.23382 1.38092 0.225463 0.0680034 0.0242401 0.00729744 0.00492537 0.157459 0.0552743 0.0136929 0.00755667 0.257227 23.7174 9.09568 2.76006 0.401558 2.3585 0.801526 0.301386 0.141901 0.102185
internal_count=10845493 7075288 6081006 480449 46063 22292 679 298 69 21613 5002 891 304 146 84 75 587 221 69 46 381 23771 13137 1690 99 1591 397 88 63 366
is_linear=0
shrinkage=0.1


Tree=52
num_leaves=31
num_cat=0
split_feature=7 2 0 7 2 2 3 7 0 5 2 1 4 2 7 1 7 8 2 5 3 8 1 0 0 2 7 0 5 2
split_gain=285.9 170.991 421.578 153.06 144.648 108.706 117.927 105.871 165.094 136.144 91.3881 183.056 87.3628 87.2064 86.9441 199.116 74.4349 73.4038 73.3497 121.868 102.085 400.295 231.603 123.887 113.627 121.677 80.9404 72.99 210.463 346.185
threshold=10.843404829448952 0.11583184257602865 0.31666666666666671 21.958617037333401 0.41277890466531447 1.0000000180025095e-35 1.0000000180025095e-35 13.594479395019166 0.64583333333333337 1.0000000180025095e-35 0.90692640692640702 1.5000000000000002 1.0000000180025095e-35 0.04819976771196284 80.898622908551602 3.5000000000000004 12.495867106351056 19.500000000000004 0.061553030303030311 1.0000000180025095e-35 1.0000000180025095e-35 15.500000000000002 1.5000000000000002 0.47727272727272735 0.86607142857142871 0.09232954545454547 14.018128325212766 0.86607142857142871 1.0000000180025095e-35 0.44097222222222227
decision_type=2 2 2 2 2 2 2 2 2 2 2 2 2 2 2 2 2 2 2 2 2 2 2 2 2 2 2 2 2 2
left_child=4 2 -2 7 -1 14 13 8 9 -4 27 17 18 -7 15 -5 -10 -12 -9 20 -20 -22 23 26 25 -24 -23 -3 -29 -30
right_child=1 10 3 5 -6 6 -8 12 16 -11 11 -13 -14 -15 -16 -17 -18 -19 19 -21 21 22 24 -25 -26 -27 -28 28 29 -31
leaf_value=-0.086071509966336543 -0.099700881331008046 -0.0021564160591601013 -0.053026430124631221 0.0030462092600551717 0.0039100322877338202 -0.098441224001291017 0.099305802204637722 -0.059421728663265963 0.087963001710473623 0.034334719736530059 0.0012535911329404866 0.066299947284012964 -4.5437003141135115 -0.024020035442469653 0.031569668836736189 -0.063694741545777214 0.34067385621735646 0.11507009476856341 -0.054832353500491052 0.13079227228371468 -7.2264209651413474 3.656507079232636 -3.4803758734625898 0.037594713087300197 0.25701994034062653 0.057377495114620605 11.514181496732714 -0.00033158811103231844 0.0093765728537054914 0.085898245235278739
leaf_weight=600.35142205007287 515.61379206749734 23179.380990092945 457.47788440648873 6899.1526944288344 254.33522186568007 181.2809291856538 69.933983632916352 1078.4241037237823 61.159620821475983 292.4055650982985 1804.7825008458458 654.59515217412263 0.043286606494801982 1197.9748696530878 904.61204647971317 477.98391046223696 14.399644010351038 58.50083018746227 64.122750602749647 56.016001469966795 0.095663950312881663 0.026618641684763134 0.25331446743803099 0.0381662892177701 0.39199972024653107 0.15776951325824484 0.025830122467596084 8591.1562740026275 2127.4413621486638 818.72730234637856
leaf_count=2088281 1749859 2181790 1047753 950778 2017 25697 829 1644904 100519 258454 15988 40680 12 212449 24809 79694 20815 876 121604 57694 16 15 51 8 94 43 29 120189 44200 55346
internal_value=-0.00195121 -0.000961215 -0.0111984 -0.0073167 -0.0592951 -0.00211147 -0.0273781 -0.0323295 -0.00476519 -0.0189613 0.0024127 0.0208087 -0.0512965 -0.0338015 0.00230984 -0.00127811 0.136123 0.00482705 -0.0511343 0.0226496 -0.0703856 -1.07843 -0.420328 4.37211 -0.961077 -2.12263 7.52628 0.00107851 0.00757772 0.0306416
internal_weight=50360.9 49506.2 12271.6 11756 854.687 9730.94 1449.19 2025.04 825.443 749.883 37234.6 2517.88 1199.6 1379.26 8281.75 7377.14 75.5593 1863.28 1199.55 121.128 65.1121 0.989363 0.893699 0.0906151 0.803084 0.411084 0.0524488 34716.7 11537.3 2946.17
internal_count=10845493 8755195 6296126 4546267 2090298 1294256 238975 3252011 1427541 1306207 2459069 57544 1824470 238146 1055281 1030472 121334 16864 1824458 179554 121860 256 240 52 188 94 44 2401525 219735 99546
is_linear=0
shrinkage=0.1


Tree=53
num_leaves=31
num_cat=0
split_feature=7 8 2 0 2 2 2 5 7 1 7 7 0 5 0 3 2 7 5 6 8 2 2 5 2 7 5 7 8 7
split_gain=250.88 157.036 132.942 350.056 122.489 181.452 115.152 109.322 88.8125 148.236 89.7014 152.602 80.8475 93.4115 73.1646 234.626 151.322 111.239 102.917 123.669 91.6937 86.4529 282.769 212.703 89.6398 68.3496 73.0294 71.5378 63.9869 90.9614
threshold=10.521456813192303 106.50000000000001 0.11583184257602865 0.31666666666666671 1.0000000180025095e-35 0.053342816500711245 0.54772727272727284 1.0000000180025095e-35 80.898622908551602 3.5000000000000004 22.089940312702574 13.594479395019166 0.64583333333333337 1.0000000180025095e-35 0.86607142857142871 1.0000000180025095e-35 0.78759398496240618 19.843558218775907 1.0000000180025095e-35 1.0000000180025095e-35 100.50000000000001 0.64852941176470602 0.5590277777777779 1.0000000180025095e-35 0.26491228070175443 33.880132877999962 1.0000000180025095e-35 27.231415411263665 87.500000000000014 38.519503317171605
decision_type=2 2 2 2 2 2 2 2 2 2 2 2 2 2 2 2 2 2 2 2 2 2 2 2 2 2 2 2 2 2
left_child=6 2 3 -2 8 -6 -1 -7 9 10 11 12 13 -5 20 16 17 -16 19 -18 -4 22 24 -23 28 27 -27 -26 29 -19
right_child=1 -3 14 4 5 7 -8 -9 -10 -11 -12 -13 -14 -15 15 -17 18 21 -20 -21 -22 23 -24 -25 25 26 -28 -29 -30 -31
leaf_value=-0.087352813674625607 -0.1006793805979776 -0.039751557237901622 -0.00071888111705013412 -0.034591664750158645 -0.090649028625486142 -0.035060165002145913 0.02248002857014901 0.0226661429040345 0.027731471579221713 -0.060609806089477372 0.0029111467016450141 -0.051479541595146686 0.12636344678027622 0.052998063992804524 -0.097780204359355916 0.064994060637150075 0.071015636031200355 -0.0063571335531504881 0.10159989092578986 -0.019693703873006937 0.079328505069294203 -0.023502172887686874 0.058998962883809861 0.081621286049651631 -0.01781225868968906 -0.0045810130486987595 0.050407782501653231 -0.087100401342515871 0.088339268400145429 0.033763203455334338
leaf_weight=486.48069764349202 405.85528035267089 1025.4276954799861 24908.141140355816 285.72348893777155 388.7821074831445 875.42868227703286 118.76041483879089 524.69079632986256 925.64037272357382 451.99974264012417 6870.018896191812 849.51820429536542 59.183030122076161 212.17057798366943 109.89769571390934 711.43821046605444 291.70474142860621 1176.6143173368182 241.11338123120368 310.05213731527328 143.92868278960668 2064.864604614675 967.9456941280514 212.26086753141135 958.28541941381991 2844.0381187777966 263.93098722398281 176.44790332950652 118.34820380085148 1087.320770539809
leaf_count=1727465 1456134 1374451 1820003 701258 286223 433082 614 125957 24809 80531 889016 1348991 96727 199657 3663 85103 6522 48206 14226 3394 40099 12399 9147 10613 7085 15164 8575 1187 6866 8326
internal_value=-0.00180905 -0.00102599 -0.000206132 -0.00941208 -0.00617509 -0.03021 -0.0658014 -0.0134274 -0.00172151 -0.0048449 -0.00179948 -0.0248069 0.0158677 0.00273347 0.00277535 0.00936584 0.00570912 0.00227278 0.046397 0.0242781 -0.000258994 0.00338681 0.0085121 -0.0137032 0.0011357 -0.00758062 8.86753e-05 -0.0285864 0.0166589 0.0129118
internal_weight=50066 49460.8 48435.3 11849 11443.2 1788.9 605.241 1400.12 9654.25 8728.61 8276.61 1406.6 557.077 497.894 36586.3 11534.3 10822.8 9979.95 842.87 601.757 25052.1 9870.06 7592.93 2277.13 6624.99 4242.7 3107.97 1134.73 2382.28 2263.94
internal_count=10845493 9117414 7742963 5642385 4186251 845262 1728079 559039 3340989 3316180 3235649 2346633 997642 900915 2100578 240476 155373 131231 24142 9916 1860102 127568 104556 23012 95409 32011 23739 8272 63398 56532
is_linear=0
shrinkage=0.1


Tree=54
num_leaves=31
num_cat=0
split_feature=7 8 2 0 2 2 2 5 7 1 6 8 5 7 7 7 7 8 2 0 7 0 7 0 1 2 0 3 0 7
split_gain=219.728 130.803 109.914 320.897 106.46 103.415 167.748 90.8066 77.0753 119.084 90.038 107.136 93.0543 84.2629 133.929 127.842 270.475 112.321 69.0548 154.477 68.8807 65.8478 64.9628 129.672 149.894 210.863 169.882 103.725 141.404 125.447
threshold=10.521456813192303 106.50000000000001 0.11583184257602865 0.31666666666666671 0.67543859649122817 1.0000000180025095e-35 0.053342816500711245 1.0000000180025095e-35 49.431770892224058 2.5000000000000004 1.0000000180025095e-35 5.5000000000000009 1.0000000180025095e-35 21.958617037333401 13.594479395019166 43.647784033394132 41.678759322984654 9.5000000000000018 0.90692640692640702 0.36931818181818188 80.898622908551602 0.31666666666666671 38.519503317171605 0.27922077922077926 1.5000000000000002 0.30217391304347835 0.47727272727272735 1.0000000180025095e-35 1.0000000180025095e-35 24.657580295307813
decision_type=2 2 2 2 2 2 2 2 2 2 2 2 2 2 2 2 2 2 2 2 2 2 2 2 2 2 2 2 2 2
left_child=4 2 3 -2 -1 8 -7 -8 9 13 11 -10 -12 14 -5 16 -15 -18 20 -20 22 -3 23 27 25 -25 -26 28 -4 -29
right_child=1 21 18 5 -6 6 7 -9 10 -11 12 -13 -14 15 -16 -17 17 -19 19 -21 -22 -23 -24 24 26 -27 -28 29 -30 -31
leaf_value=-0.080941536037698103 -0.10055870236005936 -0.082744743658430514 0.081878386749549614 0.013881638196849361 0.044590036172252018 -0.089138282170911548 -0.032607190594892893 0.02004434953932328 0.043560238054371758 -0.035189435659463579 -0.046795030396242741 -0.010472087044585014 0.0076313409826795353 0.0098361541840811268 -0.050548200263450721 -0.034597007719413063 0.16348033322442884 0.85648216145472134 0.004721696643146079 0.063547877495986102 -0.010071011623873782 -0.022421638025003368 0.0081471143708996066 0.10943624274600168 -0.051564464735953379 0.01473431667606513 0.0010264876389111954 -0.073599672690055323 -0.030348843831628398 -0.016195899248129669
leaf_weight=488.14308065093792 367.65272405967153 237.21243607198039 198.59746569404774 566.75049380240807 78.410678438842297 357.44858412273334 848.60641279554318 533.49173870671177 1176.6151952501386 1293.9484219095757 417.73015373447561 533.29386772948783 1266.7119717907626 2914.7368710344585 749.0066217277963 620.25850191374775 93.061162168160081 2.3990905017126343 1883.1372572453693 585.09777782158926 4575.3572861910798 763.02920103589213 13717.590565577353 273.94659191718529 650.65549890081456 1658.7185484352522 10968.662988303317 568.62232844707364 258.28175491617003 1151.8993964591064
leaf_count=1727662 1456134 810387 4411 997505 417 286223 433082 125957 13941 381540 18812 67196 15364 600039 1235039 10662 726 165 16595 40998 98973 564064 304492 24553 35620 8905 155759 1022727 46378 341167
internal_value=-0.00164709 -0.000934517 -0.000192241 -0.00860777 -0.063568 -0.00563556 -0.028076 -0.0122836 -0.00158386 -0.0081805 0.0105434 0.0267084 -0.00586603 -0.00111486 -0.0227956 0.00674272 0.0152609 0.180897 0.00251566 0.0186665 0.00134395 -0.0367276 0.00311757 -0.0012687 0.00237074 0.0281579 -0.00191849 -0.0239203 0.0184344 -0.0351675
internal_weight=49799.1 49232.5 48232.3 11741.7 566.554 11374.1 1739.55 1382.1 9634.51 6240.16 3394.35 1709.91 1684.44 4946.21 1315.76 3630.46 3010.2 95.4603 36490.6 2468.24 34022.3 1000.24 29447 15729.4 13552 1932.67 11619.3 2177.4 456.879 1720.52
internal_count=10845493 9117414 7742963 5642385 1728079 4186251 845262 559039 3340989 3225676 115313 81137 34176 2844136 2232544 611592 600930 891 2100578 57593 2042985 1374451 1944012 1639520 224837 33458 191379 1414683 50789 1363894
is_linear=0
shrinkage=0.1


Tree=55
num_leaves=31
num_cat=0
split_feature=7 8 2 2 0 7 1 7 6 8 7 1 2 5 3 8 5 7 7 7 5 0 7 8 0 8 7 0 8 7
split_gain=191.247 109.352 100.138 91.2707 311.959 81.7701 81.4792 131.209 72.0769 97.8821 71.2433 70.0764 68.4301 107.225 77.477 523.085 66.8157 66.8133 75.3858 232.881 67.7824 85.3589 96.7273 91.2083 76.9876 110.31 137.943 70.6625 67.4815 82.8408
threshold=10.521456813192303 106.50000000000001 0.54772727272727284 0.13188405797101452 0.31666666666666671 21.958617037333401 2.5000000000000004 61.693175783431279 1.0000000180025095e-35 5.5000000000000009 13.594479395019166 3.5000000000000004 0.061553030303030311 1.0000000180025095e-35 1.0000000180025095e-35 37.500000000000007 1.0000000180025095e-35 51.128109545440033 43.647784033394132 41.678759322984654 1.0000000180025095e-35 0.86607142857142871 40.463638564199819 13.500000000000002 0.47727272727272735 38.500000000000007 39.461852635044607 0.64583333333333337 9.5000000000000018 39.461852635044607
decision_type=2 2 2 2 2 2 2 2 2 2 2 2 2 2 2 2 2 2 2 2 2 2 2 2 2 2 2 2 2 2
left_child=2 3 -1 4 -2 10 17 11 9 -9 -6 -8 14 -14 -12 -16 -10 18 19 20 21 24 -23 -24 -7 -26 27 -27 -22 -30
right_child=1 -3 -4 -5 5 6 7 8 16 -11 12 -13 13 -15 15 -17 -18 -19 -20 -21 28 22 23 -25 25 26 -28 -29 29 -31
leaf_value=-0.084249710932851413 -0.099181517953053314 -0.034047421736249986 0.020150352842971345 0.0023128761208876126 -0.0010749840781764922 -0.051836230010087914 -0.021165923448686938 0.040506390536978881 -0.056797842985073003 -0.021101765294139652 -0.052615637183709402 -0.075694226257801159 -0.069731457706515551 0.094420117990531682 -10.170719551029414 -0.087167442469246681 0.00082865825470297195 0.055701937732830421 -0.018744205598640949 0.14369036984677477 0.010353230278850887 -0.026145286226931366 0.055666367086606619 0.57409129292505812 0.022889833280830121 0.089270726361383335 7.3693211952675028 0.36838239312581245 0.053434041086417264 0.32712402841912419
leaf_weight=414.59120622948831 362.01798459189558 973.56600782999885 118.03071732446551 36094.656028751626 729.97880583130348 129.71582541210228 2149.1470756647177 883.63738879794255 259.73658838274423 364.16559298231732 851.52043047318034 264.71187665004982 74.489304876219563 85.431436903319394 0.058661685094078986 0.41818985957070254 892.81197924038861 272.16397250362206 1060.7311293313978 128.62800953304395 822.71137758059172 1307.3996846161026 103.80156139517203 3.5083139193011439 800.39762588663143 25.324432036926737 0.026775429956613972 14.132372451946138 354.45678015996077 11.415439546108244
leaf_count=1727465 1502815 1374451 614 2018190 1260567 151572 363126 10534 12908 43744 1503690 72634 117559 58498 13 147 10872 2108 16837 1155 18436 324919 1370 875 129311 24680 13 12108 83895 387
internal_value=-0.00151507 -0.000867512 -0.0611143 -0.000195197 -0.00776916 -0.00491398 -0.00138159 -0.010683 0.00587238 0.0225263 -0.024886 -0.0271457 -0.0420629 0.0179601 -0.0533292 -1.32763 -0.012158 0.00751295 0.00475894 0.0114942 0.00673494 -0.0029899 -0.018654 0.0726154 0.0198651 0.0309391 0.19411 0.189241 0.026243 0.0619733
internal_weight=49553.4 49020.8 532.622 48047.2 11952.5 11590.5 9848.62 4814.21 2400.35 1247.8 1741.9 2413.86 1011.92 159.921 851.997 0.476852 1152.55 5034.41 4762.25 3701.52 3572.89 2384.31 1414.71 107.31 969.597 839.881 39.4836 39.4568 1188.58 365.872
internal_count=10845493 9117414 1728079 7742963 5724773 4221958 1281484 513818 78058 54278 2940474 435760 1679907 176057 1503850 160 23780 767666 765558 748721 747566 644848 327164 2245 317684 166112 36801 36788 102718 84282
is_linear=0
shrinkage=0.1


Tree=56
num_leaves=31
num_cat=0
split_feature=7 0 2 2 3 1 3 7 5 2 7 1 0 2 1 0 0 7 7 7 7 7 2 8 2 0 8 7 0 8
split_gain=168.042 101.576 318.807 241.131 168.764 157.832 170.18 210.888 129.941 122.493 116.473 117.285 115.23 111.877 104.173 183.527 83.3648 81.3819 81.3535 136.233 141.276 80.0309 79.6082 76.5836 76.0041 73.3454 70.7992 69.5175 67.2035 61.1505
threshold=10.37322556058672 0.47727272727272735 0.13840996168582378 0.97500000000000009 1.0000000180025095e-35 1.5000000000000002 1.0000000180025095e-35 23.728747063755613 1.0000000180025095e-35 0.47722567287784684 112.90503040955561 2.5000000000000004 0.31666666666666671 0.92582417582417598 2.5000000000000004 0.58571428571428574 0.73214285714285732 13.851027281169431 40.463638564199819 43.647784033394132 47.756394436655604 33.880132877999962 0.54772727272727284 92.500000000000014 0.72474747474747481 0.31666666666666671 11.500000000000002 17.973021508147554 0.73214285714285732 9.5000000000000018
decision_type=2 2 2 2 2 2 2 2 2 2 2 2 2 2 2 2 2 2 2 2 2 2 2 2 2 2 2 2 2 2
left_child=22 2 8 4 14 6 9 12 -2 17 28 24 -8 -7 18 -16 -17 25 -3 29 -21 -18 -1 -9 -12 -4 -22 -14 -6 -20
right_child=1 3 5 -5 10 13 7 23 -10 -11 11 -13 27 -15 15 16 21 -19 19 20 26 -23 -24 -25 -26 -27 -28 -29 -30 -31
leaf_value=-0.085972032515526334 -0.077579114791158324 0.00097628145659055189 -0.037389268908875672 0.080428726764519676 0.027281736639087402 -0.051989530186435408 -0.076804089690056754 -0.0025158851416087233 -0.0098569039540500614 0.011341803945796397 -0.12341457875461706 0.032995758516235228 0.19566791509728887 0.069387036641232108 -0.071280266755703037 0.017205324028228348 -0.038193316247149278 0.14073393292308944 0.043276257909228427 -0.035749965213067718 0.015540033393730427 -0.0058171005593298693 0.019378172389553413 0.12120212135291707 -0.017410317235956776 0.066676878955464453 0.12567848578533558 -0.032982433621031669 0.071371639134838682 0.14792100564903302
leaf_weight=338.70796894540399 864.75840477545626 15273.808999644858 83.980813816829254 388.67103805346414 891.30126939108868 901.91596345620928 544.60908155195193 9590.6902165128849 421.38556293472448 1512.2197892190889 98.092149594333023 363.16033968981355 25.689614954154422 82.921761833131313 435.723666915379 1459.5290634566918 824.39368629129604 116.29424201814334 912.64588963240385 622.37633940530941 1908.7438432518393 10335.352131314692 90.998294441029429 50.296926957555115 217.85941542265937 349.90043610779685 60.205631743650883 27.563984520500526 564.77067111021552 59.482062118477188
leaf_count=1552817 2921167 3017445 32443 34378 18325 53084 1256491 614850 528121 10511 4029 24586 615 2605 81547 119876 184776 1376 9556 10524 21171 256150 471 16411 8927 17724 1974 404 41405 1734
internal_value=-0.00139969 -0.000853553 -0.00785143 0.00210944 0.00121485 -0.00324942 -0.000165475 -0.00544433 -0.055391 0.0260416 0.0284325 -0.00576673 -0.0630759 -0.0417698 -0.000607367 -0.00747261 -0.00526943 0.0664458 0.00415053 0.0177561 0.00578027 -0.0082088 -0.0636622 -0.00187045 -0.050321 0.0465341 0.0189078 0.0773188 0.044383 0.0496792
internal_weight=49418 48988.3 14572.2 34416.1 34027.4 13286.1 12301.2 10238.8 1286.14 2062.4 2135.18 679.112 597.863 984.838 31892.3 13055 12619.3 550.175 18837.3 3563.45 2591.33 11159.7 429.706 9640.99 315.952 433.881 1968.95 53.2536 1456.07 972.128
internal_count=10845493 9292205 5455802 3836403 3802025 2006514 1950825 1888771 3449288 62054 97272 37542 1257510 55689 3704753 642349 560802 51543 3062404 44959 33669 440926 1553288 631261 12956 50167 23145 1019 59730 11290
is_linear=0
shrinkage=0.1


Tree=57
num_leaves=31
num_cat=0
split_feature=7 8 2 0 5 6 0 5 2 0 7 7 0 2 3 7 1 7 0 3 0 2 2 3 7 8 0 2 0 7
split_gain=148.66 96.7593 75.9472 112.364 161.136 186.134 76.2502 339.748 81.1413 78.4611 78.8206 74.5054 197.654 104.124 149.891 122.525 92.6439 120.942 93.7573 90.1544 85.8543 81.0097 156.57 81.6598 805.21 3468.99 8782.13 3903.8 77.8283 181.409
threshold=9.8841074610322472 106.50000000000001 0.76696832579185525 0.77500000000000013 1.0000000180025095e-35 1.0000000180025095e-35 0.61250000000000016 1.0000000180025095e-35 0.78759398496240618 0.16025641025641027 112.90503040955561 23.595474520731425 0.31666666666666671 0.12060606060606062 1.0000000180025095e-35 14.264366567761664 3.5000000000000004 112.90503040955561 0.64583333333333337 1.0000000180025095e-35 0.17424242424242428 0.10762548262548265 0.26491228070175443 1.0000000180025095e-35 11.589145825493052 82.500000000000014 0.47727272727272735 0.045983086680761107 0.36931818181818188 15.395487184129708
decision_type=2 2 2 2 2 2 2 2 2 2 2 2 2 2 2 2 2 2 2 2 2 2 2 2 2 2 2 2 2 2
left_child=-1 2 11 6 5 -5 9 8 -8 10 -4 12 13 -2 15 -15 17 -13 -18 -20 -17 23 -23 -14 25 -25 27 -27 29 -26
right_child=1 -3 3 4 -6 -7 7 -9 -10 -11 -12 16 21 14 -16 20 18 -19 19 -21 -22 22 -24 24 28 26 -28 -29 -30 -31
leaf_value=-0.076090867465138712 -0.10256926236892301 -0.032156325952545799 -0.011365996093131159 0.060802518955677003 0.099103075409105554 -0.031831546544609297 0.075919605579429755 -0.10673607883508557 -0.0013698249368339502 0.026030160870698895 0.036825572354890861 0.0031219819409112675 -0.019869275806103173 -0.027897174070872478 -0.0727539090325965 0.13318888192983 -0.087360565539487178 -0.042674352571909088 -0.014735200752904657 0.061899617346802861 -0.069354362928815722 0.033864210513886009 -0.0070902653197995038 -0.1008606196554714 -0.29015152928064109 -47.824696526170939 -0.10026724531415705 -178.39690608278823 0.085076093339570669 -2.6565334519064989
leaf_weight=264.17028079152806 281.43230699292064 969.05262459693768 1808.2626850656234 444.15152050927281 314.53871098766103 423.96906299469993 172.18881921842694 319.27505333255976 643.30903051793575 1738.4625878436491 417.80579475779086 28920.051212693666 2093.5781446202614 238.60056159117909 417.29218854724058 104.41311875589764 169.41161328469752 588.38715637323912 3297.3122591931606 161.00510942051187 26.174132889573229 1207.7893736967735 4110.1894023602363 0.1149632859588231 2.3728877898462568 0.0041907029253422934 0.018801643716869876 0.0050477585630517297 3.8075117249340682 0.37517858316193287
leaf_count=1159738 1589229 1496403 14347 19939 29472 5598 940 2205 7353 22876 3140 1534082 3588184 42804 932871 2350 26274 20458 113382 11216 7700 184718 29256 66 207 18 13 29 558 67
internal_value=-0.0012766 -0.000872214 -0.00023937 0.0100097 0.0377807 0.0155623 0.00356888 -0.0192875 0.0149495 0.0101111 -0.00232103 -0.00178624 -0.0101466 -0.0503701 -0.0316913 0.0147218 0.000354855 0.00220882 -0.0147255 -0.0111674 0.0925923 -0.00435615 0.00221108 -0.0209846 -0.369578 -7.79285 -39.3297 -119.167 -0.207647 -0.613221
internal_weight=49137.5 48873.4 47904.3 6281.96 1182.66 868.121 5099.3 1134.77 815.498 3964.53 2226.07 41622.3 8486.17 1067.91 786.48 369.188 33136.2 29508.4 3627.73 3458.32 130.587 7418.26 5317.98 2100.28 6.69858 0.143003 0.0280401 0.00923846 6.55558 2.74807
internal_count=10845493 9685755 8189352 105870 55009 25537 50861 10498 8293 40363 17487 8083482 6378070 2574954 985725 52854 1705412 1554540 150872 124598 10050 3803116 213974 3589142 958 126 60 47 832 274
is_linear=0
shrinkage=0.1


Tree=58
num_leaves=31
num_cat=0
split_feature=7 8 2 0 0 7 1 7 7 1 2 0 7 8 7 8 8 2 8 2 0 7 7 7 0 6 2 7 7 0
split_gain=130.6 85.4207 69.7248 277.298 64.4581 50.2161 63.6595 102.832 72.5141 90.7909 66.9109 62.3075 58.3439 82.1663 59.6453 66.64 267.001 111.73 125.188 64.9388 54.6566 51.4277 64.6193 135.249 51.102 50.7124 50.6897 49.3477 244.588 103.39
threshold=9.4267098115816221 109.50000000000001 0.19292803970223329 0.31666666666666671 0.31666666666666671 136.28990979692213 3.5000000000000004 72.34418059892694 51.128109545440033 2.5000000000000004 0.070197044334975381 0.58571428571428574 21.82192766347131 7.5000000000000009 24.89586131266449 61.500000000000007 50.500000000000007 1.0000000180025095e-35 54.500000000000007 0.13188405797101452 0.86607142857142871 38.519503317171605 43.647784033394132 41.678759322984654 0.86607142857142871 1.0000000180025095e-35 0.061553030303030311 28.402204142033217 26.227494986740854 0.64583333333333337
decision_type=2 2 2 2 2 2 2 2 2 2 2 2 2 2 2 2 2 2 2 2 2 2 2 2 2 2 2 2 2 2
left_child=-1 2 3 -2 -3 6 8 -8 9 12 -9 -11 -5 20 19 16 -16 18 27 -15 -14 -22 23 26 -21 -10 -23 28 -18 -30
right_child=1 4 -4 5 -6 -7 7 10 25 11 -12 -13 13 14 15 -17 17 -19 -20 24 21 22 -24 -25 -26 -27 -28 -29 29 -31
leaf_value=-0.086803944219996376 -0.076780384122265996 -0.082758098259709659 0.0021496236961487383 -0.015181080790258339 -0.017328650123736741 0.051751100859907223 -0.065009623870606714 0.0080460851481511508 0.030461246097977991 -0.09369673609386682 -0.070431815017017299 -0.020715274931956712 0.020131930469486373 -0.0091391755068704322 0.029510914648544519 -0.074295148107542064 0.36225130072730449 0.14851050752406664 0.20335769814481017 0.18389469659339833 -0.02994665033533795 -0.011156963077974697 -0.019592652771612516 0.10705762520568674 0.02719980676428534 0.00057613528854860718 0.056541793866226042 0.57932907412398504 4.1755080278084966 1.7416527666568484
leaf_weight=177.29354571615841 536.34162979026223 193.33621642039975 34285.575645884877 2075.7090413278556 680.6387559840598 162.92988381290343 432.49279863918491 676.26341188093647 1038.4947323671076 125.62589169113016 129.43745186176966 1699.9396367002046 702.8758454277413 760.9708872345791 1051.1917541242146 52.874089289573021 1.5125375852512681 34.073074396146694 10.139957299747037 31.062424115079921 951.01134553650627 616.82190150674433 940.72452393826097 143.0825471826829 63.074251394718885 1252.7940730247356 134.76532726921141 7.2088398878113367 0.25725328031694505 0.54283065267372876
leaf_count=901557 2203896 847185 1638664 3179148 579542 3124 92203 24977 37242 103372 5646 333958 30303 641777 113928 19963 653 3245 4042 3074 32028 6475 8817 938 3917 22512 1135 1872 147 153
internal_value=-0.00113208 -0.000820775 -0.000255696 -0.00630517 -0.0318026 -0.00341886 -0.00411389 -0.0256757 -0.00183102 -0.00571799 -0.00456155 -0.0257375 -0.000895169 0.00449421 0.0205834 0.0353769 0.040625 0.258047 0.447874 0.000553353 -0.00478739 -0.0110733 -0.00129411 0.0179464 0.0789047 0.0141211 0.000981941 0.708273 1.11021 2.52422
internal_weight=48969.1 48791.8 47917.8 13632.2 873.975 13095.9 12932.9 1238.19 11694.8 9403.46 805.701 1825.57 7577.9 5502.19 2012.91 1157.8 1104.93 53.7345 19.6614 855.108 3489.28 2786.41 1835.39 894.67 94.1367 2291.29 751.587 9.52146 2.31262 0.800084
internal_count=10845493 9943936 8517209 6878545 1426727 4674649 4671525 122826 4548699 4488945 30623 437330 4051615 872467 792771 144003 124040 10112 6867 648768 79696 49393 17365 8548 6991 59754 7610 2825 953 300
is_linear=0
shrinkage=0.1


Tree=59
num_leaves=31
num_cat=0
split_feature=7 7 0 2 1 3 7 7 7 2 2 7 0 2 1 0 4 6 5 7 7 7 1 8 2 7 8 6 2 0
split_gain=115.207 76.6008 201.185 182.306 122.73 103.084 105.835 108.141 112.264 118.494 199.288 248.497 99.4728 96.2191 92.9084 283.089 92.8332 89.8427 300.001 71.4996 65.7891 85.9223 119.804 78.2346 63.1805 111.443 154.582 68.9761 70.2468 64.6734
threshold=9.4267098115816221 37.521046829444565 0.31666666666666671 0.13188405797101452 2.5000000000000004 1.0000000180025095e-35 24.657580295307813 31.291400533802324 27.231415411263665 0.61721611721611735 0.58578431372549034 29.171343542864893 1.0000000180025095e-35 0.97500000000000009 1.5000000000000002 0.47727272727272735 1.0000000180025095e-35 1.0000000180025095e-35 1.0000000180025095e-35 23.877406023321381 43.647784033394132 40.463638564199819 2.5000000000000004 2.5000000000000004 0.44097222222222227 29.171343542864893 11.500000000000002 1.0000000180025095e-35 0.3585714285714286 0.19090909090909094
decision_type=2 2 2 2 2 2 2 2 2 2 2 2 2 2 2 2 2 2 2 2 2 2 2 2 2 2 2 2 2 2
left_child=-1 2 3 -2 13 12 -7 8 -8 10 24 -12 16 14 17 19 -5 -4 -19 -16 21 -3 -23 -22 25 -10 27 28 29 -27
right_child=1 20 4 5 -6 6 7 -9 9 -11 11 -13 -14 -15 15 -17 -18 18 -20 -21 23 22 -24 -25 -26 26 -28 -29 -30 -31
leaf_value=-0.08467689141933156 -0.096390714565317781 0.0021396157779721963 0.04505959063739122 0.095426054759335299 -0.026817974945285122 -0.069031602066376763 -0.027385193986231817 -0.046757943624961849 0.050929025647059006 -0.10439051617614795 0.19725911460250334 1.4581697074505025 -0.015833705689875573 0.093701144690548022 -0.086080005477904564 0.00054546746625038726 -0.17926644290927857 -0.081775939272465903 0.023058733222961481 -0.028501191395126531 0.0093462534472097229 0.039217072948106634 -0.020433874854546584 -0.0035841561523428582 -0.045460193521070287 0.62915539988086266 0.044375110199359476 0.084433606219701252 0.28658386360256632 2.4703893003420339
leaf_weight=164.2497373390579 377.75666926478948 3195.7277941941138 806.15563907956016 174.77068618749462 1777.6835100162934 543.86387075784296 243.18932241226139 492.18450965319062 110.58083685141173 33.429072462022305 4.6192727559246114 2.362280277069658 314.90204277879093 110.78056641761214 451.00506987179324 13074.171767545089 13.234608409564826 328.4291674165579 1616.4820096973483 413.29708819877123 6668.7096487164963 1769.8130715699226 415.79976653811173 15684.690648845703 33.198474293807521 10.54722314118408 22.825823376217159 5.3571543361176728 9.2571519366465491 0.194283024407924
leaf_count=901557 2349856 120267 426141 4537 423882 1358628 126314 119350 37515 1165 158 50 65511 4851 623757 2956559 195 326153 264853 74202 129801 55504 25042 415317 3263 2155 26419 1754 727 10
internal_value=-0.00106732 -0.000785361 -0.00534615 -0.0326416 -0.00183134 -0.0206875 -0.0337352 -0.013899 0.0201086 0.0698134 0.0990856 0.623901 0.0185304 0.000812561 0.000195992 -0.00311874 0.0760891 0.0169903 0.00535573 -0.0585466 0.00266306 0.0125894 0.0278688 0.000273384 0.0799982 0.106233 0.233159 0.403106 0.48847 0.662458
internal_weight=48869.3 48705 20970.3 2392.27 18578 2014.52 1511.61 967.745 475.561 232.372 198.942 6.98155 502.907 16800.3 16689.5 13938.5 188.005 2751.07 1944.91 864.302 27734.7 5381.34 2185.61 22353.4 191.961 158.762 48.1816 25.3558 19.9987 10.7415
internal_count=10845493 9943936 9198005 4097607 5100398 1747751 1677508 318880 199530 73216 72051 208 70243 4676516 4671665 3654518 4732 1017147 591006 697959 745931 200813 80546 545118 71843 68580 31065 4646 2892 2165
is_linear=0
shrinkage=0.1


Tree=60
num_leaves=31
num_cat=0
split_feature=7 0 1 2 3 2 0 8 7 1 7 2 7 0 7 3 7 2 7 2 4 7 8 2 7 2 2 7 8 7
split_gain=101.429 69.4316 225.088 195.548 136.541 125.988 231.886 125.582 94.3436 87.8726 86.2226 115.986 89.2893 72.7131 70.9081 68.4413 92.01 84.6853 84.6641 246.587 141.816 111.851 100.878 82.2792 71.3704 68.5449 78.5083 68.8845 90.8058 67.4173
threshold=9.4267098115816221 0.47727272727272735 1.5000000000000002 0.97500000000000009 1.0000000180025095e-35 0.24568965517241384 0.31666666666666671 16.500000000000004 112.90503040955561 2.5000000000000004 61.693175783431279 0.61721611721611735 57.514272627718064 0.31666666666666671 14.264366567761664 1.0000000180025095e-35 22.916587113819816 0.71130952380952395 41.678759322984654 0.64852941176470602 1.0000000180025095e-35 45.772188005600235 20.500000000000004 0.46410256410256417 51.128109545440033 0.44097222222222227 0.42582417582417587 27.733807560600553 7.5000000000000009 66.469348401860472
decision_type=2 2 2 2 2 2 2 2 2 2 2 2 2 2 2 2 2 2 2 2 2 2 2 2 2 2 2 2 2 2
left_child=-1 2 5 4 -3 6 14 -4 -6 -10 12 13 15 -12 -2 23 -17 18 25 21 22 -20 -21 -7 -23 26 -18 -28 -29 -13
right_child=1 3 7 -5 8 10 -8 -9 9 -11 11 29 -14 -15 -16 16 17 -19 19 20 -22 24 -24 -25 -26 -27 27 28 -30 -31
leaf_value=-0.082424753562496803 -0.094419917779858156 -0.00066771732730595672 -0.014655498194720194 0.07714498171882396 0.040637033381463128 0.060109691832000572 0.013389167337768876 -0.077188768590753284 -0.041905976507406476 0.03011691342112623 -0.033565676172791208 -0.04186301048456937 0.046166870533130462 -0.1347476461352117 -0.035915380282205554 -0.061801941840461727 -0.0029287917603146151 -0.023160977362847279 0.047996975793567931 0.11779779543059857 -0.074040247470673545 -0.047011112155269007 0.54917676909723723 0.0095399756831327596 0.0082546125663674162 -0.023302710254473027 0.008440148518072078 0.071274089058972909 0.28292120799655601 0.0039631090609651906
leaf_weight=152.47633309373487 416.87434628991025 31758.595515416 630.50443682774051 340.26989380503073 1398.8204996055028 405.49897487531416 681.81201385405575 654.5378069062707 328.90186406299472 349.31039682356641 850.46163601256558 365.26820976193994 543.72812102525495 77.496111624408513 411.81719705071862 244.80420951907581 684.69949057602207 1115.548123896122 442.97251547302585 286.74399166321382 40.351586256641895 372.85392801769194 5.5254361820407203 1557.6921074222773 625.98251481540501 1061.4854766885983 111.9995163307176 91.930262730224058 26.00632028572727 2650.6814206270501
leaf_count=901557 2668726 3789972 75826 34385 59758 17432 891508 924653 12956 24586 25244 3650 10361 1025 477113 501367 237791 11668 20913 2594 507 24231 118 10926 20547 34626 33335 2309 3009 22800
internal_value=-0.000991952 -0.000736115 -0.00657168 0.0017154 0.000956842 -0.00264593 -0.0298066 -0.0465069 0.025797 -0.00481089 0.000902526 -0.0110994 0.00711618 -0.0420156 -0.0653462 0.00411467 -0.00198149 0.00102796 0.00822262 0.0240781 0.101691 0.00617301 0.125953 0.0199852 -0.0123754 -0.00601459 0.0140492 0.0646061 0.117945 -0.00158699
internal_weight=48685.7 48533.2 14357.3 34175.9 33835.6 13072.2 1510.5 1285.04 2077.03 678.212 11561.7 3943.91 7617.82 927.958 828.692 7074.09 5110.9 4866.1 3750.55 1774.43 332.621 1441.81 292.269 1963.19 998.836 1976.12 914.636 229.936 117.937 3015.95
internal_count=10845493 9943936 6022279 3921657 3887272 5021800 4037347 1000479 97300 37542 984453 52719 931734 26269 3145839 921373 893015 391648 379980 68910 3219 65691 2712 28358 44778 311070 276444 38653 5318 26450
is_linear=0
shrinkage=0.1


Tree=61
num_leaves=31
num_cat=0
split_feature=7 6 5 0 0 0 0 2 1 2 2 3 7 8 2 2 0 2 3 2 2 7 7 7 1 3 7 2 2 8
split_gain=89.1145 68.2713 360.491 654.405 372.141 75.0422 558.924 436.362 165.516 99.5228 81.4686 79.3367 72.9168 97.1724 80.3889 84.3765 69.7099 204.582 175.797 130.167 268.495 106.948 108.473 107.463 75.3168 136.695 91.752 106.785 175.598 100.726
threshold=9.4267098115816221 1.0000000180025095e-35 1.0000000180025095e-35 0.61250000000000016 0.86607142857142871 0.86607142857142871 0.61250000000000016 0.44097222222222227 3.5000000000000004 0.47722567287784684 0.78759398496240618 1.0000000180025095e-35 80.898622908551602 4.5000000000000009 0.22902097902097904 0.71825396825396837 0.47727272727272735 0.12060606060606062 1.0000000180025095e-35 0.71825396825396837 0.64852941176470602 14.264366567761664 11.968514922936896 20.363979620333986 1.5000000000000002 1.0000000180025095e-35 24.440015940136131 0.43303571428571436 0.42582417582417587 4.5000000000000009
decision_type=2 2 2 2 2 2 2 2 2 2 2 2 2 2 2 2 2 2 2 2 2 2 2 2 2 2 2 2 2 2
left_child=-1 16 3 -3 -5 6 -4 11 10 -10 -8 -7 13 14 -6 -16 17 -2 19 20 21 22 -18 -23 25 -19 -27 28 -28 -29
right_child=1 2 5 4 12 7 8 -9 9 -11 -12 -13 -14 -15 15 -17 18 24 -20 -21 -22 23 -24 -25 -26 26 27 29 -30 -31
leaf_value=-0.080053165626579825 -0.065324741796555508 -0.083171348853647076 0.012859876883208702 0.035952179220694373 -0.031038783153663568 0.0012719890436584294 -0.056226747916298274 0.083948924047418369 -0.032410371406439417 0.10385594848615265 -0.11743191860665277 0.086778602278323944 -0.063436187074229197 -0.034629000011804613 0.021532287545091015 -0.035922457342275255 -0.0073055705684822118 0.044592670812622151 0.043742985517482416 0.030259077354393923 -0.031384491444391975 -0.078034636413477854 0.087497134873624829 0.0055927198427141644 -0.037180447456563528 -0.048995363133142317 0.0076727709392132339 -0.015435668279097817 0.09673764577375478 0.0092141172424096262
leaf_weight=141.84804080011236 516.20065657381201 1438.5543413812875 5426.6501296875158 1454.4639619935751 743.40891200606711 5312.3889098092213 1031.6829392355858 759.5371892771218 128.17437563667772 92.117752195335925 275.56654668599367 110.77388730709208 390.36523604480317 1944.8248204846122 1184.2617635456845 325.9585115625523 195.49608786897772 678.50723777400344 1176.2806623422621 1658.9864284079522 2213.3165278956294 155.695670511137 315.42563955075491 11751.764004967496 535.65803874050471 396.82299524618793 1094.2638408742641 3880.4212431572378 277.50162393593928 2894.1184973979834
leaf_count=901557 2348640 1590987 1108426 92384 21804 790745 91313 69141 3466 1413 1493 6955 9155 547658 5696 3413 236671 51075 65699 15643 11413 165055 195594 1141867 45706 982494 248540 20740 16717 54033
internal_value=-0.000907599 -0.000675448 -0.00503363 -0.0225546 -0.00812528 0.00494507 -0.00218137 0.0129608 -0.055616 0.024571 -0.0691287 0.00301855 -0.022096 -0.0182522 -0.00411952 0.00913154 0.00256387 -0.00397255 0.00640838 0.00371261 0.000702686 0.00642155 0.0512224 0.00449925 -0.000726769 0.00139072 -0.00204044 0.000246829 0.0256902 -0.00490515
internal_weight=48501 48359.2 20618.7 7481.84 6043.28 13136.9 6954.19 6182.7 1527.54 220.292 1307.25 5423.16 4588.82 4198.45 2253.63 1510.22 27740.5 10273.5 17467 16290.7 14631.7 12418.4 510.922 11907.5 9757.29 9221.64 8543.13 8146.31 1371.77 6774.54
internal_count=10845493 9943936 4344049 2271097 680110 2072952 1206111 866841 97685 4879 92806 797700 587726 578571 30913 9109 5599887 3767945 1831942 1766243 1750600 1739187 432265 1306922 1419305 1373599 1322524 340030 265257 74773
is_linear=0
shrinkage=0.1


Tree=62
num_leaves=31
num_cat=0
split_feature=7 2 0 7 7 2 0 7 7 0 6 2 8 2 7 7 0 5 7 8 0 3 2 8 8 2 7 2 7 8
split_gain=79.9943 133.103 146.737 89.5377 114.294 87.3308 128.965 166.337 93.3737 70.16 77.3938 65.3893 58.5436 54.2431 66.9974 75.2483 73.8285 57.6285 55.5559 52.9396 90.1687 130.264 299.787 988.954 1220.03 388.946 175.428 173.26 78.5731 221.143
threshold=21.367831786461466 0.13840996168582378 0.31666666666666671 15.395487184129708 20.363979620333986 0.47722567287784684 0.27922077922077926 14.018128325212766 11.664666988025422 0.38750000000000007 1.0000000180025095e-35 0.51086956521739146 53.500000000000007 1.0000000180025095e-35 13.594479395019166 12.61813447699882 0.86607142857142871 1.0000000180025095e-35 11.053629349151615 19.500000000000004 1.0000000180025095e-35 1.0000000180025095e-35 0.1126984126984127 14.500000000000002 15.500000000000002 0.10762548262548265 13.28040187411205 0.031754032258064523 14.264366567761664 9.5000000000000018
decision_type=2 2 2 2 2 2 2 2 2 2 2 2 2 2 2 2 2 2 2 2 2 2 2 2 2 2 2 2 2 2
left_child=1 2 19 5 -5 6 7 -3 -8 -7 -11 -6 -9 14 15 16 17 -4 -18 20 21 22 23 26 25 -25 -1 -23 29 -28
right_child=-2 3 13 4 11 9 8 12 -10 10 -12 -13 -14 -15 -16 -17 18 -19 -20 -21 -22 27 -24 24 -26 -27 28 -29 -30 -31
leaf_value=-4.0504090139335434 0.00079468499610109455 -0.06957352892453976 -0.03460770780026149 -0.075767920292775126 -0.024272193373522044 0.0066009539504931812 -0.0036376799205435476 0.047136291070223456 0.069819737119695427 -0.0014875011653886555 -0.066316911497585521 0.032071070809904706 0.25412978040055251 -0.053303808421200721 -0.043106889758710229 0.09354749169407256 -0.038119638148244844 0.028130596438340101 0.32878531602858874 -0.080346323888499105 -0.063839196876487994 17.428903118715006 -0.014603391708056138 -12.804056086294441 -1.4857501289353909 -2.2353207116476095 -2.3476272051637124 -0.0060723610048105904 -0.33008095494624073 0.024722865393754456
leaf_weight=0.14521573309801983 41610.382823724147 243.87777060450418 371.38924913496152 327.69757988934452 697.41231619971222 1557.3713829228655 241.62185039956967 104.11780963480423 609.67434870647594 408.18615966849029 335.50155275966972 292.31285015377216 15.727613935946819 388.6221710874579 393.53057551096936 90.342368929617805 6.4608598740143206 241.69040583287273 11.424007864668964 271.39154564709668 22.099330983241089 0.0057048556336648506 5.8664514514829413 0.17846343993463137 0.39802280246712235 0.043262297287583351 0.77624043478863292 6.3860885785688888 4.7018033972202185 0.79571937787113711
leaf_count=19 3521614 814805 1308135 91998 105006 10762 42559 58655 15761 2033 1794 4876 34227 740436 813410 121245 30802 367118 12421 2608763 107538 26 57 137 715 3 90 29305 788 395
internal_value=-0.000832876 -0.0110172 -0.0340972 -0.00234465 -0.0245797 0.00598651 0.0276749 -0.0221676 0.0489705 -0.00546551 -0.0307341 -0.00763135 0.0743006 -0.0211325 -0.0099179 0.00818934 -0.00403236 -0.00987479 0.196242 -0.0964138 -0.201751 -0.359691 -0.542542 -0.982554 -4.79731 -10.7419 -0.614242 0.00948885 -0.534707 -1.14675
internal_weight=48260.1 6649.75 1816.25 4833.5 1317.42 3516.08 1215.02 363.723 851.296 2301.06 743.688 989.725 119.845 1503.46 1114.84 721.307 630.965 613.08 17.8849 312.788 41.3963 19.297 12.9052 7.03873 0.619749 0.221726 6.41898 6.39179 6.27376 1.57196
internal_count=10845493 7323879 6141403 1182476 201880 980596 966007 907687 58320 14589 3827 109882 92882 3393567 2653131 1839721 1718476 1675253 43223 2747836 139073 31535 2204 2147 855 140 1292 29331 1273 485
is_linear=0
shrinkage=0.1


Tree=63
num_leaves=31
num_cat=0
split_feature=7 2 0 0 1 2 0 7 3 0 8 6 1 0 0 2 2 7 2 5 2 0 5 7 2 2 2 2 8 8
split_gain=73.3323 55.335 123.88 62.9865 205.478 81.9141 198.218 97.862 81.0002 81.7068 80.8263 74.7291 68.1637 145.489 66.1616 63.6045 90.3333 114.535 84.6535 71.6906 64.6773 62.279 84.7881 61.8228 110.307 519.383 10381.8 14683.9 308.705 66.5468
threshold=9.4267098115816221 0.85357142857142865 0.81666666666666676 0.47727272727272735 1.5000000000000002 0.24568965517241384 0.31666666666666671 61.693175783431279 1.0000000180025095e-35 0.86607142857142871 20.500000000000004 1.0000000180025095e-35 2.5000000000000004 0.58571428571428574 0.73214285714285732 0.61721611721611735 0.73030303030303034 95.218118876066157 0.71130952380952395 1.0000000180025095e-35 0.82480818414322254 0.64583333333333337 1.0000000180025095e-35 14.264366567761664 0.045983086680761107 1.0000000180025095e-35 0.032795698924731186 0.031754032258064523 4.5000000000000009 2.5000000000000004
decision_type=2 2 2 2 2 2 2 2 2 2 2 2 2 2 2 2 2 2 2 2 2 2 2 2 2 2 2 2 2 2
left_child=-1 3 -3 4 5 6 23 -7 12 11 -6 -10 -5 -14 -15 -9 18 19 -17 20 -18 22 -13 -2 25 29 27 -27 -28 -25
right_child=1 2 -4 8 10 7 -8 15 9 -11 -12 21 13 14 -16 16 17 -19 -20 -21 -22 -23 -24 24 -26 26 28 -29 -30 -31
leaf_value=-0.07667694442607037 -0.092629913115525514 0.0049287187520943784 0.066072987932646904 0.0034311676669115383 -0.023054486884057052 0.0061688620986513265 0.013045701585704906 -0.037728943991084868 0.028469059989853232 0.0520086814343661 -0.077098456398577153 -0.13169000036074094 -0.066164784615748568 0.015994764190349845 -0.0068483561179229872 -0.005452394974350315 -0.075174387980469215 0.016895831365530207 0.062032408712438147 0.064406890465752112 0.11197000152164344 -0.053176820285246999 0.031528313531718304 7.2064044926474811 -0.032009334276267259 -233.37189040106105 -16.280055112574491 -0.10002823314543124 -0.10031394034179093 0.16937859019382065
leaf_weight=127.03222142381856 345.13546553442302 2813.1104285335168 375.59178929054178 18334.93503820926 583.03544656192571 6801.6919350172466 680.93463185814971 922.30081142729614 724.63043152866612 582.17912367404915 526.74494966905513 36.14579366176622 390.80850172597275 1434.8195603197673 10900.827924966899 507.46736145555042 465.3815646476578 354.41594172897749 293.32058570464142 44.846924095414579 19.230175926815718 284.00122123946494 266.380907374667 0.013686189951907179 394.53719810266136 0.004714578728453489 0.012360969969894331 0.0063102042840910144 0.25635440069503312 0.74237655244162415
leaf_count=901557 2668726 36457 34936 3138307 103467 923865 891508 26269 17226 65536 894266 328 81541 119737 439932 5418 3690 3253 2558 823 119 2744 6117 10 473076 33 21 28 772 3173
internal_value=-0.000798631 -0.000598168 0.0121308 -0.00150226 -0.00772499 -0.00352568 -0.0258989 -0.000145104 0.000752349 0.0208331 -0.0487059 0.00699059 -0.000471668 -0.00609446 -0.00419136 -0.0166185 -0.00506125 -0.0271022 0.0192666 -0.0565542 -0.0677482 -0.0195452 0.012027 -0.0617007 -0.0347151 -1.06532 -4.74667 -99.8551 -0.844586 0.296762
internal_weight=48210.5 48083.5 3188.7 44894.8 11940.1 10830.3 1421.64 9408.66 32954.7 1893.34 1109.78 1311.16 31061.4 12726.5 12335.6 2606.96 1684.66 883.875 800.788 529.459 484.612 586.528 302.527 740.708 395.573 1.0358 0.27974 0.0110248 0.268715 0.756063
internal_count=10845493 9943936 71393 9872543 6001075 5003342 4037347 965995 3871468 91951 997733 26415 3779517 641210 559669 42130 15861 7885 7976 4632 3809 9189 6445 3145839 477113 4037 854 61 793 3183
is_linear=0
shrinkage=0.1


Tree=64
num_leaves=31
num_cat=0
split_feature=7 2 0 7 7 2 0 7 7 2 2 0 6 2 8 0 2 2 2 2 8 3 2 8 6 8 8 3 3 7
split_gain=64.5211 109.906 131.163 72.1505 98.1795 75.081 90.4466 137.758 70.963 56.977 68.9116 54.6307 62.8016 46.7245 45.2428 57.2187 287.841 1501.71 27936.2 42127.3 875.214 71.2535 296.36 585.798 136.672 67.9454 66.6131 65.4918 44.9636 51.2129
threshold=21.387630638130407 0.13840996168582378 0.31666666666666671 15.395487184129708 20.363979620333986 0.47722567287784684 0.27922077922077926 14.018128325212766 11.469940313770552 0.43303571428571436 0.34057971014492755 0.38750000000000007 1.0000000180025095e-35 0.69397993311036799 20.500000000000004 1.0000000180025095e-35 0.045983086680761107 1.0000000180025095e-35 0.032795698924731186 0.031754032258064523 5.5000000000000009 1.0000000180025095e-35 0.10435571687840291 14.500000000000002 1.0000000180025095e-35 14.500000000000002 15.500000000000002 1.0000000180025095e-35 1.0000000180025095e-35 10.238745767111391
decision_type=2 2 2 2 2 2 2 2 2 2 2 2 2 2 2 2 2 2 2 2 2 2 2 2 2 2 2 2 2 2
left_child=1 2 14 5 -5 6 7 -3 -8 10 -6 13 -13 -7 15 16 17 -1 19 -19 -20 -17 23 24 -23 -18 27 -27 -4 -30
right_child=-2 3 28 4 9 11 8 -9 -10 -11 -12 12 -14 -15 -16 21 25 18 20 -21 -22 22 -24 -25 -26 26 -28 -29 29 -31
leaf_value=-0.22061668452051234 0.00074791650839175724 -0.064778154673732297 -0.017267191639992473 -0.070579115506226517 -0.0096993215293575217 -0.01241775681887358 -0.013672067117654164 0.067940719468734409 0.057198621985423415 0.025788704960193549 -0.095883539034953072 -0.0010864049071213327 -0.059541196528491928 0.022273225392847085 -0.076157152334002276 -0.082459850603480087 -0.10992983929762144 -513.45835281864788 -31.308778425488942 -0.10002631515545089 -0.10002013274273101 20.100423001172416 0.41661663859579368 -0.10001783525088713 44.152092571878299 -1.2754039338838892 -0.29360086250681089 0.14117372637331846 -1.4373488649956445 -0.13649492957459139
leaf_weight=0.78919926295287157 41427.458008459624 221.60762760717523 1472.0327813964038 315.58275425622196 568.43587969307555 752.41656462382525 177.52415371424286 120.8619328790486 692.12863793964402 352.38561720127473 110.87207360693719 406.80847448389977 335.26415307726711 802.17612150404602 227.93570615510535 21.513209175112387 17.207046907661994 0.0027261707263189763 0.0095992474386900062 0.003864626317308828 0.14063177729408033 0.004950386151903241 0.19314795827085618 0.015216185602184851 0.0045195569400675595 1.5334849424661019 5.5101685443908472 0.41460641114827002 0.30638693278723295 24.730010435303544
leaf_count=1706 3481087 814805 3428679 91998 66353 4709 39269 92882 19051 5920 40852 2033 1794 6053 2596551 116822 15640 32 31 18 843 25 76 91 17 33 14049 2381 117 1576
internal_value=-0.000717761 -0.00987822 -0.0311926 -0.00209896 -0.02177 0.00545417 0.0255897 -0.0179399 0.0427316 -0.0068399 -0.0237657 -0.00517283 -0.0274959 0.00548293 -0.0946331 -0.183588 -0.284855 -1.99666 -10.9345 -212.442 -2.09415 -0.0642388 1.73526 12.0526 31.5791 -0.2192 -0.471299 -0.973918 -0.0195273 -0.152414
internal_weight=48055.9 6628.41 1772.35 4856.06 1347.28 3508.79 1212.12 342.47 869.653 1031.69 679.308 2296.67 742.073 1554.59 275.278 47.3424 25.6113 0.946021 0.156822 0.0065908 0.150231 21.731 0.217834 0.0246861 0.00946994 24.6653 7.45826 1.94809 1497.07 25.0364
internal_count=10845493 7364406 6178687 1185719 205123 980596 966007 907687 58320 113125 107205 14589 3827 10762 2748315 151764 34733 2630 924 50 874 117031 209 133 42 32103 16463 2414 3430372 1693
is_linear=0
shrinkage=0.1


Tree=65
num_leaves=31
num_cat=0
split_feature=7 6 5 0 0 2 0 0 2 1 0 2 8 2 7 7 8 2 2 0 8 2 0 2 8 7 7 7 7 2
split_gain=60.614 58.1485 293.813 557.245 309.99 66.2203 70.6029 438.926 337.026 129.885 79.2279 73.5089 70.2116 83.7618 94.0955 65.6714 79.4179 65.1043 62.1357 61.1766 136.518 92.7774 115.006 85.1512 69.3847 138.353 65.2868 61.4878 96.1195 71.1729
threshold=9.3291212417631808 1.0000000180025095e-35 1.0000000180025095e-35 0.61250000000000016 0.86607142857142871 0.97500000000000009 0.86607142857142871 0.61250000000000016 0.44097222222222227 3.5000000000000004 0.77500000000000013 0.78759398496240618 4.5000000000000009 0.26491228070175443 35.086009329996308 95.218118876066157 4.5000000000000009 0.4188596491228071 0.47722567287784684 0.16025641025641027 5.5000000000000009 0.46410256410256417 0.20714285714285716 0.37268518518518523 45.500000000000007 13.514497070172826 14.591829551631539 12.988427929814572 28.402204142033217 0.028991596638655467
decision_type=2 2 2 2 2 2 2 2 2 2 2 2 2 2 2 2 2 2 2 2 2 2 2 2 2 2 2 2 2 2
left_child=-1 -2 3 -3 17 6 7 19 12 11 18 -9 -8 -14 -15 16 -6 -5 -11 20 23 24 -23 -4 27 -26 -27 -21 -29 -30
right_child=1 2 5 4 15 -7 8 9 -10 10 -12 -13 13 14 -16 -17 -18 -19 -20 21 -22 22 -24 -25 25 26 -28 28 29 -31
leaf_value=-0.075254991705785992 0.002454882118118471 -0.078762224063903499 -0.074633782590457248 0.064965361219366122 -0.0052049647063091729 0.052377146456928703 -0.010703023109627913 -0.051556189189196723 0.080227585944615765 0.010610368630662637 -0.034220320163175187 -0.11077802122358854 0.020834814955449522 -0.036061765082300454 0.062185029953164689 -0.070364886933656098 -0.032591355529922567 0.018776251061779527 0.17181265633553952 -0.00021945957150791806 -0.080277430923163307 0.14674240808937933 -0.0019815327108251828 0.063941861204868694 0.036030210028125273 -0.17298924473116312 -0.035285405107871655 0.083653036407522086 0.098308320576110109 0.010031427401349529
leaf_weight=108.81996883262764 27569.748613420546 1344.8977246242684 59.457200006466252 432.37304882560966 2342.0498532306369 281.92838848638348 2186.1756225129902 999.56595914809441 633.38094500056468 49.951485930505442 119.78014508215711 265.20096898823977 2541.6137251844739 555.56128310691565 118.22919693612494 249.52168647258077 1932.6922879414037 1037.2041838075966 45.866826202720404 283.98189400512661 225.94564849816933 53.053881147876382 2604.1059609018266 174.42636732175015 417.5402902808072 42.378386173716535 183.5625013758455 518.28866062047905 110.78439059357333 520.13505955900473
leaf_count=859793 5621494 1602666 6942 86470 31978 19771 40240 91332 57690 1660 2460 1279 752128 3331 2006 6986 548777 6048 428 171759 297241 335 19765 4743 468376 1537 61892 61616 6261 8489
internal_value=-0.000706421 -0.000537058 -0.00459453 -0.0205894 -0.00753654 0.00444116 0.00337778 -0.00370982 0.0112159 -0.0517444 0.0199982 -0.063974 0.0031237 0.0125246 -0.0188225 -0.0204977 -0.0175869 0.0323658 0.0877755 0.00998164 -0.0248412 0.0133642 0.000987947 0.0287136 0.0292 0.00192077 -0.0611137 0.041448 0.0517445 0.0255321
internal_weight=48008.2 47899.4 20329.7 7338.74 5993.84 12990.9 12709 6674.03 6034.96 1480.37 215.598 1264.77 5401.58 3215.4 673.79 4524.26 4274.74 1469.58 95.8183 5193.66 459.829 4733.83 2657.16 233.884 2076.67 643.481 225.941 1433.19 1149.21 630.919
internal_count=10845493 9985700 4364206 2282925 680259 2081281 2061510 1206115 855395 97159 4548 92611 797705 757465 5337 587741 580755 92518 2088 1108956 308926 800030 20100 11685 779930 531805 63429 248125 76366 14750
is_linear=0
shrinkage=0.1


Tree=66
num_leaves=31
num_cat=0
split_feature=7 2 0 8 3 0 2 2 8 2 5 7 7 6 5 0 2 1 2 0 0 2 0 2 7 0 8 7 8 7
split_gain=53.45 100.75 140.774 67.917 92.7604 3560.84 7047.4 92282.1 307531 94941.2 160605 56.6507 84.2961 64.4756 64.6614 51.1028 48.1574 44.3853 80.7768 78.4848 72.2503 79.672 55.7945 101.049 76.8859 59.8336 91.9796 70.6034 92.3279 71.9185
threshold=21.387630638130407 0.15075757575757578 0.31666666666666671 20.500000000000004 1.0000000180025095e-35 0.11805555555555557 0.12060606060606062 0.10762548262548265 15.500000000000002 0.098780487804878067 1.0000000180025095e-35 15.395487184129708 20.363979620333986 1.0000000180025095e-35 1.0000000180025095e-35 0.47727272727272735 0.34057971014492755 3.5000000000000004 0.78019323671497598 0.64583333333333337 0.77500000000000013 0.32738095238095244 0.47727272727272735 0.94590643274853814 23.728747063755613 0.64583333333333337 69.500000000000014 37.521046829444565 26.500000000000004 27.231415411263665
decision_type=2 2 2 2 2 2 2 2 2 2 2 2 2 2 2 2 2 2 2 2 2 2 2 2 2 2 2 2 2 2
left_child=1 2 3 4 -1 -6 7 8 9 10 -7 13 -13 -3 -15 -14 -16 22 19 -19 21 -21 24 25 -2 26 -24 29 -29 -27
right_child=17 11 -4 -5 5 6 -8 -9 -10 -11 -12 12 15 14 16 -17 -18 18 -20 20 -22 -23 23 -25 -26 27 -28 28 -30 -31
leaf_value=-0.14962872773660837 -0.055692784940968534 0.02130549816044576 -0.017655426063693129 -0.07172595314691825 0.051547611294161147 -2194.9140593531756 0.29709037352055206 -0.10162462081277668 -0.10001552520197221 -376.15580516772286 -545.78982720460192 -0.065862221958868802 -0.092252948579960567 -0.046831818973390962 0.04081303058503781 0.00059425552594736804 -0.0056987689056888762 -0.083481121576116729 0.066489170107625117 -0.020715092066525539 -0.014460157313621384 0.076047120821282149 0.015993136604736866 0.068309468728435949 -0.003008697340224699 0.0027809461152370884 -0.06462249686426054 0.0048321753364568591 0.069371571612973582 -0.015419838735782074
leaf_weight=45.437034055265961 284.57890866697926 1450.5516038624282 1528.3674262272859 210.23308532073472 5.9379722748199137 0.0012757149229433405 0.25065896984597202 0.12708288732392248 0.011060998847824521 0.0013295737107918747 0.0010995257762271837 298.88979790010626 63.304063839328592 329.85656817417475 263.90769086909904 932.51378247584216 1422.3997758454643 149.93640652706381 133.74775945255533 151.13470344024245 3052.5856733192923 194.73351152427495 4717.2142368371569 243.07149994489737 10408.147994752064 4680.7626409897639 145.90919433418821 12929.478791128495 225.52409234346123 4048.9781042959949
leaf_count=119860 486723 668497 3444381 2623784 34255 36 26 57 76 11 10 89638 89236 176962 90651 19187 7739 26532 6035 21118 102479 1716 254218 28907 863990 1152871 42095 239699 34812 219892
internal_value=-0.000650553 -0.00904258 -0.0292653 -0.0969908 -0.199594 -0.558218 -9.78293 -27.5952 -264.22 -1052.77 -1431.52 -0.00143854 -0.0192873 0.00522739 -0.00634018 -0.00530803 0.00158034 0.000678633 -0.0098005 -0.0126761 -0.0095522 0.0337647 0.00170257 0.00412446 -0.00441084 0.00354117 0.0135744 0.00131164 0.00593861 -0.00566084
internal_weight=47917.6 6551.79 1790.37 262.001 51.7675 6.33048 0.392508 0.141849 0.0147658 0.00370481 0.00237524 4761.42 1294.71 3466.72 2016.16 995.818 1686.31 41365.8 3682.14 3548.39 3398.45 345.868 37683.7 26990.9 10692.7 26747.9 4863.12 21884.7 13155 8729.74
internal_count=10845493 7364406 6222496 2778115 154331 34471 216 190 133 57 46 1141910 198061 943849 275352 108423 98390 3481087 157880 151845 125313 22834 3323207 1972494 1350713 1943587 296313 1647274 274511 1372763
is_linear=0
shrinkage=0.1


Tree=67
num_leaves=31
num_cat=0
split_feature=7 3 2 2 7 6 5 0 0 2 7 1 2 2 2 3 2 2 2 2 1 7 8 8 3 0 0 2 1 3
split_gain=50.1209 51.0344 529.959 1773.49 176.05 47.5143 234.957 464.92 256.417 60.7071 76.1686 60.5106 61.8026 140.827 95.0228 74.0626 72.4092 75.2232 77.6223 59.7178 59.0485 106.336 153.731 53.4768 68.3611 52.8839 372.714 336.097 112.043 66.2012
threshold=9.3291212417631808 1.0000000180025095e-35 0.084523809523809543 0.080540540540540564 8.6289568654192745 1.0000000180025095e-35 1.0000000180025095e-35 0.61250000000000016 0.86607142857142871 0.78759398496240618 66.469348401860472 1.5000000000000002 0.43303571428571436 0.71130952380952395 0.42582417582417587 1.0000000180025095e-35 0.67543859649122817 0.64852941176470602 0.60555555555555574 0.86811594202898557 2.5000000000000004 39.461852635044607 39.500000000000007 55.500000000000007 1.0000000180025095e-35 0.86607142857142871 0.61250000000000016 0.47722567287784684 3.5000000000000004 1.0000000180025095e-35
decision_type=2 2 2 2 2 2 2 2 2 2 2 2 2 2 2 2 2 2 2 2 2 2 2 2 2 2 2 2 2 2
left_child=1 -1 3 -3 -4 -2 7 -7 9 10 -9 -10 14 15 20 16 17 18 -14 -15 21 -13 -23 24 -24 26 -8 29 -28 -27
right_child=5 2 4 -5 -6 6 25 8 11 -11 -12 12 13 19 -16 -17 -18 -19 -20 -21 -22 22 23 -25 -26 27 28 -29 -30 -31
leaf_value=-0.068553443672685607 0.0023360753919631277 -0.10001439448138322 -18.27419315971888 -117.44964604475602 -0.10040107499671953 -0.073495012802800727 0.010047778313275671 0.046175266891309297 -0.13553570784813282 -0.017465805149051838 -0.035987354374229917 -0.035847590387947818 0.0090382779180372113 -0.049617564751475864 -0.10505963951935188 -0.13991819446099829 0.085720748780323333 -0.0320401544374498 0.081309569403606841 0.036323397575237816 -0.047664058520684116 0.015969593674007358 1.2965551400625528 -0.0067224200691440974 0.27368930452147044 0.0015642349063226518 -0.058689883281168226 0.082584260001250936 0.019102433000773886 0.081949069403979308
leaf_weight=98.664335034283113 27527.042978983918 0.0052704447371060273 0.0055023012957917663 0.0017042978111021512 0.17044333719968563 1267.271440855011 5429.7674350412572 1126.127934647694 43.925799747586098 234.83656000066549 125.39443965256214 795.26226466960361 730.60717504285276 694.47788714244962 154.10381052829325 30.901675747707486 136.63853996992111 328.32220816612244 186.56057244539261 91.508213164284825 687.7806669309939 596.77178686112165 1.6418375265784557 0.88084099791012693 1.0852950364351273 5366.1498184796492 1232.9668960923291 589.27736397483386 217.85964361164952 104.44539580249148
leaf_count=858075 5621494 75 23 33 1587 1602666 1116731 87704 20960 1850 2964 480795 3666 5440 1148 1210 595 1604 817 2541 60354 8284 161 161 5 792097 92825 66665 4879 8084
internal_value=-0.000513222 -0.0716473 -1.74042 -28.7747 -0.668745 -0.000365818 -0.0040524 -0.018486 -0.00680285 0.0291888 0.0379431 -0.0187428 -0.0175864 -0.00568084 -0.0292871 0.013193 0.0166163 0.00903508 0.0237389 -0.0396119 -0.0236825 -0.0118642 0.0199041 0.670694 0.889493 0.00401641 -0.00198296 0.0108283 -0.0470084 0.00309895
internal_weight=47800.5 98.8473 0.18292 0.00697474 0.175946 47701.6 20174.6 7234.1 5966.83 1486.36 1251.52 4480.47 4436.54 2199.02 2237.53 1413.03 1382.13 1245.49 917.168 785.986 2083.42 1395.64 600.38 3.60797 2.72713 12940.5 6880.59 6059.87 1450.83 5470.6
internal_count=10845493 859793 1718 108 1610 9985700 4364206 2282925 680259 92518 90668 587741 566781 15873 550908 7892 6682 6087 4483 7981 549760 489406 8611 327 166 2081281 1214435 866846 97704 800181
is_linear=0
shrinkage=0.1


Tree=68
num_leaves=31
num_cat=0
split_feature=8 2 0 5 6 7 8 6 1 7 0 7 0 2 7 0 0 2 7 1 4 2 8 7 7 2 8 7 7 2
split_gain=47.8328 40.6419 58.4147 125.514 123.142 55.9162 92.6276 78.1652 41.9793 87.7797 67.6754 63.0864 103.623 92.5546 101.215 95.8796 90.666 132.399 87.5307 92.185 82.0411 76.8484 71.4287 68.1037 120.829 81.8013 67.9006 67.5433 110.477 84.3863
threshold=112.50000000000001 0.76696832579185525 0.81666666666666676 1.0000000180025095e-35 1.0000000180025095e-35 95.218118876066157 4.5000000000000009 1.0000000180025095e-35 3.5000000000000004 112.90503040955561 0.64583333333333337 36.627436471204071 0.31666666666666671 0.73508771929824568 72.34418059892694 0.16025641025641027 0.73214285714285732 0.47722567287784684 11.230710239985717 2.5000000000000004 1.0000000180025095e-35 0.12060606060606062 6.5000000000000009 31.291400533802324 27.231415411263665 0.64852941176470602 4.5000000000000009 29.171343542864893 25.490991808909254 0.11583184257602865
decision_type=2 2 2 2 2 2 2 2 2 2 2 2 2 2 2 2 2 2 2 2 2 2 2 2 2 2 2 2 2 2
left_child=1 8 5 4 -4 6 -3 -8 9 11 -10 12 21 -13 15 26 17 18 -14 27 -16 -1 -18 24 -23 -26 -15 28 29 -20
right_child=-2 2 3 -5 -6 -7 7 -9 10 -11 -12 13 16 14 20 -17 22 -19 19 -21 -22 23 -24 -25 25 -27 -28 -29 -30 -31
leaf_value=-0.083495235709895518 -0.026169578660338689 -0.018494696051971193 0.05569746768959654 0.09934488018042581 -0.02355824085377272 0.023599538922236561 0.02819669157091689 -0.010938500745595511 -0.079761337756807327 -0.038688942209910399 -0.0088371308684793339 0.0054572905576963596 -0.036413579785489772 -0.143756164045306 0.065069730582688307 -0.014148485781646833 -0.033896854964346794 -0.0084585734473208857 5.1458860927496002e-05 -0.038383466544587651 -0.094481366743970494 -0.024197566771798726 -0.0057739232305020691 -0.056603199701659647 0.072902200284697946 -0.10407748056748574 -0.038184284029047749 -0.0019752076670390231 0.061070832664946464 0.035326480992105808
leaf_weight=211.15369895883941 713.24134702736774 1862.8521918938495 352.69948969595134 205.40336253051646 441.35824196878821 1060.5210144759621 1241.553972071968 866.58916303515434 140.14409206647542 584.10065480455523 3362.6030578566715 19458.430154537782 303.12316737740366 142.10440035536885 152.78668033634312 294.11380013008602 1127.4047433330243 4163.6210206951946 1260.2255482974078 264.00583405650104 40.843099663732573 959.11388856635767 4540.0033975411598 374.23791579557292 229.58749100532441 29.468569718766958 106.64107072842307 902.91506011062302 811.02018748575938 1468.3180242100962
leaf_count=2223522 1572368 17603 19451 29412 5589 15667 10756 7511 27189 20458 126051 542219 942256 705 2541 3494 84699 20828 1537233 161989 425 1265839 1881073 111270 75545 1138 1725 40556 39175 57206
internal_value=-0.000467336 -7.69376e-05 0.00758684 0.0296686 0.0116451 0.00320052 -0.00224739 0.0121095 -0.0012063 -0.000226463 -0.0116748 0.000383377 -0.00417492 0.00414023 -0.0306573 -0.0527976 -0.00142427 0.00471939 0.015672 0.0190265 0.031415 -0.0268087 -0.0113684 -0.0192921 -0.00782962 0.0527701 -0.0984958 0.0224383 0.028666 0.0190341
internal_weight=47670.2 46956.9 6030.98 999.461 794.058 5031.52 3971 2108.14 40926 37423.2 3502.75 36839.1 16644.2 20194.9 736.489 542.859 14840.6 9173.23 5009.61 4706.48 193.63 1803.56 5667.41 1592.41 1218.17 259.056 248.745 4442.48 3539.56 2728.54
internal_count=10845493 9273125 105989 54452 25040 51537 35870 18267 9167136 9013896 153240 8993438 8442329 551109 8890 5924 4765015 2799243 2778415 1836159 2966 3677314 1965772 1453792 1342522 76683 2430 1674170 1633614 1594439
is_linear=0
shrinkage=0.1


Tree=69
num_leaves=31
num_cat=0
split_feature=2 2 2 7 6 0 5 0 0 0 0 3 8 7 2 2 1 7 8 1 2 7 7 7 2 8 8 7 2 8
split_gain=42.1412 135.212 104.861 92.598 57.5667 203.225 168.889 171.425 238.119 101.287 148.713 65.4726 61.0313 64.701 64.0013 58.7625 53.209 92.1099 71.7268 49.1493 40.8129 104.685 97.97 57.8715 47.758 55.7303 44.7707 56.9225 113.754 121.889
threshold=0.5590277777777779 0.57518796992481214 0.51086956521739146 11.053629349151615 1.0000000180025095e-35 0.16025641025641027 1.0000000180025095e-35 0.64583333333333337 0.77500000000000013 0.61250000000000016 0.86607142857142871 1.0000000180025095e-35 4.5000000000000009 36.627436471204071 0.27888888888888896 0.47722567287784684 2.5000000000000004 39.461852635044607 19.500000000000004 3.5000000000000004 0.061553030303030311 23.728747063755613 22.36699358266404 11.816708191987688 0.1126984126984127 9.5000000000000018 87.500000000000014 21.463618978370985 0.10762548262548265 94.500000000000014
decision_type=2 2 2 2 2 2 2 2 2 2 2 2 2 2 2 2 2 2 2 2 2 2 2 2 2 2 2 2 2 2
left_child=2 -2 3 -1 -5 -6 7 -7 19 -8 15 12 -12 14 20 -11 17 -10 -19 -9 22 24 23 -14 26 -26 -22 -28 -29 -30
right_child=1 -3 -4 4 5 6 9 8 16 10 11 -13 13 -15 -16 -17 -18 18 -20 -21 21 -23 -24 -25 25 -27 27 28 29 -31
leaf_value=-0.049878680420719114 0.039317419730462176 0.0012865664320243562 -0.027640082296056901 0.0035926253013785167 -0.073888095980598464 -0.075009038407536768 0.022229218897361191 0.051603858588685651 -0.036353556926594838 -0.056586743969070846 -0.011311020632302181 0.080507769114508743 0.34712240890620105 0.029534328095179332 -0.032211007524588144 0.038423390514852107 -0.044953847363540543 0.0062628251234956266 0.23894315629583851 -0.10919778117734913 0.079967939714166866 -0.040330651656934585 0.042561525606497702 -0.045076843849215571 0.23496683953014369 0.02779381540525391 0.10949173025657839 0.39728577890853012 4.2645767123193385 0.86826420572647778
leaf_weight=387.49480083869275 988.38263149885461 17260.858335848548 1603.1308764312416 14752.054511903176 421.32805094836294 508.99152918644268 2335.8864421620083 550.32986502190761 921.86321106538981 605.8057085548644 2162.982140944805 107.50070682657588 3.7995193572134545 1141.917779851472 477.76857483480126 72.933985838666558 901.23675287055084 771.39629747206345 13.479874891112557 19.688024900242453 46.640520532848313 214.05247816490009 217.97673405811656 383.88916684002635 13.221608179272151 723.99275225424208 7.1567139221006055 4.8249773286515847 0.16037527681328345 0.30978034029249102
leaf_count=2361782 14854 241158 20284 4740877 765550 736762 499554 52391 494993 40886 37124 10430 1543 23411 3799 1184 63043 8705 841 2658 40424 7524 27725 611946 883 22645 7893 4331 90 203
internal_value=-0.000427633 0.00334633 -0.00277246 -0.00133681 -0.000649855 -0.00560548 -0.00324885 -0.0211297 -0.0125003 0.00448823 -0.00221207 0.00323213 0.00169339 0.0103865 -5.64373e-05 -0.0463774 -0.0252974 -0.0149179 0.010259 0.0460499 0.00944988 0.0217541 -0.0110757 -0.0412331 0.0384429 0.0315094 0.124942 0.293402 0.541969 2.02678
internal_weight=47621.1 18249.2 29371.8 27768.7 27381.2 12629.1 12207.8 3686.99 3177.99 8520.82 6184.93 5506.19 5398.69 3235.71 2093.79 678.74 2607.98 1706.74 784.876 570.018 1616.02 1010.36 605.665 387.689 796.307 737.214 59.0924 12.4518 5.29513 0.470156
internal_count=10845493 256012 10589481 10569197 8207415 3466538 2700988 1359393 622631 1341595 842041 799971 789541 752417 729006 42070 567582 504539 9546 55049 725207 83993 641214 613489 76469 23528 52941 12517 4624 293
is_linear=0
shrinkage=0.1


Tree=70
num_leaves=31
num_cat=0
split_feature=8 0 2 0 5 6 7 8 6 2 0 5 7 2 8 3 1 7 0 0 2 7 7 0 1 2 3 2 7 0
split_gain=38.1072 36.4166 32.1232 50.0133 117.54 104.257 45.6742 74.7074 62.9458 41.4538 68.723 48.3365 40.322 41.2391 37.5379 37.1965 32.9306 73.2986 60.1897 56.7244 59.4816 47.3365 89.2716 86.6893 78.0472 75.0132 63.826 63.3003 91.706 67.6419
threshold=112.50000000000001 0.31666666666666671 0.76696832579185525 0.81666666666666676 1.0000000180025095e-35 1.0000000180025095e-35 95.218118876066157 4.5000000000000009 1.0000000180025095e-35 0.78759398496240618 0.64583333333333337 1.0000000180025095e-35 22.291147815229916 0.88562091503267981 6.5000000000000009 1.0000000180025095e-35 3.5000000000000004 136.28990979692213 0.64583333333333337 0.77500000000000013 0.35504201680672276 40.463638564199819 43.647784033394132 0.31666666666666671 2.5000000000000004 0.12060606060606062 1.0000000180025095e-35 0.73030303030303034 72.34418059892694 0.16025641025641027
decision_type=2 2 2 2 2 2 2 2 2 2 2 2 2 2 2 2 2 2 2 2 2 2 2 2 2 2 2 2 2 2
left_child=2 -2 16 6 5 -5 7 -4 -9 -10 15 -12 13 -7 -8 -11 17 21 -18 20 -20 23 24 25 -23 -1 -25 -24 29 -29
right_child=1 -3 3 4 -6 12 14 8 9 10 11 -13 -14 -15 -16 -17 18 -19 19 -21 -22 22 27 26 -26 -27 -28 28 -30 -31
leaf_value=-0.080490246416167588 -0.074063100169993124 -0.013274087831943988 -0.01670853475528139 0.052727609458897554 0.098928442054320428 -0.12217382426956036 0.026154201437902438 0.025108116053835478 0.03368703885835618 0.0098084011346300307 -0.015445968695321215 -0.10722034019558582 -0.0064332918353235862 0.039731986950819823 -0.051787503033599719 -0.093722154640672628 -0.076645811917459825 -0.054751275041747094 -0.013743422226157953 -0.01216907651321255 0.069914588284938836 0.032425915335340692 0.0028400136377888848 -0.0016912149387765453 -0.020502110282399635 -0.015573236561103153 0.034088162145390059 -0.090306783557656978 0.021366734514522728 -0.012904156317847526
leaf_weight=193.0871735148412 118.71748016329559 580.0621078054736 1869.7802395229228 335.39030435099266 186.35816817544401 64.675619214773178 986.91373110655695 1248.1048243148252 174.02035147068091 424.94161588326097 105.44468776602298 125.92661971598864 362.43903368571773 20.788759268820286 65.919049081159756 37.788894254015759 131.90931294829352 244.82539212994743 159.45927156917605 3002.2145968664554 181.98699673451483 1697.7556314966787 13997.203250797858 17430.456434767017 333.29744475397456 2278.1193235127193 513.25774418107176 244.59037083829753 244.62076171697117 209.70012388029136
leaf_count=2225087 966474 605894 17603 19451 29412 394 14325 10756 1109 3278 660 641 4927 268 1342 1823 27189 7337 21826 102653 1572 52601 343607 4828849 20320 1516662 9854 2429 4531 2619
internal_value=-0.000421339 -0.0236017 -7.57528e-05 0.00675136 0.0275492 0.0105669 0.00274913 -0.00214394 0.0107245 -0.00995484 -0.0208964 -0.0653953 -0.0210031 -0.0827911 0.0212742 0.00135358 -0.00107962 -0.000214077 -0.0103904 -0.00777655 0.0308454 0.00014541 0.00408932 -0.00308607 0.0237404 -0.0206455 -0.00066779 0.00137348 -0.027997 -0.0545778
internal_weight=47569.8 698.78 46871 6008.49 969.652 783.294 5038.84 3986.01 2116.23 868.122 694.102 231.371 447.903 85.4644 1052.83 462.731 40862.5 37386.9 3475.57 3343.66 341.446 37142.1 16727.2 20414.9 2031.05 2471.21 17943.7 14696.1 698.911 454.29
internal_count=10845493 1572368 9273125 105989 54452 25040 51537 35870 18267 7511 6402 1301 5589 662 15667 5101 9167136 9013896 153240 126051 23398 9006559 426107 8580452 72921 3741749 4838703 353186 9579 5048
is_linear=0
shrinkage=0.1


Tree=71
num_leaves=31
num_cat=0
split_feature=8 0 1 8 8 0 2 7 7 8 0 7 6 5 6 0 2 1 0 0 2 2 2 6 3 7 8 0 7 5
split_gain=33.4772 48.9691 144.732 83.4662 92.4841 100.407 165.825 106.498 89.396 70.6725 64.9677 58.0076 55.0627 78.8621 52.4154 69.6606 47.6688 44.2365 117.492 77.0089 58.2118 43.9563 62.524 72.0667 41.2129 38.4906 85.8682 74.4989 96.9122 246.485
threshold=3.5000000000000004 0.47727272727272735 1.5000000000000002 4.5000000000000009 5.5000000000000009 0.31666666666666671 0.32738095238095244 57.514272627718064 53.677130494496517 40.500000000000007 0.31666666666666671 45.772188005600235 1.0000000180025095e-35 1.0000000180025095e-35 1.0000000180025095e-35 0.11805555555555557 0.44097222222222227 2.5000000000000004 0.58571428571428574 0.73214285714285732 0.22902097902097904 0.3585714285714286 0.20294117647058826 1.0000000180025095e-35 1.0000000180025095e-35 13.851027281169431 54.500000000000007 0.22649572649572652 17.973021508147554 1.0000000180025095e-35
decision_type=2 2 2 2 2 2 2 2 2 2 2 2 2 2 2 2 2 2 2 2 2 2 2 2 2 2 2 2 2 2
left_child=-1 2 3 11 8 6 25 12 -5 -4 16 -2 -7 -14 -8 -16 -10 21 -19 20 -20 22 -3 -24 -21 -6 -27 -28 29 -29
right_child=1 17 9 4 5 7 14 -9 10 -11 -12 -13 13 -15 15 -17 -18 18 19 24 -22 -23 23 -25 -26 26 27 28 -30 -31
leaf_value=0.0036081722979613116 0.0073939710481475173 0.0034273069671511415 -0.025365210688991238 -0.00072890915128867681 -0.080617925765201284 0.041404161348731039 0.0013683754182650567 -0.12645607925282706 -0.023510118253126225 -0.082140773988123861 -0.052785695901096878 -0.036267995342724832 -0.049745666475646412 0.014217097403690258 -0.080236252118224813 0.0067847735796410418 0.078539386440075354 -0.065038159892544564 -0.010021163809553597 -0.0090416212560549911 0.034419078988468105 -0.0020407857137484469 0.050284051055161309 0.010633610874490169 0.045104132283675338 -0.046634912271352066 0.10470470308291245 2.4534222695375076 -0.10006178267241028 20.121186924575813
leaf_weight=14575.697273470199 411.12155372902089 5686.1761589805355 657.29519939929742 556.63111322727673 305.1607301048881 597.42147292626396 2892.3176974000744 54.336901147849858 51.195412864093669 328.97545768487544 49.291281133890152 1170.9030969212763 219.90034247830363 1561.7195222008399 192.57375796711858 176.11913724297483 432.19453143095598 319.54212438650939 451.42780367057276 6026.856958576238 849.27216655295342 7098.5466503810603 684.00115148696887 1389.766591424614 143.93076897678475 550.97068528080786 36.071618378668632 0.039162775130534011 0.054917619519983418 0.0098906064231414348
leaf_count=269957 18696 3045557 264847 28149 3352452 488386 299033 682 1998 746470 752 10704 379346 306012 123102 3225 4159 81513 113977 400522 7501 65608 10051 16423 5269 651444 149062 333 183 80
internal_value=-0.000381248 -0.00214901 -0.00788611 -0.00400657 0.000303998 -0.00415984 -0.0136104 0.0119704 0.0272953 -0.044303 0.0565794 -0.0249215 0.015132 0.00632235 -0.00315813 -0.0386676 0.0677314 0.000445858 -0.00565725 -0.00311763 0.0189954 0.00364601 0.00884811 0.0237117 -0.0077787 -0.0518089 -0.0368358 0.112409 2.78538 6.01576
internal_weight=47469.5 32893.8 10244.3 9258.03 7676.01 6586.7 4153.32 2433.38 1089.31 986.271 532.681 1582.02 2379.04 1781.62 3261.01 368.693 483.39 22649.5 7791.03 7471.49 1300.7 14858.5 7759.94 2073.77 6170.79 892.307 587.146 36.1756 0.103971 0.0490534
internal_count=10845493 10575536 6829115 5817798 5788398 5753340 4578914 1174426 35058 1011317 6909 29400 1173744 685358 425360 126327 6157 3746421 608782 527269 121478 3137639 3072031 26474 405791 4153554 801102 149658 596 413
is_linear=0
shrinkage=0.1


Tree=72
num_leaves=31
num_cat=0
split_feature=8 0 5 7 0 7 2 8 6 5 0 0 8 3 4 2 2 2 7 2 0 2 0 1 1 0 8 7 8 1
split_gain=37.1839 46.9621 56.6915 182.642 1341.14 71371.9 132900 227.452 31.5594 134.04 328.886 175.278 57.0296 70.8187 54.5609 53.9593 69.0973 78.7395 56.8113 46.9657 45.3468 265.491 257.49 91.7436 65.2751 53.5614 51.9299 49.6247 53.0151 43.337
threshold=104.50000000000001 0.31666666666666671 1.0000000180025095e-35 13.851027281169431 0.22649572649572652 18.409701099032414 0.039230769230769243 117.50000000000001 1.0000000180025095e-35 1.0000000180025095e-35 0.61250000000000016 0.86607142857142871 100.50000000000001 1.0000000180025095e-35 1.0000000180025095e-35 0.20942982456140355 0.71130952380952395 0.67543859649122817 49.431770892224058 0.86811594202898557 0.86607142857142871 0.44097222222222227 0.61250000000000016 3.5000000000000004 6.5000000000000009 0.77500000000000013 4.5000000000000009 39.461852635044607 25.500000000000004 1.5000000000000002
decision_type=2 2 2 2 2 2 2 2 2 2 2 2 2 2 2 2 2 2 2 2 2 2 2 2 2 2 2 2 2 2
left_child=8 2 -2 -4 -5 6 7 -6 12 10 -10 -12 -1 -14 20 -13 17 18 29 -18 22 26 -11 -24 -23 -25 -22 -28 -29 -17
right_child=1 -3 3 4 5 -7 -8 -9 9 14 11 15 13 -15 -16 16 19 -19 -20 -21 21 24 23 25 -26 -27 27 28 -30 -31
leaf_value=0.0017574289807244137 -0.048316615058826284 -0.010582112621484469 -0.12010926798598545 -0.047575930822491036 -0.10001047978551554 -0.10143281808678926 -934.78047806643065 -43.254979065876832 -0.064401767479261227 0.006917637222623816 0.024381160005488334 -0.031043207232084542 -0.0082918755176255698 0.13853512602120596 0.080809335195378834 -0.13578982464970912 -0.040784806834259224 0.074814833793808225 -0.022404266285910444 0.035605747688717763 -0.0098025176812947604 0.078111703922521536 -0.05291793845361336 0.072995841540353351 -0.60000260341832279 -0.028009822624511641 0.0022956044147166713 0.02499369130917722 0.14595387534282875 0.014384599485501047
leaf_weight=26913.365908656229 127.74344218522276 766.65278752935342 16.81462801053215 1.9042307696363416 0.0025824623808147198 0.33275702063838253 0.0023536842618341325 0.00231717208862392 1103.1910708816358 5184.1512532747893 1516.9505414311707 1425.8912901697213 63.424529781492893 68.144977889143192 89.484314182545859 19.555219774250872 717.19602925516665 139.34172323532403 854.43661166308448 90.655786335933954 2165.7765451980908 529.25454145576805 1156.9530187151613 97.774719277600525 1.4233387801796187 113.37901367980521 2226.7071416919166 870.81144791422412 37.807009652256966 1108.2826118994853
leaf_count=4694711 1069074 789010 111512 9090 25 944 38 21 1463087 1043509 82977 519916 116764 20847 12200 209 5435 727 6324 2551 40003 66632 82487 2297 85 2498 676079 16378 1867 8196
internal_value=-0.000523442 -0.0205041 -0.07232 -0.233204 -1.08055 -6.86573 -317.188 -20.5092 -0.000130888 -0.00320316 -0.0143045 -0.00489304 0.0020785 0.0677556 0.00300497 -0.0150891 -0.00732359 0.00215336 -0.0029543 -0.0322124 0.00244277 0.00885689 -0.00326606 -0.041855 0.0762929 0.0187608 0.00210606 0.0103321 0.0300268 0.0117808
internal_weight=47407.4 913.455 146.802 19.0589 2.24424 0.34001 0.00725332 0.00489963 46494 19449 6975.5 5872.31 27044.9 131.57 12473.5 4355.36 2929.47 2121.62 1982.27 807.852 12384 5831.78 6552.26 1368.11 530.678 211.154 5301.1 3135.33 908.618 1127.84
internal_count=10845493 1979714 1190704 121630 10118 1028 84 46 8865779 4033457 2089422 626335 4832322 137611 1944035 543358 23442 15456 14729 7986 1931835 801044 1130791 87282 66717 4795 734327 694324 18245 8405
is_linear=0
shrinkage=0.1


Tree=73
num_leaves=31
num_cat=0
split_feature=8 0 7 6 0 2 5 7 7 0 1 0 0 0 2 3 7 8 8 8 2 8 8 2 0 7 7 8 7 7
split_gain=33.3446 63.1462 59.1687 107.358 95.952 1109.98 1301.4 2489.02 120431 380979 6610.27 6998.75 75.1938 72.573 67.5854 311.698 8450.38 9826.16 22302.3 4100.99 294.381 239.927 50.1736 49.6087 767.803 1398.14 8218.62 9524.96 7902.16 226.756
threshold=44.500000000000007 0.64583333333333337 12.778327526433614 1.0000000180025095e-35 0.26136363636363641 1.0000000180025095e-35 1.0000000180025095e-35 13.851027281169431 14.264366567761664 0.22649572649572652 1.5000000000000002 0.19090909090909094 1.0000000180025095e-35 0.27922077922077926 0.16869918699186995 1.0000000180025095e-35 14.591829551631539 53.500000000000007 50.500000000000007 86.500000000000014 0.15504807692307696 55.500000000000007 53.500000000000007 0.11882352941176472 0.22649572649572652 15.395487184129708 13.851027281169431 85.500000000000014 14.018128325212766 13.594479395019166
decision_type=2 2 2 2 2 2 2 2 2 2 2 2 2 2 2 2 2 2 2 2 2 2 2 2 2 2 2 2 2 2
left_child=-1 2 13 12 5 6 -5 -8 9 -9 11 -10 14 -2 15 16 20 18 -18 21 -4 -19 -16 24 -7 26 29 28 -28 -26
right_child=1 -3 3 4 -6 23 7 8 10 -11 -12 -13 -14 -15 22 -17 17 19 -20 -21 -22 -23 -24 -25 25 -27 27 -29 -30 -31
leaf_value=0.00061942274869141182 -0.055112576728926388 0.002182663343135867 0.82717926522081808 0.078418915943395257 -0.056154929753550589 -0.10009600354254018 -0.10000827538549356 -0.1000079487533707 -0.100012995780824 -1633.1636047179043 -0.10001281005023593 -229.15444901330522 -0.03245824420918321 0.0021741464849742462 -0.036517388117077887 0.13477413400995128 -0.10000808077006214 31.722519248679294 442.7396891325111 170.70009138436927 -13.196796241190118 -0.10000944140379282 0.061415797093524106 -0.098633173125168463 -0.10000694820710675 -0.10001010825113198 -57.867828513745636 -0.10007940440422372 -237.51518279727435 24.319632065888605
leaf_weight=40884.751681842092 258.59408953034654 3404.7683689755986 0.75446647499627184 0.56045493494825394 474.92657136553328 2.9684276411402091 0.27989050073301774 0.0057739887997740871 0.002718284486036276 0.0018981799166795099 0.26359583481826121 0.0026193890080452083 463.63962109222848 1526.8118838642004 85.343966092133257 13.188003714055643 0.0025821785529842592 0.0031424279004568243 0.0020323381249909289 0.0017564392401254745 0.015271081681575094 0.0096292691087001003 135.16845798559063 39.299267504836479 0.053243803689838276 0.12966549319025944 0.0051929592791566392 0.008981662307633087 0.0046330332952493336 0.004095064683497184
leaf_count=3902743 2368170 1607292 3846 11473 173894 36553 3406 73 21 47 2184 28 453993 1697155 73654 121892 37 44 40 28 17 128 245282 140902 888 1553 18 26 33 73
internal_value=-0.000431719 -0.00713952 -0.0177122 -0.0347191 -0.0691874 -0.211179 -3.32292 -6.74845 -13.4758 -404.138 -2.33098 -112.505 -0.00911859 -0.00612313 0.0370293 0.250273 2.18111 67.8112 194.937 27.4328 0.548953 7.7298 0.0235131 -0.129348 -0.509618 -6.41616 -17.1716 -74.5345 -142.573 1.64401
internal_weight=47291.6 6406.82 3002.05 1216.65 518.517 43.5905 1.11695 0.556496 0.276606 0.00767217 0.268934 0.00533767 698.129 1785.41 234.489 13.9769 0.78888 0.0191427 0.00461452 0.0145281 0.769738 0.0127717 220.512 42.4735 3.17424 0.205812 0.0761465 0.0188077 0.00982599 0.0573389
internal_count=10845493 6942750 5335458 1270133 371172 197278 17232 5759 2353 120 2233 49 898961 4065325 444968 126032 4140 277 77 200 3863 172 318936 180046 39144 2591 1038 77 51 961
is_linear=0
shrinkage=0.1


Tree=74
num_leaves=31
num_cat=0
split_feature=7 2 0 7 8 3 8 7 0 7 6 2 0 6 2 0 6 7 8 0 2 8 3 8 7 7 6 0 8 6
split_gain=42.6896 96.2168 339.745 523.398 2109.82 4979.69 17276.7 72862.5 2.23243e+06 8932.8 78258.6 495070 544325 4047.25 47892.5 767.246 2002.01 2132.67 501.508 5362.08 4566.39 4491.3 95.9876 2000.36 3029.7 46083.4 4559.9 8338.8 305.174 3343.56
threshold=21.387630638130407 0.13840996168582378 0.27922077922077926 13.594479395019166 52.500000000000007 1.0000000180025095e-35 55.500000000000007 14.591829551631539 0.17424242424242428 13.851027281169431 1.0000000180025095e-35 1.0000000180025095e-35 0.19090909090909094 1.0000000180025095e-35 0.030776515151515155 0.22649572649572652 1.0000000180025095e-35 14.591829551631539 89.500000000000014 0.080128205128205135 0.045983086680761107 99.500000000000014 1.0000000180025095e-35 50.500000000000007 14.591829551631539 17.973021508147554 1.0000000180025095e-35 0.22649572649572652 44.500000000000007 1.0000000180025095e-35
decision_type=2 2 2 2 2 2 2 2 2 2 2 2 2 2 2 2 2 2 2 2 2 2 2 2 2 2 2 2 2 2
left_child=1 2 3 -1 22 6 7 13 -9 10 -8 -12 -13 -6 -15 -7 -17 -18 -11 20 21 -20 23 28 26 -26 -25 -28 -5 -30
right_child=-2 -3 -4 4 5 15 9 8 -10 18 11 12 -14 14 -16 16 17 -19 19 -21 -22 -23 -24 24 25 -27 27 -29 29 -31
leaf_value=-0.07585224547308482 0.00056446687508858548 -0.0011325166951521339 -0.013266847197095089 -0.21484155015200704 -0.10014202887543 0.16522256683168041 0.51528918844176486 -4655.3544072495342 -0.10000989738924984 0.3157243634781598 -0.10000517833966678 -0.10000536572570325 -2453.4281477535055 -0.10002357657999644 -655.96750453642755 -0.10010632913639322 -81.466937419649923 -0.1000663465928251 -118.08668886323319 -0.10000756453196057 6.4046465449732892 -32.835358119846376 0.13659486067399826 4.9516327558369317 -567.40800740991676 -0.10000613061417325 -0.1000053527433885 -322.36188099972901 -0.10010577720612722 -52.481198782171987
leaf_weight=141.00769297068544 40957.045502747031 4734.8308006657853 1407.2973444707523 22.425320351198835 0.10686882885056337 3.0152746178649013 0.16236114703133342 0.0010740551580112881 0.025186489692714531 0.96197040089032249 0.0201174478570465 0.0017470106395194298 0.0018750018417108549 0.012763674134475878 0.0012197572027616852 0.035077595810434903 0.0073740035921048275 0.005720046283386182 0.0093230919737834483 0.39239180870572454 0.015373298381746281 0.018328873775317334 6.7408682750398468 0.039590445307111533 0.0015864398155827067 0.014697208120196592 0.0022739646774425628 0.0012412254688456414 0.13829065915612559 0.013363559813143411
leaf_count=2577142 3481087 1185719 3491360 15082 435 29635 1295 76 402 8160 405 37 80 182 47 51 32 26 41 5958 32 36 46285 193 41 246 47 39 1059 263
internal_value=-0.000615718 -0.00826722 -0.0296145 -0.160943 -0.512072 -2.45719 -6.74521 -39.5256 -190.5 -3.69977 -24.281 -193.87 -1270.11 -6.71977 -57.3105 -0.0348072 -12.5555 -45.9224 -0.958812 -3.77466 -37.2876 -61.5786 -0.194649 -0.29329 -18.6219 -55.3702 -4.73984 -113.892 -0.245076 -4.71586
internal_weight=47274.4 6317.31 1582.48 175.179 34.1713 4.79405 1.7306 0.147113 0.0262605 1.58349 0.186101 0.0237395 0.00362201 0.120852 0.0139834 3.06345 0.0481716 0.013094 1.39739 0.435417 0.0430253 0.027652 29.3772 22.6364 0.0593893 0.0162836 0.0431056 0.00351519 22.577 0.151654
internal_count=10845493 7364406 6178687 2687327 110185 46930 17186 1142 478 16044 1817 522 117 664 229 29744 109 58 14227 6067 109 77 63255 16970 566 287 279 86 16404 1322
is_linear=0
shrinkage=0.1


Tree=75
num_leaves=31
num_cat=0
split_feature=2 2 2 7 6 0 5 0 0 0 0 2 2 2 0 8 7 7 1 8 7 1 2 2 3 2 8 2 7 7
split_gain=28.086 108.652 89.538 73.8681 50.9866 167.231 90.8483 108.134 170.184 104.493 143.759 57.64 55.8673 154.585 111.097 1184.4 41315 88.6456 78.2286 57.0862 52.3178 53.9209 52.0253 51.2407 47.3035 41.0103 40.7633 53.941 70.6508 52.7439
threshold=0.5590277777777779 0.57518796992481214 0.46862745098039221 10.592813086201444 1.0000000180025095e-35 0.16025641025641027 1.0000000180025095e-35 0.64583333333333337 0.77500000000000013 0.61250000000000016 0.86607142857142871 0.44722222222222224 0.13188405797101452 1.0000000180025095e-35 1.0000000180025095e-35 86.500000000000014 14.264366567761664 72.34418059892694 3.5000000000000004 4.5000000000000009 49.431770892224058 2.5000000000000004 0.42582417582417587 0.22902097902097904 1.0000000180025095e-35 0.43303571428571436 4.5000000000000009 0.26491228070175443 35.086009329996308 29.171343542864893
decision_type=2 2 2 2 2 2 2 2 2 2 2 2 2 2 2 2 2 2 2 2 2 2 2 2 2 2 2 2 2 2
left_child=2 -2 3 -1 12 -6 7 -7 -9 -8 -11 22 13 14 15 -5 -17 18 20 -19 21 -16 23 -10 26 -24 -12 -28 29 -29
right_child=1 -3 -4 4 5 6 9 8 11 10 24 -13 -14 -15 17 16 -18 19 -20 -21 -22 -23 25 -25 -26 -27 27 28 -30 -31
leaf_value=-0.062616878507588236 0.035031589247655426 0.00090726221163974462 -0.015159259992722563 -0.086898417243216231 -0.074381722131434375 -0.064646589816271957 0.022734737953350639 0.042015025000666034 -0.028015853969765237 -0.05099514433896235 -0.01017146935676061 0.085279337378528289 0.010881018717105159 -0.041556355775194308 0.0037268794396165929 -0.10000713184305177 -250.5209449874319 0.058127947743146516 -0.057615123356767453 0.00050384422230205928 0.024524436488976738 -0.028402989093275335 -0.099500685219699736 0.0089611974457052511 0.073148315496788116 -0.0029708659860091286 0.014165652371171608 -0.023249661518114209 0.055014522564856484 -0.14033039962885777
leaf_weight=186.17828441517122 986.68505649361759 17169.260430219758 4535.670653583802 3.5521603029919779 329.55862789217099 406.14653563409593 2093.0363104278531 522.5455567343306 1491.3844408823597 569.69036768737715 2136.6139831465553 49.600121172145009 7107.0680834233981 857.16410434793033 2251.2380015063518 0.22319389126278136 0.0067885741591454376 465.76971716992557 228.91254536826455 272.50018409221957 844.22923279061797 680.12236577220665 148.66231355071068 500.53224426461384 91.320649700812282 62.521666212007403 2591.4098587690014 526.29247346520424 112.24903533607721 41.511936908587813
leaf_count=1815064 14854 241158 66511 7133 769183 871331 600404 62325 559632 52984 35730 325 1358065 903752 2325513 3744 36 4340 60462 20163 32822 273220 1203 5208 8084 443 746595 3234 1735 240
internal_value=-0.000324779 0.00276175 -0.00225013 0.000132913 0.000612027 -0.00415964 -0.00211951 -0.0164538 -0.00940102 0.00346766 -0.00317695 -0.0213277 0.00499414 -0.00247206 0.00458603 -0.537176 -7.49188 0.00501807 -0.000852039 0.0368585 0.00258948 -0.00372776 -0.0237278 -0.0187242 0.00177661 -0.0709227 0.000571428 0.00758768 -0.0174783 -0.0318094
internal_weight=47261.7 18155.9 29105.7 24570 24383.9 11673.1 11343.5 3181.39 2775.25 8162.12 6069.09 2252.7 12710.8 5603.72 4746.55 3.78214 0.229982 4742.77 4004.5 738.27 3775.59 2931.36 2203.1 1991.92 5499.4 211.184 5408.08 3271.46 680.053 567.804
internal_count=10845493 256012 10589481 10522970 8707906 3718656 2949473 1500467 629136 1449006 848602 566811 4989250 3631185 2727433 10913 3780 2716520 2692017 24503 2631555 2598733 566486 564840 795618 1646 787534 751804 5209 3474
is_linear=0
shrinkage=0.1


Tree=76
num_leaves=31
num_cat=0
split_feature=8 0 6 8 7 7 8 2 7 8 8 2 2 6 2 2 2 2 2 0 6 6 1 8 7 1 8 8 4 0
split_gain=27.4778 38.7726 104.245 76.446 103.284 105.82 108.78 71.5347 59.9182 59.4345 56.0651 55.4907 88.6246 63.3721 58.1359 83.559 87.8841 70.2357 77.8284 98.9875 69.3701 55.6496 89.2575 58.6147 54.355 45.9247 45.47 44.5583 43.3103 42.4426
threshold=3.5000000000000004 0.19090909090909094 1.0000000180025095e-35 4.5000000000000009 53.677130494496517 61.693175783431279 5.5000000000000009 0.46410256410256417 13.343164966738259 54.500000000000007 6.5000000000000009 0.71825396825396837 0.64852941176470602 1.0000000180025095e-35 0.11583184257602865 1.0000000180025095e-35 0.053342816500711245 0.34057971014492755 0.5590277777777779 0.69047619047619058 1.0000000180025095e-35 1.0000000180025095e-35 2.5000000000000004 5.5000000000000009 45.772188005600235 2.5000000000000004 27.500000000000004 10.500000000000002 1.0000000180025095e-35 0.86607142857142871
decision_type=2 2 2 2 2 2 2 2 2 2 2 2 2 2 2 2 2 2 2 2 2 2 2 2 2 2 2 2 2 2
left_child=-1 2 3 7 8 -6 -7 -2 -5 -10 -4 12 14 -13 15 -3 -17 21 -19 -20 -18 23 -23 -16 -24 -22 -25 29 -28 -26
right_child=1 11 10 4 5 6 -8 -9 9 -11 -12 13 -14 -15 17 16 20 18 19 -21 25 22 24 26 27 -27 28 -29 -30 -31
leaf_value=0.003346909981050996 0.025546753883822271 -0.0018385162410859308 -0.0074901296253626209 -0.074252754661397052 0.059674924604210922 0.053358446460707226 -0.018217074296761029 -0.037423551579088651 -0.010668601042451997 0.058973914097729119 -0.08272772011496321 0.028554603055877266 -0.018001704637301868 0.00017390786651065311 -0.0026601272902439053 -0.084194523880652336 -0.045911402981551774 -0.0073563993878573465 -0.0010796739924783794 0.047855024684435747 0.023084603791842132 0.013205187196624626 -0.071086141969639749 0.053776000978008255 -0.073765176251198564 -0.043088961735061264 0.018913764647463981 0.076321692534790445 -0.53410623301352966 0.0082737948965437881
leaf_weight=14520.605867735892 217.01197086381853 6825.5806548471755 152.57829409812229 140.40491854379161 499.27897614106769 304.07496966142207 703.78280356278992 1069.4179141689092 2432.198002532924 129.04522862820613 282.27521143262521 1350.4035700841341 3000.3355265012942 1885.0550207141787 485.65202626795121 240.8910686981377 457.52871478231771 5584.5627578744607 1144.3116556443274 647.1608948702924 420.34590735919573 2634.941791623608 211.08146318259242 779.45513045933694 101.14566295398981 139.74168519108571 629.88339497343372 54.807187351063476 1.4193430499217345 167.47914029913954
leaf_count=269957 8838 5780277 27550 1023148 11460 2430 15338 5395 657587 232815 890649 12677 24407 23643 4247 497831 557725 51703 7372 7294 411561 147291 9520 29001 873 25215 105994 1931 59 1705
internal_value=-0.000272937 -0.00188075 -0.0091967 -0.00546698 0.00105381 0.0220276 0.00337756 -0.0268009 -0.0106466 -0.00715974 -0.0563289 -0.000259629 -0.00194829 0.0120193 0.000398273 -0.00620407 -0.0298809 0.00468812 -0.00153848 0.0165978 -0.0170237 0.0137542 0.00564689 0.0273039 -0.0316125 0.00657432 0.037619 -0.00585088 0.0176704 -0.0226165
internal_weight=47212.5 32691.9 5930.07 5495.21 4208.78 1507.14 1007.86 1286.43 2701.65 2561.24 434.854 26761.8 23526.3 3235.46 20526 8084.09 1258.51 12441.9 7376.04 1791.47 1017.62 5065.87 3169.46 1896.41 534.513 560.088 1410.76 323.432 631.303 268.625
internal_count=10845493 10575536 2875210 1957011 1942778 29228 17768 14233 1913550 890402 918199 7700326 7664006 36320 7639599 7272609 1492332 366990 66369 14666 994501 300621 161320 139301 14029 436776 135054 4509 106053 2578
is_linear=0
shrinkage=0.1


Tree=77
num_leaves=31
num_cat=0
split_feature=2 3 0 8 8 7 2 4 7 7 6 5 0 0 1 2 2 3 2 2 2 1 7 8 2 2 7 7 4 2
split_gain=25.275 117.502 68.1191 42.6097 37.0534 24.3806 29.823 22.7358 39.0667 31.0569 21.2289 111.561 274.204 130.293 50.7186 47.9768 87.8973 62.0446 50.0715 47.0711 47.0991 44.94 67.5914 54.2631 44.9281 41.0029 50.5021 40.5274 37.137 36.6992
threshold=0.97500000000000009 1.0000000180025095e-35 0.52272727272727282 19.500000000000004 1.5000000000000002 9.3291212417631808 0.62828947368421062 1.0000000180025095e-35 72.34418059892694 66.469348401860472 1.0000000180025095e-35 1.0000000180025095e-35 0.61250000000000016 0.86607142857142871 1.5000000000000002 0.73030303030303034 0.51086956521739146 1.0000000180025095e-35 0.64852941176470602 0.67543859649122817 0.71130952380952395 2.5000000000000004 39.461852635044607 12.500000000000002 0.76696832579185525 0.78759398496240618 66.469348401860472 22.291147815229916 1.0000000180025095e-35 0.71825396825396837
decision_type=2 2 2 2 2 2 2 2 2 2 2 2 2 2 2 2 2 2 2 2 2 2 2 2 2 2 2 2 2 2
left_child=5 -2 3 4 -3 6 -1 9 -9 -6 -7 12 29 25 -15 16 21 18 -18 -20 -21 22 -16 -24 -17 26 -14 -26 -13 -12
right_child=1 2 -4 -5 7 10 -8 8 -10 -11 11 28 13 14 15 24 17 -19 19 20 -22 -23 23 -25 27 -27 -28 -29 -30 -31
leaf_value=-0.088654073676496789 0.098035363665894659 0.032650207267270789 0.08211627041719699 0.10615963343292419 -0.01832734557741995 0.0012227330506117346 0.078068625984025738 -0.1123659884669545 -0.0082543442858638606 0.011642965467877938 -0.070250280105358068 0.0020630333964174953 0.033130836009422612 -0.13002369897112195 -0.029586004877319955 -0.086627016022227568 0.039143329298476415 -0.11785099303642253 -0.02898829441889016 0.069971386928916787 -0.0064464728002657061 -0.038819974192976864 0.0058152815558180707 0.14010083171521714 -0.084567021322412783 -0.019252626664248998 -0.033792652792915732 -0.0081090516159208863 0.074560504091697538 -0.021802798500301576
leaf_weight=59.581796386177302 142.84682962461375 256.11472478602082 105.76041152421385 36.76776526030153 738.99242773512378 25672.286866334918 13.085376452654598 55.022401558700949 104.48216392006725 649.78058100957423 831.20327155487757 12387.206391427921 1185.1955088265458 37.319508181961282 849.1484896648326 150.40207257121801 547.24457755684853 35.224907852709293 323.5656068995595 135.54716755449772 199.15462179481983 818.63375630231167 744.82454178668559 31.358595609432086 86.447920609265566 227.23059972934425 124.61514679167885 350.0532797081396 71.063219991665392 192.58215253683738
leaf_count=859716 9172 3738 22042 446 7009 5592641 72 467 1105 7526 1598690 2048773 87704 20953 481529 1047 2461 1173 1604 595 1139 62108 7796 1745 553 1495 2964 3870 12737 2623
internal_value=-0.000256849 0.0104943 0.00407137 -0.00041171 -0.00258329 -0.000755317 -0.0586319 -0.00841159 -0.0441685 -0.0043048 -0.000661857 -0.00316505 -0.0133961 -0.0050354 -0.0139518 -0.0129378 -0.00870813 0.0129686 0.0167912 -0.00179112 0.0245011 -0.0197128 -0.0100891 0.0112406 -0.0394922 0.0199609 0.0267637 -0.0232514 0.00247657 -0.0611369
internal_weight=47162.7 2089.77 1946.92 1841.16 1804.39 45073 72.6672 1548.28 159.505 1388.77 45000.3 19328 6869.75 5845.97 4308.93 4271.61 3684.7 1240.74 1205.51 658.267 334.702 2443.97 1625.33 776.183 586.903 1537.04 1309.81 436.501 12458.3 1023.79
internal_count=10845493 51505 42333 20291 19845 10793988 859788 16107 1572 14535 9934200 4341559 2280049 678736 586573 565620 560150 6972 5799 3338 1734 553178 491070 9541 5470 92163 90668 4423 2061510 1601313
is_linear=0
shrinkage=0.1


Tree=78
num_leaves=31
num_cat=0
split_feature=8 3 0 6 2 3 0 8 8 5 1 0 0 2 7 2 3 2 8 6 7 7 2 7 4 7 7 7 1 2
split_gain=22.1321 33.7728 25.6443 21.1127 19.9039 105.905 60.5374 32.1075 30.3582 21.4204 20.7215 48.5633 46.7504 48.5265 36.5814 63.6635 38.3494 39.9591 30.6454 33.6856 26.6659 26.1883 25.918 25.0667 66.8308 65.1759 73.5708 69.7745 119.344 129.944
threshold=117.50000000000001 1.0000000180025095e-35 0.86607142857142871 1.0000000180025095e-35 0.97500000000000009 1.0000000180025095e-35 0.52272727272727282 19.500000000000004 1.5000000000000002 1.0000000180025095e-35 3.5000000000000004 0.64583333333333337 0.77500000000000013 0.35504201680672276 80.898622908551602 0.065591397849462371 1.0000000180025095e-35 0.78019323671497598 5.5000000000000009 1.0000000180025095e-35 66.469348401860472 136.28990979692213 0.13188405797101452 36.627436471204071 1.0000000180025095e-35 30.29446387692597 33.880132877999962 24.89586131266449 2.5000000000000004 0.46410256410256417
decision_type=2 2 2 2 2 2 2 2 2 2 2 2 2 2 2 2 2 2 2 2 2 2 2 2 2 2 2 2 2 2
left_child=4 -2 3 -3 10 -6 7 8 9 -7 23 -12 13 20 22 18 17 -17 19 21 -13 -16 -14 24 25 27 -27 -1 29 -29
right_child=1 2 -4 -5 5 6 -8 -9 -10 -11 11 12 14 -15 15 16 -18 -19 -20 -21 -22 -23 -24 -25 -26 26 -28 28 -30 -31
leaf_value=-0.0033003375773214801 -0.0095762718485551852 -0.063647793451237042 0.040883750057160648 -0.17912486828755989 0.096584158893312691 0.01744156266456014 0.080450886371142255 0.089015740971526425 -0.007607398703655956 0.098463163391909081 -0.069610623162024099 -0.072277647039951806 -0.049063478414480055 0.060393334939240817 0.040560265609838143 -0.021266214431851227 0.04877311777083812 0.067506337494596433 -0.014641681611879804 0.0028749345601509738 0.015260654177494054 0.11422845308415489 -0.011937416832914504 0.0024160043112632355 -0.10715572889565386 -0.030307915277311078 -0.0023009505208997682 0.035607244953387428 -0.050340817939722643 -0.0027329250650147889
leaf_weight=10551.492745105141 458.71912763764999 45.734337186041394 14.895211884789118 24.21573489751156 131.08189286547713 214.53061335720122 97.577839536592364 39.313546120654792 1542.1733228582889 38.484306911937892 122.6334030826547 51.620483671307738 341.39346968513564 205.42406286299229 257.98062291182578 1452.1711132418131 90.745092501863837 52.540403394494206 174.15871521044755 212.23989217914641 106.78390577202663 59.358617622405291 418.59861921489937 22623.139373556995 60.883901457982574 1581.8744208912103 2304.1023443248341 1864.5968484085715 280.39152850335813 1680.8809824514901
leaf_count=7898674 972163 271152 252 87429 9171 2222 22042 446 16107 1516 27286 17225 57596 1730 2787 12926 10682 781 13610 1952 4624 576 3648 607835 98749 199366 144254 264933 81962 11797
internal_value=-0.000234766 -0.0202964 -0.0782549 -0.103624 -5.37858e-07 0.00960143 0.00370008 -0.00038232 -0.00234008 0.0297652 -0.000445785 -0.0077796 -0.00556444 0.0283233 -0.0095947 -0.0033077 -0.0143592 -0.0181665 0.0217473 0.0337143 -0.0132661 0.05434 -0.0286147 0.000189253 -0.0025599 -0.00221121 -0.0137018 0.000894518 0.0124636 0.0174305
internal_weight=47099.7 543.564 84.8453 69.9501 46556.2 2063.16 1932.08 1834.5 1795.19 253.015 44493 3545.65 3423.01 363.828 3059.19 2299.19 1595.46 1504.71 703.738 529.579 158.404 317.339 759.992 40947.4 18324.2 18263.3 3885.98 14377.4 3825.87 3545.48
internal_count=10845493 1330996 358833 358581 9514497 51504 42333 20291 19845 3738 9462993 155423 128137 23579 104558 43314 24389 13707 18925 5315 21849 3363 61244 9307570 8699735 8600986 343620 8257366 358692 276730
is_linear=0
shrinkage=0.1


Tree=79
num_leaves=31
num_cat=0
split_feature=0 1 8 2 3 7 0 2 2 2 2 2 6 0 0 7 8 8 0 7 8 7 2 2 7 7 7 1 7 7
split_gain=20.242 110.739 84.5836 83.1911 53.0442 56.3736 61.3299 40.0193 144.329 115.48 112.288 96.8896 69.3633 68.252 56.9065 56.7743 81.385 59.8273 56.9692 52.2138 68.6042 65.9855 73.7798 73.527 67.9486 52.3226 119.511 48.9597 47.8665 46.9064
threshold=0.47727272727272735 1.5000000000000002 20.500000000000004 0.97500000000000009 1.0000000180025095e-35 136.28990979692213 0.73214285714285732 0.64852941176470602 0.67543859649122817 0.71130952380952395 0.5590277777777779 0.71825396825396837 1.0000000180025095e-35 0.77500000000000013 0.73214285714285732 38.519503317171605 6.5000000000000009 9.5000000000000018 0.86607142857142871 28.402204142033217 58.500000000000007 11.968514922936896 0.4045454545454546 0.15075757575757578 27.231415411263665 21.280284799553218 14.264366567761664 2.5000000000000004 33.880132877999962 27.231415411263665
decision_type=2 2 2 2 2 2 2 2 2 2 2 2 2 2 2 2 2 2 2 2 2 2 2 2 2 2 2 2 2 2
left_child=1 -1 -3 4 7 6 -6 10 -9 -10 14 -11 -13 -12 19 16 -16 18 -17 21 -21 -2 23 24 -23 26 -25 -19 29 -18
right_child=3 2 -4 -5 5 -7 -8 8 9 11 13 12 -14 -15 15 17 28 27 -20 20 -22 22 -24 25 -26 -27 -28 -29 -30 -31
leaf_value=-0.00081083454570387225 -0.029880708706148458 -0.011010428389656157 -0.067699177233142935 0.062758671295617741 0.0099486363517765301 -0.017160557423412177 0.051775978329733033 -0.030194435673491102 0.042888912360119866 -0.030840076789334078 0.0067596444700574023 0.020071464199426774 -0.0087419611643476738 0.043372971093671851 -0.031791779254138695 -0.021138856828686908 -0.0048142039555307374 0.059116086260751703 0.0015351397398683947 0.00044398081374715198 -0.089023496064051966 0.01030139098348935 -0.0015101658555849993 0.078849188184649088 0.12594224920567446 0.069768180523199816 -0.064258091041773713 0.0099998604222755333 0.018667465759359271 -0.038590237463609699
leaf_weight=12730.284477519779 282.57299606289234 649.14563653460596 442.70329544113861 217.53980155196041 919.74123243930865 382.4270181460306 566.44826547683567 1930.0544644203037 607.03937329072505 1008.696845271159 1075.9505575112998 1545.4638063432649 1818.6729102772661 966.47572839213535 1465.5420581281187 1279.7417621321511 3091.2533826343124 287.88729237369262 8262.540174493799 2512.1044446400483 88.735310538249905 1124.22219522042 1003.5698240324855 129.25711082154885 53.216204000244034 606.35814932372887 106.38568117236719 687.87722163277795 738.33302381675458 474.24261361546814
leaf_count=5860999 475635 106308 908916 34385 20465 22457 54402 13048 4906 6813 5943 13482 25943 9601 91249 16587 1841232 16896 92123 108137 21645 770710 5077 3632 7954 7051 6091 103559 69740 120507
internal_value=-0.000216169 -0.00343219 -0.0339956 0.00112145 0.000715314 0.01708 0.0258908 -0.000266484 -0.00697967 0.00201771 0.00164749 -0.00365606 0.00449475 0.0240851 -0.000417366 -0.00346667 -0.0114384 0.000905997 -0.00150573 0.00799133 -0.00260847 0.0163313 0.0206509 0.0316639 0.015528 0.0542282 0.0142405 0.024491 -0.00450767 -0.00930672
internal_weight=47054.5 13822.1 1091.85 33232.3 33014.8 1868.62 1486.19 31146.2 6909.93 4979.87 24236.3 4372.83 3364.14 2042.43 22193.8 16287.4 5769.37 10518 9542.28 5906.42 2600.84 3305.58 3023.01 2019.44 1177.44 842.001 235.643 975.765 4303.83 3565.5
internal_count=10845493 6876223 1015224 3969270 3934885 97324 74867 3837561 64192 51144 3773369 46238 39425 15544 3757825 2351893 2122728 229165 108710 1405932 129782 1276150 800515 795438 778664 16774 9723 120455 2031479 1961739
is_linear=0
shrinkage=0.1


Tree=80
num_leaves=31
num_cat=0
split_feature=7 2 5 6 0 0 1 7 7 0 2 7 2 8 7 7 7 3 4 0 3 2 2 2 2 7 7 2 8 8
split_gain=19.8472 28.8871 18.1375 94.5821 230.987 104.052 44.698 38.8963 96.3094 61.0435 83.9857 67.8596 57.5502 52.4288 47.6552 61.8382 87.2743 57.796 45.5314 45.0258 94.7847 39.0362 38.844 42.7161 65.4956 48.158 38.7978 42.7854 171.714 3685.02
threshold=9.3291212417631808 0.62828947368421062 1.0000000180025095e-35 1.0000000180025095e-35 0.61250000000000016 0.86607142857142871 1.5000000000000002 17.973021508147554 20.363979620333986 0.64583333333333337 1.0000000180025095e-35 13.343164966738259 0.13188405797101452 60.500000000000007 24.237031412278139 30.29446387692597 33.880132877999962 1.0000000180025095e-35 1.0000000180025095e-35 0.86607142857142871 1.0000000180025095e-35 1.0000000180025095e-35 0.78019323671497598 0.3585714285714286 0.15075757575757578 22.916587113819816 14.591829551631539 0.16869918699186995 50.500000000000007 54.500000000000007
decision_type=2 2 2 2 2 2 2 2 2 2 2 2 2 2 2 2 2 2 2 2 2 2 2 2 2 2 2 2 2 2
left_child=1 -1 3 7 -5 -6 -7 9 -9 12 11 -11 21 -13 17 18 -17 22 -16 -18 -21 -2 23 24 -10 -26 -14 28 -28 -30
right_child=2 -3 -4 4 5 6 -8 8 14 10 -12 13 26 -15 15 16 19 -19 -20 20 -22 -23 -24 -25 25 -27 27 -29 29 -31
leaf_value=-0.087200443859935542 -0.0078946624738222716 0.073544423087659558 0.0031107409146353166 -0.056050677121089354 0.017898925072034704 -0.12590359076393567 -0.011331560185960385 -0.07331496193067602 -0.01579716848109634 0.13864029509620934 0.030926520242656231 0.95285415980135513 0.0097310896000111866 -0.1000463531187217 0.017933564805344603 -0.030039176312482731 -0.0018348460830796415 -0.067635856378049586 -0.10818001154047285 0.0060560716563619905 0.071837199381067127 -0.079824888880531603 0.044335479003735911 -0.026071898421119694 0.015025269261523345 0.10083462731124525 0.11466330937602053 0.049675772839935239 32.598254951189006 0.36896179128136297
leaf_weight=54.230522083737014 269.59944090457924 14.082910954952238 12663.981863477929 1007.2531071528574 1561.4208094250789 34.325621874384524 4257.6586286816892 176.59941262061329 582.67936012285645 55.714097247990971 329.52129690590664 1.8043033429285835 1001.6043627354782 0.6409200458874692 2607.8324189801569 907.44402619208995 12686.852914771887 179.36143663199618 28.945518359454582 6586.2932238486246 226.58170922065619 104.76618811674035 130.60182682098821 1014.4849872698542 214.62416773934092 94.069389505733852 8.440609759599452 151.51307580639042 0.036697632807771607 1.0659767089309751
leaf_count=859716 1645581 77 2081281 1602666 92518 20960 566781 278502 894047 96217 27820 2395 666070 1978 320810 134072 340864 282674 18749 177282 40695 640669 1643 6444 13424 4889 3218 21278 108 2065
internal_value=-0.000200953 -0.0540627 -0.000122475 -0.00131895 -0.0118177 -0.00420608 -0.0122479 0.00131356 0.000276408 0.0150202 0.0504804 0.16127 0.00607621 0.676877 0.00079091 0.00213779 0.000275725 -0.0132163 0.0165491 0.00168647 0.00824381 -0.0280243 -0.0084233 -0.0120387 0.00393276 0.0411743 0.0170563 0.0626113 0.26798 1.44157
internal_weight=46954 68.3134 46885.7 34221.7 6860.66 5853.41 4291.98 27361.1 25436.4 1924.71 387.681 58.1593 1537.03 2.44522 25259.8 23043.9 20407.2 2215.82 2636.78 19499.7 6812.87 374.366 2036.46 1905.86 891.373 308.694 1162.66 161.056 9.54328 1.10267
internal_count=10845493 859793 9985700 7904419 2282925 680259 587741 5621494 2514095 3107399 128410 100590 2978989 4373 2235593 1032472 692913 1203121 339559 558841 217977 2286250 920447 918804 912360 18313 692739 26669 5391 2173
is_linear=0
shrinkage=0.1


Tree=81
num_leaves=31
num_cat=0
split_feature=2 0 7 1 7 1 7 7 0 0 8 8 7 0 2 8 8 7 0 1 6 5 8 8 2 0 8 1 2 7
split_gain=19.0577 82.1119 38.7094 36.9739 33.4138 51.0261 81.0641 121.949 52.6836 35.7803 33.2757 32.5069 31.1467 33.2004 33.0736 35.0864 96.1407 70.2386 111.634 30.772 34.8751 41.1565 33.1935 30.6222 30.284 79.4708 99.9379 74.0302 69.6832 48.9832
threshold=0.19292803970223329 0.31666666666666671 136.28990979692213 4.5000000000000009 49.431770892224058 2.5000000000000004 43.647784033394132 41.678759322984654 0.58571428571428574 0.58571428571428574 6.5000000000000009 1.5000000000000002 45.772188005600235 0.86607142857142871 0.045983086680761107 31.500000000000004 34.500000000000007 47.756394436655604 0.86607142857142871 2.5000000000000004 1.0000000180025095e-35 1.0000000180025095e-35 11.500000000000002 4.5000000000000009 0.25403225806451618 0.31666666666666671 4.5000000000000009 1.5000000000000002 0.24568965517241384 14.018128325212766
decision_type=2 2 2 2 2 2 2 2 2 2 2 2 2 2 2 2 2 2 2 2 2 2 2 2 2 2 2 2 2 2
left_child=1 10 3 4 5 6 7 -3 -7 -6 -1 -11 13 -10 23 -16 17 18 -17 22 -21 -22 -13 -14 25 29 -27 28 -28 -2
right_child=24 2 -4 -5 9 8 -8 -9 12 11 -12 19 14 -15 15 16 -18 -19 -20 20 21 -23 -24 -25 -26 26 27 -29 -30 -31
leaf_value=0.027547605421602301 -0.096769410669374348 -0.00077718322105368965 0.045510130631662538 -0.055893165931880401 -0.073870975072939438 -0.094011324904169774 -0.032330954889031413 0.083692205499940553 -0.0038608002028692103 0.034023196664177725 -0.064064555218148217 0.020362125307613992 -0.040049980665808622 -0.043212483375887199 0.037609088721807786 1.3931546623983251 0.23366108727237164 -0.10062794130185104 7.5638062271686799 0.0095309199284978729 -0.048088565875096023 -0.0037490199672244001 0.15348406023195282 0.018257580637667938 0.00017196258734681363 -0.013155708533312672 0.057407524990578107 0.026329850966720848 0.21731157284693656 -0.011171742527021702
leaf_weight=45.775674050484213 86.948242139569061 6403.8905189677989 168.14499595342204 129.75940909073688 55.878824274812359 95.954151517469654 794.91209639456065 175.60195824608672 342.69996906996676 391.41176554746926 296.18422169574524 542.33729291416239 199.29993101581931 572.65324192490516 143.0792597742693 0.066907669068313136 1.4287397176085503 0.059916581434663385 0.052184827625751495 1532.8349449912785 262.86809627184994 1028.077438248205 19.400721699465066 164.34577522816835 30962.622900889197 675.33388947194908 90.980348009995765 1376.9108483163582 38.907098716008562 289.26599721247032
leaf_count=24771 585558 4919672 3124 17788 11376 121599 13662 1319 145204 2795 3309344 4902 2085 209846 3488 28 484 30 19 74041 18254 14186 709 15560 968735 5897 10245 40542 3050 317180
internal_value=-0.000237139 -0.00342979 -0.00215982 -0.00278327 -0.00224178 -0.00560543 -0.00216706 0.00147724 -0.022291 0.00556359 -0.0518011 0.00673881 -0.0174571 -0.0284796 0.00239099 0.0428291 0.50738 2.69204 4.09706 0.00358437 -0.000667865 -0.0127776 0.0249598 -0.0136985 0.00103595 0.0114925 0.0188106 0.0331377 0.105306 -0.0309545
internal_weight=46887.7 13366.7 13024.8 12856.6 12726.9 8894.04 7374.4 6579.49 1519.64 3832.81 341.96 3776.93 1423.69 915.353 508.333 144.687 1.60775 0.179009 0.119092 3385.52 2823.78 1290.95 561.738 363.646 33521 2558.35 2182.13 1506.8 129.887 376.214
internal_count=10845493 8914286 5580171 5577047 5559259 5432996 4934653 4920991 498343 126263 3334115 114887 376744 355050 21694 4049 561 77 47 112092 106481 32440 5611 17645 1931207 962472 59734 53837 13295 902738
is_linear=0
shrinkage=0.1


Tree=82
num_leaves=31
num_cat=0
split_feature=2 2 2 7 0 2 7 7 1 0 4 7 7 8 7 7 0 6 2 0 7 7 2 7 0 8 8 2 8 8
split_gain=18.5376 78.3702 77.7761 44.8126 32.8279 32.0867 31.9249 36.7041 99.3215 63.9357 58.7245 65.7068 58.8189 69.2115 27.7662 189.195 64.3476 45.3326 45.0967 49.5884 49.0915 40.6512 43.4718 39.7353 45.3578 36.5854 127.785 58.6834 149.016 86.0638
threshold=0.5590277777777779 0.51086956521739146 0.57518796992481214 10.592813086201444 0.86607142857142871 0.54772727272727284 41.678759322984654 80.898622908551602 2.5000000000000004 0.29285714285714287 1.0000000180025095e-35 66.469348401860472 43.647784033394132 6.5000000000000009 15.395487184129708 20.363979620333986 0.64583333333333337 1.0000000180025095e-35 0.22902097902097904 0.22649572649572652 14.591829551631539 13.220348215950059 0.3585714285714286 21.498720476310762 0.47727272727272735 43.500000000000007 21.500000000000004 0.10762548262548265 23.500000000000004 31.500000000000004
decision_type=2 2 2 2 2 2 2 2 2 2 2 2 2 2 2 2 2 2 2 2 2 2 2 2 2 2 2 2 2 2
left_child=1 3 6 -1 -3 -6 -2 9 -9 10 11 12 -8 -14 16 -16 18 -18 19 -5 -21 -20 -23 24 -17 26 -22 28 -28 -30
right_child=2 4 -4 14 5 -7 7 8 -10 -11 -12 -13 13 -15 15 23 17 -19 21 20 25 22 -24 -25 -26 -27 27 -29 29 -31
leaf_value=-0.051461919453774319 0.012887657862715556 -0.032165008552192696 0.00069464201905967624 -0.053262862891480134 0.034312547622081351 -0.021933070239882019 0.082217002220186602 -0.11779969812260663 0.067815707803907971 0.034122452734466513 -0.025187716086231927 -0.068011172197993394 0.21822166722895597 0.61012640067054225 -0.076757630753724618 -0.099202302663077224 0.075809313524187502 -0.00840770091754371 0.0077396216959315887 -0.0017723929406411303 0.26753477119119551 0.10777192871997709 0.019769889527122071 0.00078404255387531604 -0.012646007388641675 -0.08458781670679931 10.198925556377944 0.76844039004143494 -0.076935486730444744 5.1516198188801567
leaf_weight=171.8952210819516 523.64231561962515 1158.7495141028776 17031.469481072912 210.37512156291018 168.00455821328796 255.93700332310982 31.282926044426858 44.065918754087761 83.366887117503211 210.46585155348293 20.850709552178159 11.131173379020764 47.208692081971094 4.9818068484310052 327.19947358019999 63.413718223654769 227.41567923641088 88.902677711764625 626.78583810073019 922.68152453669552 6.1160704783624427 97.06242372198767 133.11976049363147 23052.13108067479 1336.7319442925334 2.5782605620327965 0.029124426750058663 0.11472574815707048 0.070148322010936681 0.057113324513920816
leaf_count=1815199 6499 13744 241158 1749062 2436 4104 278 1372 2618 3323 204 224 244 92 476818 195800 93466 57906 183798 2060779 452 63369 1240 2988396 882588 194 18 18 56 38
internal_value=-0.000248832 -0.0018203 0.00226864 -0.00056459 -0.0234537 0.000356606 0.0297074 0.0491349 0.0036304 0.0669268 0.126727 0.160208 0.190641 0.255631 -0.000241686 -0.00122022 0.010231 0.0521397 0.00359938 -0.00941167 0.000490363 0.0209383 0.0568783 -0.000209439 -0.0165662 0.233363 0.361707 2.48616 3.74629 2.26957
internal_weight=46857.8 28849.4 18008.5 27266.7 1582.69 423.942 976.996 453.354 127.433 325.921 115.455 94.6046 83.4734 52.1905 27094.8 24779.5 2315.31 316.318 1998.99 1142.02 931.647 856.968 230.182 24452.3 1400.15 8.96544 6.38718 0.271112 0.156386 0.127262
internal_count=10845493 10589481 256012 10569197 20284 6540 14854 8355 3990 4365 1042 838 614 336 8753998 4543602 4210396 151372 4059024 3810617 2061555 248407 64609 4066784 1078388 776 582 130 112 94
is_linear=0
shrinkage=0.1


Tree=83
num_leaves=31
num_cat=0
split_feature=1 3 0 0 2 7 2 2 2 2 8 6 5 6 7 2 7 2 4 8 0 7 7 2 2 2 2 7 0 1
split_gain=17.0167 46.7318 34.8786 34.5078 39.4361 29.6406 57.9088 33.0008 24.6445 23.8764 22.7551 23.8076 21.9337 26.5676 21.1526 20.1148 19.6217 73.0107 60.7276 40.8172 34.5973 51.1941 118.816 73.6944 52.8664 60.6838 50.2144 54.8323 78.2228 41.3812
threshold=3.5000000000000004 1.0000000180025095e-35 0.64583333333333337 0.77500000000000013 0.35504201680672276 80.898622908551602 0.065591397849462371 0.78019323671497598 0.12701612903225809 0.64495798319327746 5.5000000000000009 1.0000000180025095e-35 1.0000000180025095e-35 1.0000000180025095e-35 66.469348401860472 0.22902097902097904 36.627436471204071 0.97500000000000009 1.0000000180025095e-35 1.5000000000000002 0.27922077922077926 31.291400533802324 27.231415411263665 0.61721611721611735 0.58578431372549034 0.37797619047619052 0.27429467084639503 17.973021508147554 0.20714285714285716 1.5000000000000002
decision_type=2 2 2 2 2 2 2 2 2 2 2 2 2 2 2 2 2 2 2 2 2 2 2 2 2 2 2 2 2 2
left_child=16 2 -2 4 14 15 10 8 -8 -10 11 -7 13 -6 -4 -5 17 18 19 -1 21 22 26 24 25 -24 -21 28 -28 -22
right_child=1 -3 3 5 12 6 7 -9 9 -11 -12 -13 -14 -15 -16 -17 -18 -19 -20 20 29 -23 23 -25 -26 -27 27 -29 -30 -31
leaf_value=-0.040853804291749979 -0.065456088322572714 0.04666764058834616 -0.069938697565183394 -0.045232590847779149 0.046319666252400388 0.044691045291990944 -0.077487059915157946 0.062718301095138596 -0.0084255991162944278 -0.038357349374978256 -0.013624271273787632 0.0018848724794609242 0.11195103383879323 -0.12281920547633821 0.010592569271419969 -0.012083205678586629 0.0021403223239854943 0.092405537666532173 -0.10629488326571007 -0.04665705187348821 0.010994765477358625 -0.051062714169531322 0.11025233986132883 -0.10347146341975572 0.278651162316988 0.00077078239755833458 0.064615388032679397 -0.034486368802525029 -0.031160908954717698 -0.0025046314686481977
leaf_weight=269.97206784059381 107.48047577699981 155.47638558395556 47.422042512353073 361.52509423324955 121.54752148967236 334.35974894464016 69.21686270146165 50.827098872279748 1009.1831592898816 362.13790137320757 172.22624012280721 212.50429830886424 48.697065208107233 10.055035248398779 104.46899633208523 370.78197780996561 24484.62940036122 81.299196059815586 56.26976998579994 447.03786588602816 2709.55712210813 324.66435172352067 117.854429910818 25.842196707148105 12.055815956555305 88.755880127864657 200.3624206937784 299.37605465170054 148.45744588519301 14022.391454211876
leaf_count=13281 27379 16285 17332 58417 628 3363 3462 854 7001 2463 13610 1952 250 61 4568 2763 649894 5174 118229 3836303 1323101 116250 63106 1165 204 10032 25925 337542 3052 4181847
internal_value=-0.000270428 -0.00693857 -0.00940262 -0.00756301 0.022989 -0.0110118 -0.00523524 -0.0164743 -0.0192685 -0.01633 0.0180742 0.0280571 0.0546134 0.0333967 -0.0145502 -0.0284484 0.000274549 -0.00215488 -0.00256549 -0.0022528 -0.00168632 -0.0154362 -0.0068027 0.0562254 0.0750985 0.0632211 -0.0208736 -0.00309161 0.0238531 -0.000318551
internal_weight=46826.4 3537.91 3382.43 3274.95 332.191 2942.76 2210.46 1491.37 1440.54 1371.32 719.09 546.864 180.3 131.603 151.891 732.307 43288.5 18803.9 18722.6 18666.3 18396.4 1664.41 1339.74 244.508 218.666 206.61 1095.23 648.196 348.82 16731.9
internal_count=10845493 160388 144103 116724 22839 93885 32705 13780 12926 9464 18925 5315 939 689 21900 61180 10685105 10035211 10030037 9911808 9898527 4393579 4277329 74507 73342 73138 4202822 366519 28977 5504948
is_linear=0
shrinkage=0.1


Tree=84
num_leaves=31
num_cat=0
split_feature=2 0 2 2 1 7 1 7 1 7 8 8 0 7 7 8 5 7 6 7 7 7 7 7 7 8 7 7 2 0
split_gain=15.697 55.6618 41.0076 173.837 58.1036 43.6356 51.7757 37.6236 28.2969 48.089 28.6694 27.9736 25.3332 47.9144 48.0859 49.7282 77.3212 45.1116 49.5211 28.6944 30.8122 36.0167 27.8264 25.5094 38.4071 79.4154 25.2233 60.5137 46.9308 45.0592
threshold=0.18019480519480521 0.31666666666666671 1.0000000180025095e-35 0.053342816500711245 3.5000000000000004 80.898622908551602 3.5000000000000004 21.080694825406034 2.5000000000000004 45.772188005600235 1.5000000000000002 6.5000000000000009 0.86607142857142871 11.816708191987688 22.36699358266404 9.5000000000000018 1.0000000180025095e-35 49.431770892224058 1.0000000180025095e-35 45.772188005600235 41.678759322984654 43.647784033394132 35.918357276654177 11.31477382620524 11.372433996976007 51.500000000000007 61.693175783431279 57.514272627718064 0.81534090909090928 0.29285714285714287
decision_type=2 2 2 2 2 2 2 2 2 2 2 2 2 2 2 2 2 2 2 2 2 2 2 2 2 2 2 2 2 2
left_child=1 -1 5 -4 7 6 12 -5 10 -10 -9 -7 -3 23 -15 17 22 19 -19 20 -16 -22 -17 -14 25 -25 27 -2 -28 -29
right_child=26 2 3 4 -6 11 -8 8 9 -11 -12 -13 13 14 15 16 -18 18 -20 -21 21 -23 -24 24 -26 -27 28 29 -30 -31
leaf_value=-0.048807790770559897 0.0015023375732129696 0.0083159438091652809 -0.084339787453863502 -0.031252507280499095 -0.062112604158863709 0.028629059135473624 -0.040734618073811041 -0.043190672317761844 -0.052456152954040602 0.005242261785482376 0.014795114661128159 -0.018021681480488085 0.020665182344789368 -0.031625548722241284 -0.0129036316883474 -0.019628272221597493 0.063461401929945621 0.026019110051144545 -0.0078680215137877981 -0.0313409199254156 0.061257966145178512 -0.014275180476801989 0.026429411597767578 5.9435144000718836 0.22676826579304712 0.805787728560595 -0.0071889730328597206 0.047252582839366279 0.010282250036817878 0.0059108737014936805
leaf_weight=262.52012489850131 23581.19454287806 2628.6982909864992 302.42107450721596 349.43332931167197 164.18634891098191 805.51299227238633 320.73029192234026 90.533117203739948 212.54911552794329 450.85572708839027 1465.5952772580449 152.94383302093775 7.4536971879424554 570.0826435611516 1458.7446660660207 320.55099218446412 286.16387494385708 759.09134022518992 998.47930233227089 700.74406196223572 131.17827184544876 121.69325045822188 222.03813006728888 0.033092417987062528 9.7847345902700891 0.33115212272969075 7389.8294537818438 512.28578376896621 1941.4068915775279 543.16698800462473
leaf_count=3176518 1893075 2563414 376345 473815 21908 8447 81768 1894 65508 15324 283546 16362 32406 1195830 40716 268344 28039 10136 10239 9709 1043 2111 47919 29 6742 308 144841 10677 50684 7796
internal_value=-0.000250574 -0.00323615 -0.00228135 -0.0123988 -0.00443856 0.000953462 -0.00131826 -0.000752524 0.00404926 -0.0132438 0.0114216 0.0211849 0.000220627 -0.00358867 -0.00410936 -0.000971233 0.0214018 -0.00541777 0.00676776 -0.0142958 -0.0073174 0.024908 -0.000780563 0.161136 0.264302 1.27256 0.000873798 0.00255085 -0.003554 0.0259769
internal_weight=46760.2 12792.3 12529.8 3035.57 2733.15 9494.25 8535.8 2568.97 2219.53 663.405 1556.13 958.457 8215.07 5586.37 5568.77 4998.68 828.753 4169.93 1757.57 2412.36 1711.62 252.872 542.589 17.6027 10.149 0.364245 33967.9 24636.6 9331.24 1055.45
internal_count=10845493 8738420 5561902 1238340 861995 4323562 4298753 840087 366272 80832 285440 24809 4216985 1653571 1614086 418256 344302 73954 20375 53579 43870 3154 316263 39485 7079 337 2107073 1911548 195525 18473
is_linear=0
shrinkage=0.1


Tree=85
num_leaves=31
num_cat=0
split_feature=0 1 8 2 4 7 7 2 0 2 4 8 4 8 0 0 2 2 2 0 5 8 2 3 7 7 2 2 2 2
split_gain=16.0351 91.8758 78.4632 66.0586 47.6845 37.2392 121.707 89.3871 73.4166 72.1826 70.8336 79.6076 55.6143 45.1286 43.6945 59.1832 37.8045 72.8836 88.9151 72.6921 36.9055 42.5144 36.6932 58.8862 100.278 63.1544 36.5742 60.902 41.7984 171.016
threshold=0.47727272727272735 1.5000000000000002 20.500000000000004 0.97500000000000009 1.0000000180025095e-35 45.772188005600235 41.678759322984654 0.3585714285714286 0.31666666666666671 0.36602870813397131 1.0000000180025095e-35 8.5000000000000018 1.0000000180025095e-35 13.500000000000002 0.31666666666666671 0.19090909090909094 0.71130952380952395 0.5590277777777779 0.44722222222222224 0.31666666666666671 1.0000000180025095e-35 15.500000000000002 0.12060606060606062 1.0000000180025095e-35 14.264366567761664 22.836213788014096 0.44722222222222224 0.44097222222222227 0.64852941176470602 0.67543859649122817
decision_type=2 2 2 2 2 2 2 2 2 2 2 2 2 2 2 2 2 2 2 2 2 2 2 2 2 2 2 2 2 2
left_child=1 5 -3 4 -2 6 8 10 12 -9 -7 -12 22 -13 15 26 17 18 -8 20 21 -19 -1 24 -24 -25 27 -11 -28 -30
right_child=3 2 -4 -5 -6 7 16 9 -10 14 11 13 -14 -15 -16 -17 -18 19 -20 -21 -22 -23 23 25 -26 -27 28 -29 29 -31
leaf_value=-0.061624111491795863 0.00037718874450430378 -0.0097601323798145977 -0.065840907720532776 0.058647722905799365 0.06792969346614966 -0.066046870476552458 0.05809963744520219 0.18992128455840193 0.012185656409927725 0.0092025713663415765 0.19877452128154116 0.75633809605760705 -0.093136791166282096 2.7832987369977538 -0.029982388778254172 0.047139778578263548 -0.026101882999205486 0.095525577329749589 -0.041641754642558676 -0.066026938549479247 0.29339174599813678 0.2935227314017857 -0.00092466478099946156 -0.060806958394008598 0.11440689539865789 -0.0068015765665999295 -0.019387984862345067 0.12491349497844856 0.060352736411799252 -0.007286365196840114
leaf_weight=126.84375990700482 32756.076410941867 641.97078140899362 408.06146241657621 197.17302404448856 104.82910223702493 273.24770067113423 289.93010206521285 19.246278704318684 2467.913201118552 253.85255593262264 1.6343088317080394 0.23269102998892766 81.341918610764878 0.20804742406471632 589.59471809118986 240.63728668773547 69.283007991267368 169.64514830405824 129.20769167429535 23.811724487692118 11.437891259789465 11.585325166117398 289.51405606316888 245.46080648466705 101.93249552383628 1837.5480698377214 1531.2252763806609 55.416328116320074 420.14984577265568 3388.4834633480059
leaf_count=2558511 3928968 106308 908916 34385 5917 53352 33645 1127 1182901 14611 52 18 120045 45 9474 1515 854 1257 3033 479 163 194 71468 1209356 3386 534731 28182 1267 3517 27816
internal_value=-0.00025256 -0.003132 -0.0315541 0.000938953 0.000592687 -0.000768932 0.00507156 -0.00581751 -0.00026197 -0.00345307 -0.0616267 0.520427 -0.0117132 1.71315 -0.00402747 -0.00142925 0.0440424 0.0516882 0.0273523 0.0988062 0.119178 0.108183 -0.00916715 -0.00647814 0.0291076 -0.0131655 -0.00349816 0.0299362 -0.00543458 0.000175251
internal_weight=46737.5 13679.4 1050.03 33058.1 32860.9 12629.4 5855.46 6773.93 5150.55 6498.61 275.323 2.07505 2682.64 0.440738 6479.36 5889.76 704.901 635.618 419.138 216.48 192.668 181.23 2601.3 2474.46 391.447 2083.01 5649.13 309.269 5339.86 3808.63
internal_count=10845493 6876223 1015224 3969270 3934885 5860999 5720023 140976 5680398 87509 53467 115 4497497 63 86382 76908 39625 38771 36678 2093 1614 1451 4377452 1818941 74854 1744087 75393 15878 59515 31333
is_linear=0
shrinkage=0.1


Tree=86
num_leaves=31
num_cat=0
split_feature=5 6 0 0 1 2 4 7 8 8 2 2 2 2 2 3 2 8 3 2 7 4 0 7 2 7 2 0 8 7
split_gain=14.3788 73.0481 199.513 85.122 42.3555 40.0317 36.6981 35.6256 40.896 51.2579 44.8224 44.6056 44.2427 72.9605 35.1261 50.4959 45.1399 36.6487 32.0257 29.9118 37.8543 29.6487 66.1319 37.9789 35.3385 54.566 30.4045 42.462 41.2124 45.1781
threshold=1.0000000180025095e-35 1.0000000180025095e-35 0.61250000000000016 0.86607142857142871 1.5000000000000002 0.71825396825396837 1.0000000180025095e-35 80.898622908551602 4.5000000000000009 6.5000000000000009 0.73030303030303034 0.18019480519480521 0.51086956521739146 0.27888888888888896 0.22902097902097904 1.0000000180025095e-35 0.71825396825396837 2.5000000000000004 1.0000000180025095e-35 0.78759398496240618 66.469348401860472 1.0000000180025095e-35 0.64583333333333337 28.402204142033217 0.74456521739130443 72.34418059892694 0.78019323671497598 0.81666666666666676 4.5000000000000009 112.90503040955561
decision_type=2 2 2 2 2 2 2 2 2 2 2 2 2 2 2 2 2 2 2 2 2 2 2 2 2 2 2 2 2 2
left_child=1 21 5 19 -5 18 -2 8 14 12 11 -11 13 -10 -6 16 -16 -17 -3 20 -4 26 23 -23 25 -25 -1 28 29 -28
right_child=6 2 3 4 7 -7 -8 -9 9 10 -12 -13 -14 -15 15 17 -18 -19 -20 -21 -22 22 -24 24 -26 -27 27 -29 -30 -31
leaf_value=0.00032267785836115494 0.0022065383879984169 -0.050082070714941251 0.027565071249007013 -0.1229810208831474 -0.017521319574114697 -0.014499828871454071 0.069798858310230347 -0.040840165933596927 -0.025488590172168327 -0.024701877368234783 -0.052060606818719969 0.018635832126045023 -0.0027229482808636303 -0.1156576173416991 0.020818205362659076 -0.72464107377605536 -0.020128251296611076 -0.087257892692138683 -0.095318905817759245 -0.016633348986008958 -0.030739099841911855 -0.13407826199326328 0.094489776153392518 -0.024677052585875828 -0.051581495667986199 0.063227540663393283 -0.011733437423348087 0.051212861734395133 0.021889949197439515 0.027864443882535419
leaf_weight=23493.65384795532 12570.691880955388 541.40764346076958 1207.4589944905019 33.448663555027451 649.29623843759327 217.33019493741449 80.841222438693876 344.12773197609931 210.3796724757558 394.42922715995519 186.3604188002646 596.91589777678018 173.99151182267815 156.4865395128727 1148.3776805093512 1.5737896352075034 351.68331528548151 2.1136849406175315 220.13142815403353 233.28150286711752 122.66984751087148 31.81278270229086 47.66785484389402 285.25220964875189 246.06019209045917 93.847750128712505 1266.9136845474131 241.13316964358091 1161.8195003997535 372.94328469084576
leaf_count=5961955 2213361 1366092 88278 24043 21686 3980 14031 9144 12942 502002 1191 9045 940 758 5441 125 3392 121 459079 1850 2964 86265 4433 6098 1998 892 11389 17108 10504 4386
internal_value=-0.000239967 -0.00131001 -0.0105887 -0.00355507 -0.0108955 -0.0523551 0.00263844 -0.0100062 -0.00726547 -0.0187692 -0.00706556 0.00139294 -0.0442536 -0.0639501 0.00191682 0.0103099 0.0112185 -0.359289 -0.0631583 0.0163954 0.022188 0.00100326 -0.0192422 -0.0274942 -0.0220705 -0.00291591 0.00154085 0.0109464 0.0074808 -0.00272792
internal_weight=46684.1 34032.6 6791.46 5812.59 4249.18 978.869 12651.5 4215.74 3871.61 1718.56 1177.71 991.345 540.858 366.866 2153.04 1503.75 1500.06 3.68747 761.539 1563.41 1330.13 27241.1 704.641 656.973 625.16 379.1 26536.5 3042.81 2801.68 1639.86
internal_count=10845493 8618101 2513073 683922 590830 1829151 2227392 566787 557643 526878 512238 511047 14640 13700 30765 9079 8833 246 1825171 93092 91242 6105028 99686 95253 8988 6990 6005342 43387 26279 15775
is_linear=0
shrinkage=0.1


Tree=87
num_leaves=31
num_cat=0
split_feature=8 7 0 2 8 7 0 2 2 5 0 3 7 3 5 6 5 6 0 0 8 0 2 7 7 7 7 0 2 7
split_gain=13.6807 30.4233 34.7192 55.1367 27.4572 50.8201 36.2591 30.6893 28.4011 27.1919 25.7362 43.5452 34.8611 33.2991 46.667 116.009 24.9191 110.945 140.328 68.1851 58.3533 47.2186 38.6388 37.046 30.7195 62.1983 58.9244 49.2905 49.3205 59.691
threshold=3.5000000000000004 40.463638564199819 0.5634920634920636 0.39565217391304358 4.5000000000000009 45.772188005600235 0.34848484848484856 0.72474747474747481 0.27429467084639503 1.0000000180025095e-35 0.86607142857142871 1.0000000180025095e-35 47.756394436655604 1.0000000180025095e-35 1.0000000180025095e-35 1.0000000180025095e-35 1.0000000180025095e-35 1.0000000180025095e-35 0.64583333333333337 0.16025641025641027 6.5000000000000009 0.77500000000000013 0.10435571687840291 21.531137132815942 24.237031412278139 15.395487184129708 11.887571472208483 0.64583333333333337 0.35504201680672276 12.820288565894002
decision_type=2 2 2 2 2 2 2 2 2 2 2 2 2 2 2 2 2 2 2 2 2 2 2 2 2 2 2 2 2 2
left_child=1 2 3 -1 5 -2 -7 16 9 -8 11 -3 -13 -12 15 -15 17 24 -19 -18 21 -20 -22 -21 25 26 -6 -28 -29 -30
right_child=4 10 -4 -5 7 6 8 -9 -10 -11 13 12 -14 14 -16 -17 19 18 20 23 22 -23 -24 -25 -26 -27 27 28 29 -31
leaf_value=0.058688419342459823 0.0048813651211259985 -0.016403111631906078 -0.01287823452496565 -0.0035228335448876519 -0.01971841930672244 -0.029586962673025637 -0.0065758961451491474 0.0085811589706571434 0.0029787219054946386 -0.03964282993688048 0.0074184202417124367 0.033957151955401985 0.001813248473368601 0.066597611395178904 0.097377472259201348 -0.082558248468276599 -0.056305762247462025 -0.064788300799905413 0.008415618459946525 -0.0040989658137940439 -0.022594723135173082 -0.048824099260049013 0.012091840655698041 0.010617271191102517 0.0032502789422205964 -0.018971478143903282 0.0086320949949240059 0.11633512782856632 0.069159098434629043 -0.056871391362692827
leaf_weight=188.77076591504738 1958.2875930419941 1280.7493968438357 2242.9931734072525 580.74718946096255 533.4374126102216 1171.229618206271 620.88713139516767 3562.3091998188756 1156.4781292743282 414.84509776392952 5662.0752933262847 370.89981597248698 3735.5241588262143 152.05378821189515 99.374314276967198 79.36051778588444 186.4044195858005 594.14834185210566 197.84380807445314 2781.8498989216541 467.3788626224773 530.71111399387155 1026.4106934954289 4442.1139082622931 9492.2529345919793 2066.9111212510302 790.73438538443679 94.732387704282701 109.71969625353813 57.156845465302467
leaf_count=14546 51200 9289 56997 6116 2103343 10803 8191 40550 17281 2466 55279 4965 47956 36797 34799 3213 302462 1811435 2196 1385397 581927 15616 39801 394469 863341 1492230 1402988 49140 459 241
internal_value=-0.000217935 0.00234579 -0.00659019 0.0117382 -0.00136187 -0.00792557 -0.0153821 -6.49906e-05 -0.00779291 -0.0198203 0.00471131 -0.000304453 0.00471655 0.00922014 0.0400599 0.0154466 -0.00138283 -0.00360769 -0.0216189 0.00340938 -0.0100775 -0.0332803 0.00123906 0.00495025 0.000251465 -0.00754156 0.00735624 0.0210805 0.0587068 0.0259924
internal_weight=46648.4 14392.5 3012.51 769.518 32255.8 5321.73 3363.44 26934.1 2192.21 1035.73 11380 5387.17 4106.42 5992.86 330.789 231.414 23371.8 15961.4 2816.49 7410.37 2222.34 728.555 1493.79 7223.96 13144.9 3652.69 1585.78 1052.34 261.609 166.877
internal_count=10845493 269957 77659 20662 10575536 89941 38741 10485595 27938 10657 192298 62210 52921 130088 74809 40010 10445045 8362717 2450975 2082328 639540 17812 621728 1779866 5911742 5048401 3556171 1452828 49840 700
is_linear=0
shrinkage=0.1


Tree=88
num_leaves=31
num_cat=0
split_feature=1 0 0 2 0 5 2 7 2 8 7 0 2 6 8 8 8 2 2 5 7 6 7 0 0 7 3 8 2 8
split_gain=13.843 17.7344 46.8132 24.5348 17.2034 21.9892 16.9887 26.8648 16.1983 13.7682 51.752 29.2811 49.8762 47.6721 53.6651 47.3109 59.3045 73.2918 57.9243 62.0321 57.4481 50.2299 45.6144 42.121 38.8918 42.9817 58.2036 97.5052 420.468 48.7867
threshold=4.5000000000000009 0.81666666666666676 0.69047619047619058 0.29520697167755999 0.73214285714285732 1.0000000180025095e-35 0.053342816500711245 136.28990979692213 0.82085561497326209 2.5000000000000004 40.463638564199819 0.19090909090909094 0.32738095238095244 1.0000000180025095e-35 5.5000000000000009 4.5000000000000009 5.5000000000000009 0.5590277777777779 0.45643939393939398 1.0000000180025095e-35 53.677130494496517 1.0000000180025095e-35 61.693175783431279 0.16025641025641027 1.0000000180025095e-35 15.395487184129708 1.0000000180025095e-35 53.500000000000007 0.37268518518518523 102.50000000000001
decision_type=2 2 2 2 2 2 2 2 2 2 2 2 2 2 2 2 2 2 2 2 2 2 2 2 2 2 2 2 2 2
left_child=9 2 -2 -4 -5 -6 7 -3 -8 10 -1 12 13 14 -11 18 17 -17 20 -20 -14 24 -22 -23 25 26 -18 -28 29 -29
right_child=1 6 3 4 5 -7 8 -9 -10 11 -12 -13 15 -15 -16 16 21 -19 19 -21 22 23 -24 -25 -26 -27 27 28 -30 -31
leaf_value=-0.012462503664973278 -0.080954588020899845 -0.040177544298440671 -0.017370034796836086 0.073860327945394114 0.12838221369726568 0.44129386788668762 -0.032688942818760537 0.032469230265364406 0.11023248359969043 0.04433162988602099 0.0075380128087360167 0.00056001571606214911 -0.0026773685143807839 -0.085701638777920919 -0.032711436921456956 -0.010882497129580697 0.061422771634586031 0.048263560916541187 -0.02361416623836754 0.060192843571788113 0.14863397528999736 -0.071380866376437174 0.017727167935543405 0.22157789508181722 -0.090231600861852543 -0.0009874698712906845 0.24513964654141446 2.509181793300264 13.418136701939723 0.27272838421327805
leaf_weight=1601.0692669621931 30.370959444997425 83.842693043698091 24.437998634180985 41.582400858402252 8.3703633351251465 3.0692531322129062 453.51207791361958 129.57162955286913 8.0711760006379318 109.36560419652631 6739.7161333411932 30346.867307306631 256.89211848343257 130.756577942582 521.68361580204498 335.9953273756837 69.767054355703294 556.53762254025787 2129.8846531609306 92.140011142008007 54.473491074983031 139.06109918103175 52.053916973178275 5.087332225033605 47.435028524545487 2611.5954514991026 1.7388501860987156 0.15329473702877283 0.029589236248284578 0.26817935037252028
leaf_count=42489 7372 6601 3025 404 95 44 7128 2131 921 13980 133071 7750590 8500 788205 1629856 9842 2208 5111 12534 1637 866 123524 1172 487 4053 288354 643 204 31 415
internal_value=-0.000200966 -0.0133866 0.0242711 0.0655286 0.103737 0.212337 -0.0194025 0.00392897 -0.0301898 2.4395e-05 0.00369878 -0.000793699 -0.00656762 -0.0307463 -0.0193593 -0.00366834 0.00348022 0.0259979 -0.0140857 -0.020139 0.0229255 -0.00350999 0.0846672 -0.0610417 -0.000473326 0.00111326 0.0773568 0.58499 1.89512 1.08615
internal_weight=46585.4 782.829 107.831 77.46 53.022 11.4396 674.998 213.414 461.583 45802.6 8340.79 37461.8 7114.92 761.806 631.049 6353.11 3767.67 892.533 2585.44 2222.02 363.42 2875.14 106.527 144.148 2730.99 2683.55 71.957 2.18991 0.451063 0.421474
internal_count=10845493 27721 10940 3568 543 139 16781 8732 8049 10817772 175560 10642212 2891622 2432041 1643836 459581 434872 14953 24709 14171 10538 419919 2038 124011 295908 291855 3501 1293 650 619
is_linear=0
shrinkage=0.1


Tree=89
num_leaves=31
num_cat=0
split_feature=8 3 0 7 8 0 7 1 3 0 0 2 7 2 2 2 2 7 5 6 8 8 0 2 8 6 8 8 2 7
split_gain=14.6365 37.2928 25.3666 14.1248 30.9552 13.4824 12.5403 12.3808 35.1804 28.2896 26.7509 28.0016 21.8016 35.1908 24.0162 20.1405 19.5731 18.1706 15.5132 21.8014 15.3311 15.089 15.8217 14.5422 14.032 12.3232 12.1444 15.1843 12.1044 2276.91
threshold=117.50000000000001 1.0000000180025095e-35 0.86607142857142871 21.662609751401053 148.50000000000003 0.86607142857142871 11.493361492365652 3.5000000000000004 1.0000000180025095e-35 0.64583333333333337 0.77500000000000013 0.35504201680672276 80.898622908551602 0.065591397849462371 0.78759398496240618 0.12701612903225809 0.64495798319327746 66.469348401860472 1.0000000180025095e-35 1.0000000180025095e-35 3.5000000000000004 6.5000000000000009 0.84523809523809534 0.14907407407407411 2.5000000000000004 1.0000000180025095e-35 28.500000000000004 17.500000000000004 0.39565217391304358 15.395487184129708
decision_type=2 2 2 2 2 2 2 2 2 2 2 2 2 2 2 2 2 2 2 2 2 2 2 2 2 2 2 2 2 2
left_child=7 3 6 -2 5 -5 -3 -1 9 -9 11 17 23 20 15 -15 21 -11 19 24 25 -17 -23 -12 -13 -14 27 -19 -8 -30
right_child=1 2 -4 4 -6 -7 28 8 -10 10 12 18 13 14 -16 16 -18 26 -20 -21 -22 22 -24 -25 -26 -27 -28 -29 29 -31
leaf_value=0.00040156773294793631 -0.011593042774745242 -0.22853570071677237 0.034905174110975566 -0.10420078282120347 0.92990683220757619 0.06768266655269943 -0.07622882484350485 -0.060647253613740681 0.042870618174538688 -0.06618655211294415 -0.041162887098420232 -0.040766050472040363 0.042803668959580182 -0.071856467053480672 0.057122887169626692 -0.010144871788488396 -0.033205879767439168 0.01112792779010339 0.093906107561715538 -0.11836714803070987 -0.00062408892832566479 -0.011980020518276034 0.066911465985580496 -0.012152107553692724 0.054011727872190232 0.0046638734910355688 -0.10302224785587218 0.1803284382376257 -28.877741907950931 -0.094700483501151983
leaf_weight=42562.254904732312 403.63658028716151 8.1034387895876545 14.45803839179983 5.3253184264176516 0.39781959911124332 31.900426815584069 43.845946516098138 98.575276312163624 142.45544465217972 43.343354630167596 303.44167701986589 18.340968114323914 221.20421721413732 61.147003521036822 46.759661451098509 899.69109307136387 359.54701536661014 89.874914728454314 50.533018965274096 9.3555610105395299 380.41235402529128 47.32788970740512 54.919671031180769 401.29640458291396 105.32753544859588 137.2990737631917 8.5898291835910623 5.6364664974389589 0.027611638535744443 5.926131546839315
leaf_count=9354712 947329 58804 252 4791 513 19530 289684 27228 16270 17216 57613 93 1659 3462 846 5961 2471 2434 250 61 16308 503 537 3248 533 958 1230 904 12 10081
internal_value=-0.000254893 -0.0170425 -0.0835829 -0.00613071 0.0524708 0.0430939 -0.113169 -6.76403e-05 -0.00579794 -0.00787209 -0.00626844 0.0206707 -0.00932947 -0.00444233 -0.0133942 -0.015712 -0.0131904 -0.0117817 0.0467386 0.0288207 0.0133592 -0.00600784 0.0303945 -0.0246434 0.0399555 0.0281969 0.0108701 0.0211131 -0.0943961 -0.228187
internal_weight=46561 513.621 72.3612 441.26 37.6236 37.2257 57.9031 46047.3 3485.08 3342.62 3244.05 331.002 2913.05 2208.31 1469.39 1422.63 1361.49 147.445 183.557 133.024 738.916 1001.94 102.248 704.738 123.669 358.503 104.101 95.5114 49.7997 5.95374
internal_count=10845493 1330996 358833 972163 24834 24321 358581 9514497 159785 143515 116287 22721 93566 32705 13780 12934 9472 21784 937 687 18925 7001 1040 60861 626 2617 4568 3338 299777 10093
is_linear=0
shrinkage=0.1


Tree=90
num_leaves=31
num_cat=0
split_feature=7 7 7 0 2 2 4 0 3 6 7 0 8 5 0 2 7 2 2 8 2 7 2 2 7 2 1 0 7 4
split_gain=12.9107 52.2171 83.467 49.9901 41.7852 39.337 32.6476 25.5707 52.877 24.7334 42.8541 36.758 40.3891 39.0366 32.3905 33.4265 54.9861 25.9056 22.6033 19.5912 46.9199 34.5679 54.9734 45.9971 37.9395 29.8582 101.641 408.65 252.443 342.57
threshold=21.325987403026222 15.395487184129708 19.843558218775907 0.47727272727272735 0.44097222222222227 0.34057971014492755 1.0000000180025095e-35 0.07417582417582419 1.0000000180025095e-35 1.0000000180025095e-35 11.887571472208483 0.34848484848484856 76.500000000000014 1.0000000180025095e-35 0.64583333333333337 0.35504201680672276 12.820288565894002 0.36602870813397131 0.37268518518518523 83.500000000000014 0.053342816500711245 22.446405179273473 0.21807065217391305 0.267948717948718 21.57048475271927 0.22401433691756276 1.5000000000000002 0.31666666666666671 28.402204142033217 1.0000000180025095e-35
decision_type=2 2 2 2 2 2 2 2 2 2 2 2 2 2 2 2 2 2 2 2 2 2 2 2 2 2 2 2 2 2
left_child=1 6 7 -4 5 -5 9 8 -3 10 18 -11 17 -14 -12 -16 -17 -13 -1 -2 -21 23 -23 24 -22 26 27 28 -24 -30
right_child=19 2 3 4 -6 -7 -8 -9 -10 11 14 12 13 -15 15 16 -18 -19 -20 20 21 22 25 -25 -26 -27 -28 -29 29 -31
leaf_value=-0.030655736797504399 9.3927490414774759e-05 0.1490818609740279 -0.091455940706098318 -0.008671187514750248 0.028008824208479777 -0.080929444330977485 -0.12230530949402936 -0.083893409015765905 -0.094004800171964775 0.0021844638856146834 0.011670510564545027 -0.011038155873415643 -0.058986125245881704 0.035826099549343536 0.095464096300856172 0.063687717158388335 -0.045795850407524 -0.061209182998063008 0.0075259982031729636 -0.029007480918319024 0.040789656548230857 -0.09034802250632612 0.53574154048259981 0.01665025523277892 0.13531324119033047 0.016460954986369222 0.13970473927413637 23.65684547763162 21.736828380769381 -0.10006069313185595
leaf_weight=305.49171763795761 39843.49951615405 15.168211410499142 70.294638277188369 740.56175168296477 291.81567585305311 83.872913353145123 21.428084352652149 230.44343992978278 21.822319789789841 1851.2475169544355 932.85616184400146 163.15854901275088 59.788530174002062 158.66953050541906 103.30679574120154 131.63805684680119 70.408508482854813 278.74059918476269 314.83250695475732 185.65113485014342 88.624525014873115 53.336027999537691 0.3145735397010857 217.2721293550785 81.524143225277982 217.36091476101865 5.8585820083681028 0.0084184512961655855 0.013738205430854578 0.015058453063829802
leaf_count=2101003 3126551 482 224589 614620 4829 682 92671 307361 49895 1956349 1342233 238188 142888 110530 49221 592 322 1570 3013 349372 18690 34136 1210 19274 26536 28264 368 2 26 26
internal_value=-0.000216869 -0.00461143 -0.0210371 -0.00966233 -0.00451146 -0.0160223 0.000826867 -0.0715047 0.00567449 0.00143062 0.0101761 -0.00504086 -0.0252964 0.00987749 0.020924 0.0491935 0.0255353 -0.042685 -0.0112774 0.000414402 0.0154369 0.0278572 0.000875519 0.0471423 0.0860792 0.0226382 0.238838 1.88978 1.35611 10.3178
internal_weight=46539 5845.55 1453.98 1186.54 1116.25 824.435 4391.57 267.434 36.9905 4370.14 1858.53 2511.6 660.357 218.458 1238.21 305.353 202.047 441.899 620.324 40693.5 849.979 664.328 276.907 387.421 170.149 223.571 6.21037 0.351789 0.34337 0.0287967
internal_count=10845493 7241038 1202458 844720 620131 615302 6038580 357738 50377 5945909 3496384 2449525 493176 253418 1392368 50135 914 239758 2104016 3604455 477904 128532 64032 64500 45226 29896 1632 1264 1262 52
is_linear=0
shrinkage=0.1


Tree=91
num_leaves=31
num_cat=0
split_feature=7 2 1 0 0 7 0 1 8 2 0 0 4 2 2 3 2 7 8 8 2 7 7 7 7 2 0 2 4 2
split_gain=12.3168 22.8523 11.0108 13.2893 34.9408 20.2835 12.7474 74.242 68.5914 50.0365 47.9655 48.348 33.5592 34.943 32.6577 34.1174 55.6159 106.3 129.258 399.105 129.591 216.055 29.7445 29.5048 89.92 77.0039 64.7438 50.4291 41.3907 36.7841
threshold=9.3291212417631808 0.62828947368421062 4.5000000000000009 0.81666666666666676 0.69047619047619058 136.28990979692213 0.47727272727272735 1.5000000000000002 9.5000000000000018 0.97500000000000009 0.29285714285714287 0.27922077922077926 1.0000000180025095e-35 0.22902097902097904 0.74456521739130443 1.0000000180025095e-35 0.27429467084639503 24.440015940136131 15.500000000000002 51.500000000000007 0.21132376395534294 26.227494986740854 28.402204142033217 45.772188005600235 41.678759322984654 0.3585714285714286 0.31666666666666671 0.36602870813397131 1.0000000180025095e-35 0.46410256410256417
decision_type=2 2 2 2 2 2 2 2 2 2 2 2 2 2 2 2 2 2 2 2 2 2 2 2 2 2 2 2 2 2
left_child=1 -1 6 4 -4 -6 7 23 10 12 11 -9 -8 22 15 -10 17 -17 -19 20 21 -20 -14 24 26 -25 28 -27 -2 -28
right_child=2 -3 3 -5 5 -7 9 8 14 -11 -12 -13 13 -15 -16 16 -18 18 19 -21 -22 -23 -24 25 -26 27 29 -29 -30 -31
leaf_value=-0.08327999078198349 -0.0088312044392267735 0.06308134945734474 -0.075765648928933588 -0.017192538112776545 -0.0034582117120334102 0.099150703267828058 0.00061476719597734807 -0.1406422884966573 -0.064531661799318338 0.053975998474131148 -0.0084335151964732256 0.17629609408014255 -0.44952292668004684 0.073867909206530039 0.021568044247521203 -0.090183568251858193 0.015490790681547174 0.57075543940614704 4.8620525815005946 -0.10214047405749888 5.2044157161448794 19.450033645696841 0.18553940199209817 -0.058318112388379133 0.037747077843326239 0.14912464657492405 0.024841187572705408 -0.0033080224983291981 -0.085993416274841375 0.00013217281088679476
leaf_weight=42.727944834448863 2507.3998387404536 14.217514008283613 27.668708927034459 672.01039460476022 33.866502012591809 44.683647981437389 31891.3163730575 5.8917307698834511 494.14967006058015 177.85218028805684 416.66862899249099 26.291563610389858 2.3628222325496604 87.213585519464687 55.010624181479216 1.0329548602273373 16.872322006413015 0.57123950583627436 0.020152215256530326 0.15464683276513824 0.075397264095954597 0.020460143714444712 1.0721868476830421 259.76814072392153 724.54878520101192 21.775926214235369 1142.2949974400303 6503.9449824328185 71.499777101188101 1274.9386230669916
leaf_count=859716 3840716 77 7372 16781 2901 667 3857956 1561 971305 33427 24512 2567 35 5616 426 762 299 20 22 52 34 21 50 53467 39625 1127 910727 86382 120045 7225
internal_value=-0.000259491 -0.0467381 -0.000202524 -0.0119972 0.0208716 0.0549114 -1.59458e-06 -0.00257765 -0.0285638 0.00108162 0.000651645 0.118275 0.000787469 0.0615462 -0.0516546 -0.0595081 0.0729061 0.589603 1.42366 3.22377 7.65738 12.2113 -0.251298 -0.000464959 0.00482499 -0.00492478 5.05603e-05 -0.00279936 -0.0109705 0.0118087
internal_weight=46517.9 56.9455 46461 778.229 106.219 78.5501 45682.7 13522.9 1016.76 32159.8 448.852 32.1833 31982 90.6486 567.907 512.897 18.7472 1.87485 0.841896 0.270656 0.11601 0.0406124 3.43501 12506.2 5720.68 6785.49 4996.13 6525.72 2578.9 2417.23
internal_count=10845493 859793 9985700 27721 10940 3568 9957979 6060895 1001581 3897084 28640 4128 3863657 5701 972941 972515 1210 911 149 129 77 43 85 5059314 4918338 140976 4878713 87509 3960761 917952
is_linear=0
shrinkage=0.1


Tree=92
num_leaves=31
num_cat=0
split_feature=8 3 0 6 7 2 2 7 7 7 7 2 2 1 2 7 2 5 8 7 8 8 2 7 8 7 0 7 8 2
split_gain=11.3462 30.6112 30.1721 17.6162 37.273 257.273 1379.11 14.5911 14.0698 13.4788 33.2499 35.6599 20.8948 25.4396 90.3243 36.2762 19.5375 11.0915 10.7611 10.4569 10.335 9.5638 29.0208 20.9591 20.9143 30.3181 39.5817 38.8661 31.8873 52.7817
threshold=112.50000000000001 1.0000000180025095e-35 0.86607142857142871 1.0000000180025095e-35 31.291400533802324 0.44097222222222227 0.26491228070175443 21.662609751401053 23.256712811036728 12.778327526433614 11.968514922936896 0.18019480519480521 0.30217391304347835 1.5000000000000002 0.21807065217391305 12.139192162412323 0.19292803970223329 1.0000000180025095e-35 142.50000000000003 12.026362710572394 131.50000000000003 83.500000000000014 0.11583184257602865 24.237031412278139 44.500000000000007 34.426336379378711 0.69047619047619058 27.231415411263665 58.500000000000007 0.37268518518518523
decision_type=2 2 2 2 2 2 2 2 2 2 2 2 2 2 2 2 2 2 2 2 2 2 2 2 2 2 2 2 2 2
left_child=21 7 3 -3 -5 6 -6 9 18 10 17 -12 13 14 15 16 -13 -2 -9 -15 -18 24 23 -23 -1 27 -27 -26 29 -28
right_child=1 2 -4 4 5 -7 -8 8 -10 -11 11 12 -14 19 -16 -17 20 -19 -20 -21 -22 22 -24 -25 25 26 28 -29 -30 -31
leaf_value=0.00027853001607031286 -0.033182777091970893 -0.060754194035648169 0.049965028951572954 -0.15598854376985088 -55.983166305654692 0.071834733206583012 -0.10003415765231899 0.049970894708118885 -0.077892335969659054 -0.034175545811280024 -0.035884661140307104 2.6205726192565537 0.086355842657997714 -0.10521290122362792 0.31769431321892772 -0.10021975978224847 4.092697395269485 0.010481883007939573 0.20335120575544369 0.2950267159928216 6.9138964699284235 -0.0065745995634218972 0.015762244483232005 -0.075937117665452719 -0.0066896931439073522 -0.02368113809308902 0.14031894896903682 -0.043812989097705146 -0.004250983949964076 6.7776870387810338e-05
leaf_weight=40347.274307813947 152.80429666082517 43.070555274877698 16.896110556235413 24.564281067385206 0.0053683104106302384 0.15417750977212563 0.02489622107532341 37.657462402798046 7.739929949912038 158.23657575888296 26.478265166147594 0.036731803444125855 46.527264738164376 0.80371968910185376 0.4705614238155249 0.022563345988601213 0.023845003957831068 93.936972266177293 5.206700192175048 3.475679792540177 0.028510710420960095 405.24476185988556 1167.8825883817296 48.810584604172618 3301.3369354263868 106.77695137256524 68.395470681716688 308.36070754741195 61.494097834336571 44.156683788634837
leaf_count=3902743 754527 313583 310 99874 37 23 81 25920 3631 126834 118089 39 296 80 269 85 34 124967 3342 319 28 1778396 200037 59885 3152742 40124 15930 100500 22440 328
internal_value=-0.000301537 -0.0137591 -0.0696001 -0.0993879 -0.166623 -1.58288 -10.0126 -0.00489114 0.0461956 -0.0102452 0.00142006 0.0583917 0.106968 0.304232 0.924409 3.48146 4.38859 -0.0165592 0.068602 0.219857 5.629 -0.000120137 0.00742174 -0.014031 -0.000396653 -0.00739875 0.0242507 -0.00986097 0.0536568 0.0852953
internal_weight=46477.9 618.164 84.7154 67.8193 24.7487 0.184442 0.0302645 533.449 50.6041 482.845 324.608 77.8671 51.3889 4.86161 0.582212 0.111651 0.0890875 246.741 42.8642 4.2794 0.0523557 45859.7 1621.94 454.055 44237.8 3890.52 280.823 3609.7 174.046 112.552
internal_count=10845493 1572368 413908 413598 100015 141 118 1158460 32893 1125567 998733 119239 1150 854 455 186 101 879494 29262 399 62 9273125 2038318 1838281 7234807 3332064 78822 3253242 38698 16258
is_linear=0
shrinkage=0.1


Tree=93
num_leaves=31
num_cat=0
split_feature=8 3 7 0 2 7 5 0 7 7 2 8 3 7 2 2 0 5 8 7 7 2 0 2 7 7 2 2 2 2
split_gain=11.0596 19.4118 28.1204 19.8158 16.8926 35.021 33.908 60.578 40.7218 15.2491 14.5821 14.1558 34.271 31.3241 1772.78 120.509 381.592 1870.53 15.2682 15.242 14.7659 28.7325 13.8725 117.671 74.7768 102.058 73.2632 309.135 86.7196 159.465
threshold=104.50000000000001 1.0000000180025095e-35 11.493361492365652 0.77500000000000013 0.12701612903225809 14.018128325212766 1.0000000180025095e-35 0.31666666666666671 14.591829551631539 10.670935705465313 0.39565217391304358 97.500000000000014 1.0000000180025095e-35 14.018128325212766 0.39565217391304358 0.070197044334975381 0.38750000000000007 1.0000000180025095e-35 101.50000000000001 22.446405179273473 17.973021508147554 0.11583184257602865 0.13809523809523813 0.17519181585677754 15.395487184129708 14.591829551631539 0.13188405797101452 0.12060606060606062 0.098780487804878067 0.10435571687840291
decision_type=2 2 2 2 2 2 2 2 2 2 2 2 2 2 2 2 2 2 2 2 2 2 2 2 2 2 2 2 2 2
left_child=11 9 10 4 5 -4 7 -7 -9 -2 -3 -1 19 14 15 16 17 -14 22 -13 21 -20 23 24 25 -15 27 28 -27 -30
right_child=1 2 3 -5 -6 6 -8 8 -10 -11 -12 12 13 18 -16 -17 -18 -19 20 -21 -22 -23 -24 -25 -26 26 -28 -29 29 -31
leaf_value=-0.00024222960112498004 -0.059700377350637102 -0.20793296643630688 -0.074441173410758302 0.046139246802046258 -0.03941023824009824 0.079106311813205862 -0.072663977587517456 -1.7672004193094513 -0.53862517517015196 -0.001354218539235326 -1.0500228577694259 0.012597680207221322 -0.10000441759679667 -0.10001576986508882 -44.817628766718542 -0.029864905379071834 -0.10050057893102893 -118.67718788476239 -0.33727645238221038 -0.049274473859794408 0.03448275796765668 0.21977619329764925 0.073277435587230128 0.19601045046984628 -0.10003387365662481 -0.1000086212693943 5.4542630555356908 50.725565240523323 32.651799736190348 -0.10001091646238458
leaf_weight=45230.785836496485 48.0487641559248 7.7152357675124241 9.9958444786121401 23.584109591556626 80.10157119650367 0.55830060846255869 1.226018796707649 0.58704154688126642 0.49921320130624736 661.26936997670168 0.21126910019665945 267.38000034281367 0.0062970851541032172 0.023728689234291944 0.0089051444083451115 2.3226035736651718 0.025514255539746955 0.0016866648852595853 1.0263310670401171 46.781509221040324 48.634425676283684 9.4657948694530187 11.545200942900591 12.349688514298093 0.039121798074120306 0.0063445954365306534 0.036007912749482784 0.0019675128169183162 0.0030532664823113009 0.0028972461077501066
leaf_count=8400640 543777 65274 92221 469 326014 8257 1667 20 35 941974 6 398979 234 237 4 18588 9 58 1744 29917 6060 4670 354 3826 229 82 63 9 42 34
internal_value=-0.000285216 -0.0116984 -0.0481215 -0.0357265 -0.0564942 -0.162853 -0.470718 -0.767468 -1.20258 -0.00530655 -0.230378 -7.66645e-05 0.0186608 0.074793 -0.284073 -0.115753 -6.07089 -25.1509 0.085002 0.00338435 0.057694 0.165286 0.152256 0.225419 3.436 5.30542 7.85689 13.9227 8.03331 16.7053
internal_weight=46464.2 833.797 124.479 116.552 92.968 12.8664 2.87057 1.64456 1.08625 709.318 7.9265 45630.4 399.661 85.4996 2.36501 2.3561 0.033498 0.00798375 83.1346 314.162 59.1266 10.4921 24.008 12.4628 0.113121 0.0739992 0.0502705 0.0142626 0.0122951 0.00595051
internal_count=10845493 1979714 493963 428683 428214 102200 9979 8312 55 1485751 65280 8865779 465139 36243 18893 18889 301 292 17350 428896 12474 6414 4876 4522 696 467 230 167 158 76
is_linear=0
shrinkage=0.1


Tree=94
num_leaves=31
num_cat=0
split_feature=7 4 3 7 8 2 8 7 7 2 0 0 8 3 0 2 7 7 8 8 2 2 7 2 7 8 8 5 0 2
split_gain=14.7921 72.3583 114.722 601.8 2303.1 22473.1 252096 50.9515 64.3347 43.0448 32.1638 24.4632 23.0367 19.7417 50.695 309.385 1149.55 446.718 1492.55 38.1651 33.332 73.3948 93.2633 32.4417 341.684 2112.5 3549.42 2609.41 177.784 189.952
threshold=21.227292266390183 1.0000000180025095e-35 1.0000000180025095e-35 14.591829551631539 97.500000000000014 0.13840996168582378 101.50000000000001 15.395487184129708 19.843558218775907 0.51086956521739146 0.47727272727272735 0.19090909090909094 10.500000000000002 1.0000000180025095e-35 0.22649572649572652 0.39565217391304358 13.28040187411205 12.282293006052997 53.500000000000007 105.50000000000001 0.067816091954023008 0.065591397849462371 14.264366567761664 0.13423423423423428 14.591829551631539 97.500000000000014 101.50000000000001 1.0000000180025095e-35 0.16025641025641027 0.12060606060606062
decision_type=2 2 2 2 2 2 2 2 2 2 2 2 2 2 2 2 2 2 2 2 2 2 2 2 2 2 2 2 2 2
left_child=1 7 11 -4 -5 6 -6 13 12 10 -10 -3 -9 -1 15 23 17 -17 -19 20 21 -16 -23 24 -15 28 27 -27 -26 -30
right_child=-2 2 3 4 5 -7 -8 8 9 -11 -12 -13 -14 14 19 16 -18 18 -20 -21 -22 22 -24 -25 25 26 -28 -29 29 -31
leaf_value=0.0019088465999726294 0.00028808244283081406 -0.16243389435611705 -0.18632517450831668 -0.16047536617061753 -1633.069271495785 -0.10996031375340652 -0.10000764792676427 0.052070513668468224 -0.10003960052972434 0.03036998031771786 -0.016522175498332747 0.12299267302691999 -0.075711514537812857 0.013039450641456039 0.27139493792462377 -6.0138434990271392 0.12990267968674771 -0.10018045195633302 -35.359593110499787 -0.047204938658440908 0.085319789642412769 5.2308269387963042 0.067695340385053829 -0.041463088762357179 0.46145317172533917 -28.43872182333201 -0.10001648447612861 -3.1250910643154968 37.855384205223714 -0.10004509489019131
leaf_weight=4156.5180496200437 40934.124566768063 13.426784125250384 2.3911449663180946 0.30820591711744749 0.0010410483739204954 0.083964007149916142 0.01028835299439379 15.004864644745252 49.721864203131304 197.83619164332049 635.11498337726323 3.8677933600301904 236.16244329859964 9.5085942334615812 0.57123207865515624 0.065891733975155298 0.36691592783608939 0.022777463964303031 0.025385568797013529 31.602906302744572 44.151957076553188 0.07499085033022368 0.0655799561754975 132.08794199882772 1.2422988547919211 0.10590603961036782 0.25375327892834321 0.066163002196212073 0.0026346715767432407 0.0026395195818622597
leaf_count=4834723 3770205 966 90917 576 41 3 209 7937 206523 3225 469221 29 349732 244632 353 20 20 26 23 2229 2260 40 5 852344 6328 121 2719 17 41 8
internal_value=-0.00036776 -0.00522185 -0.194662 -0.789136 -4.36141 -17.9484 -150.152 -0.00453123 -0.0234233 -0.0107167 -0.0225859 -0.0986005 -0.0680778 0.000362959 -0.028815 -0.0638085 -2.5958 -11.3644 -18.6846 0.0369698 0.0962641 0.775121 2.82209 -0.0553084 -0.218857 -1.53654 -7.61815 -18.7053 0.539235 18.8602
internal_weight=46464.8 5530.67 20.0892 2.79464 0.403499 0.0952934 0.0113294 5510.58 1133.84 882.673 684.837 17.2946 251.167 4376.74 220.218 143.751 0.480971 0.114055 0.048163 76.4667 44.8638 0.711803 0.140571 143.27 11.182 1.6734 0.425822 0.172069 1.24757 0.00527419
internal_count=10845493 7075288 92741 91746 829 253 250 6982547 1036638 678969 675744 995 357669 5945909 1111186 1106299 89 69 49 4887 2658 398 45 1106210 253866 9234 2857 138 6377 49
is_linear=0
shrinkage=0.1


Tree=95
num_leaves=31
num_cat=0
split_feature=0 1 8 2 2 4 0 0 0 7 8 1 8 2 2 2 1 0 7 7 2 7 7 2 2 0 2 2 3 0
split_gain=12.2502 73.5348 74.9624 45.7996 30.5758 30.0416 29.759 47.8854 27.0941 57.1617 54.1318 37.3088 35.0789 31.3299 42.4851 50.0759 34.5363 76.6586 38.7425 95.9767 47.7376 41.8379 32.6227 31.0865 97.5318 48.7551 48.1531 90.9171 69.1184 41.5028
threshold=0.47727272727272735 1.5000000000000002 14.500000000000002 0.97500000000000009 0.71825396825396837 1.0000000180025095e-35 0.29285714285714287 0.27922077922077926 0.61250000000000016 21.149041359499829 70.500000000000014 1.5000000000000002 1.5000000000000002 0.75595238095238104 0.47722567287784684 0.27888888888888896 2.5000000000000004 0.58571428571428574 33.880132877999962 29.171343542864893 0.10762548262548265 27.231415411263665 28.402204142033217 0.64852941176470602 0.5590277777777779 0.77500000000000013 0.67543859649122817 0.71130952380952395 1.0000000180025095e-35 0.81666666666666676
decision_type=2 2 2 2 2 2 2 2 2 2 2 2 2 2 2 2 2 2 2 2 2 2 2 2 2 2 2 2 2 2
left_child=1 -1 6 5 -4 8 7 -3 9 -2 11 -11 -13 14 15 16 18 -18 19 20 21 -14 -22 24 -10 -26 28 29 -25 -28
right_child=3 2 4 -5 -6 -7 -8 -9 23 10 -12 12 13 -15 -16 -17 17 -19 -20 -21 22 -23 -24 26 25 -27 27 -29 -30 -31
leaf_value=-0.00076945737656604872 -0.015088888406563389 -0.12464087832874199 -0.068804684157129467 0.052232942720616737 0.01689330122477848 0.058810061513731096 -0.010999698042986804 0.13648369779666819 -0.0012949505935833979 0.090283417532103893 -0.053098026376738751 -0.041674313864123617 0.0023137935767253075 0.037091969710682543 -0.001197563453162817 0.039610342149166346 -0.077481899222897721 0.010255229635886891 0.066158681512732895 -0.068813315343458012 0.083079207243886372 0.12560051077374543 -0.067530114751607848 -0.027977388386099828 0.0038966973827488094 0.037864203265973791 0.0055862746043607199 -0.0072172676862708243 0.044046890157246076 0.063166017652949338
leaf_weight=12549.231435038109 1018.8609856034227 9.0451927277302371 394.67118825025386 171.76951491978252 46.542507980018854 88.000632058552583 511.13620897828599 31.408827640436357 19168.472438353718 61.178940467172652 128.43310383502921 120.05168582007173 454.43501835214556 485.77803627308458 1808.9765931200236 793.04605526407249 133.81925777128345 389.27022544745705 151.60587469354505 126.6313331220008 165.30822135403287 29.300380902423058 15.752361499704419 1540.1426457301714 732.57604637928307 998.54273740644567 223.00297116301954 3667.2527861780254 145.8588279702235 285.37169192172587
leaf_count=5860999 746345 4143 953572 34385 338 5917 50947 6224 2733870 1589 50575 1627 125613 3519 13742 7241 48609 56650 5195 6361 6461 1002 349 11372 5665 18410 1537 65438 13469 4329
internal_value=-0.000310609 -0.00284211 -0.0290409 0.000731281 -0.0597646 0.00046101 -0.00446518 0.0780983 0.000303713 0.00644858 0.0109604 0.0126979 0.0116823 0.0130889 0.0102227 0.0193673 0.00841753 -0.0121901 0.0198483 0.0109771 0.0261757 0.0097814 0.0699761 -0.001047 0.000757978 0.0234898 -0.00748265 -0.00172333 -0.0217464 0.0379082
internal_weight=46445.5 13542 992.804 32903.4 441.214 32731.7 551.59 40.454 32643.7 5882.45 4863.59 4735.15 4673.98 4553.92 4068.15 2259.17 1466.12 523.089 943.033 791.427 664.796 483.735 181.061 26761.2 20899.6 1731.12 5861.63 4175.63 1686 508.375
internal_count=10845493 6876223 1015224 3969270 953910 3934885 61314 10367 3928968 1074878 328533 277958 276369 274742 271223 257481 250240 105259 144981 139786 133425 126615 6810 2854090 2757945 24075 96145 71304 24841 5866
is_linear=0
shrinkage=0.1


Tree=96
num_leaves=31
num_cat=0
split_feature=2 0 8 7 7 0 3 8 2 8 2 8 2 8 3 2 8 8 8 8 8 2 3 8 3 8 5 8 8 8
split_gain=10.9093 77.4287 36.0843 36.2677 164.011 438.376 5234.35 10770.1 61464.8 95636.2 247734 235288 73.5902 138.238 380.074 221.994 587.134 1048.3 5510.58 476.639 1948.54 163.559 115.427 69.6926 1004.43 5695.71 89.1691 151.637 2512.51 51.3847
threshold=0.18019480519480521 0.31666666666666671 6.5000000000000009 14.591829551631539 15.395487184129708 0.16025641025641027 1.0000000180025095e-35 15.500000000000002 0.12060606060606062 104.50000000000001 0.11583184257602865 85.500000000000014 0.13840996168582378 9.5000000000000018 1.0000000180025095e-35 0.12060606060606062 34.500000000000007 101.50000000000001 92.500000000000014 54.500000000000007 44.500000000000007 0.13188405797101452 1.0000000180025095e-35 50.500000000000007 1.0000000180025095e-35 56.500000000000007 1.0000000180025095e-35 100.50000000000001 102.50000000000001 53.500000000000007
decision_type=2 2 2 2 2 2 2 2 2 2 2 2 2 2 2 2 2 2 2 2 2 2 2 2 2 2 2 2 2 2
left_child=1 2 -1 -4 5 12 -7 -8 9 10 11 -9 13 14 -5 23 -17 18 19 20 21 -18 -14 -15 25 -25 -26 -28 -29 -24
right_child=-2 -3 3 4 -6 6 7 8 -10 -11 -12 -13 22 15 -16 16 17 -19 -20 -21 -22 -23 29 24 26 -27 27 28 -30 -31
leaf_value=0.037786781264587573 0.00065686990975579894 -0.0017201903470964255 -0.042061998082090851 -6.3245136081572788 -0.055658919492673001 -0.2414079629025784 -0.94842678252051449 -2380.606216451622 -0.10107974543479521 -0.10005052038199572 -0.10019237647541449 -349.06585347131607 1.3017437476511791 -0.36034199419911023 0.4002535044691885 -0.38826048358428566 -22.557145299855186 -0.10003180422243894 -117.85855879630601 -0.1000532708029228 -90.056001153683397 -0.10002250305895997 0.60504156132682763 224.26292514023172 0.49988773999223679 -0.10000826843353049 -0.10049144029901652 -136.72400271363756 -0.10000557970943619 -0.22080837879398785
leaf_weight=32.336381750172848 33711.192930911413 12430.671243997605 121.39072883729089 0.14502267500670818 61.286724680884042 1.8990602734302222 0.11829007841955475 0.0011342125565598771 0.045676495989027899 0.0067813190853485139 0.0032529323070775717 0.0011462440535527918 0.61291531165377211 3.8360394889851666 0.19988586880936055 0.3537254707369617 0.0044529283550218393 0.065961702846834669 0.0050951594783431855 0.028105779747420456 0.0033349643544142707 0.011937124065298121 0.85098678214490053 0.0013371192617336325 0.99121460868145461 0.0073570171553001273 0.040365514851146145 0.0014638716681116817 0.016720577921660151 6.5706312610014681
leaf_count=21851 2107073 5561902 2802779 105 336074 329 18 34 52 25 3 11 12 4458 827 459 40 352 17 73 36 61 3342 99 3032 132 62 48 309 1878
internal_value=-0.000283119 -0.00278584 -0.0601716 -0.0761294 -0.129761 -0.416799 -1.77151 -18.2551 -53.5573 -251.832 -560.335 -1359.48 -0.212276 -0.486685 -2.42729 -0.361976 -2.43165 -8.51132 -18.9943 -8.46285 -20.3788 -6.20128 -0.0171895 -0.162128 0.556235 34.406 0.275891 -3.51623 -11.0984 -0.126114
internal_weight=46372.7 12661.5 230.836 198.499 77.1086 15.8219 2.07534 0.176281 0.0579912 0.0123147 0.00553339 0.00228046 13.7466 5.71202 0.344909 5.36711 0.472613 0.118888 0.052926 0.0478308 0.019725 0.0163901 8.03453 4.8945 1.05846 0.00869414 1.04976 0.05855 0.0181844 7.42162
internal_count=10845493 8738420 3176518 3154667 351888 15814 472 143 125 73 48 45 15342 10110 932 9178 1038 579 227 210 137 101 5232 8140 3682 231 3451 419 357 5220
is_linear=0
shrinkage=0.1


Tree=97
num_leaves=31
num_cat=0
split_feature=7 2 1 0 0 1 8 0 2 7 8 3 0 8 8 6 0 0 8 8 7 7 8 2 2 8 0 2 2 7
split_gain=9.73743 19.774 9.21018 18.4412 11.2926 9.71935 9.56901 23.059 103.217 2195.95 3265.74 5715.69 93682.7 212550 658.091 55.8436 60.9598 56.1663 53.8852 50.378 60.3354 74.2793 73.8731 49.7066 41.8449 40.2602 245.384 36.2919 44.8319 51.2473
threshold=9.3291212417631808 0.62828947368421062 6.5000000000000009 0.86607142857142871 0.77500000000000013 7.5000000000000009 3.5000000000000004 0.19090909090909094 0.045983086680761107 14.591829551631539 50.500000000000007 1.0000000180025095e-35 0.087121212121212141 58.500000000000007 72.500000000000014 1.0000000180025095e-35 0.16025641025641027 1.0000000180025095e-35 6.5000000000000009 4.5000000000000009 53.677130494496517 61.693175783431279 5.5000000000000009 0.37797619047619052 0.14459930313588851 4.5000000000000009 0.095454545454545472 0.10172413793103451 0.11882352941176472 29.171343542864893
decision_type=2 2 2 2 2 2 2 2 2 2 2 2 2 2 2 2 2 2 2 2 2 2 2 2 2 2 2 2 2 2
left_child=1 -1 6 4 -4 -5 -2 8 9 25 -11 12 13 -12 -15 17 18 19 -17 23 -21 -22 -23 24 27 26 -8 -10 29 -29
right_child=2 -3 3 5 -6 -7 7 -9 15 10 11 -13 -14 14 -16 16 -18 -19 -20 20 21 22 -24 -25 -26 -27 -28 28 -30 -31
leaf_value=-0.080954326689516395 0.0020171545904653795 0.05677691336862796 -0.07928833001646074 -0.098529416501065115 0.18162165312582629 0.014488060782075485 -28.647368060934483 0.00016087754570672257 -1.2639703234617887 -0.10004474623860311 -1269.0187708771803 -0.10071214313343145 -0.10000561197765462 -0.10000759244286445 -88.261320974096463 -0.005698458401620545 0.20629415115287869 -0.093651969860871542 -0.08788486780374985 -0.0065827654426168988 0.049064897906826804 0.042431886733055306 -0.015942006803634865 -0.025272663372759831 0.045296259343872471 -0.086437113173749858 -0.10001702638036661 1.3462812977639986 0.63669985685150032 6.1996306214248165
leaf_weight=38.113928636157652 14295.44429088469 14.347908865660427 2.4317228012077967 30.666261795791797 5.2195241348817945 10.120580704417078 0.0035025866587002899 26220.667172183472 0.085921206739839273 0.17905775789977052 0.0019701812852872388 0.062550065933464918 0.053800034645973938 0.003339538729051128 0.0011342843718011864 138.7882638624356 9.3304427623925204 68.530248864542045 187.61871686631497 2518.6512298141233 525.3323687153752 317.88305963622406 681.73686920927139 1184.9604871429037 86.953383454296272 14.077716605176796 0.021455070131196408 0.06913654272648273 0.80105809196538758 0.031746761640533805
leaf_count=859716 269488 77 57 361 74 133 5 6923541 164 1636 103 146 1128 44 33 27183 19426 84432 718899 1472278 11373 2414 15237 7487 6090 423551 144 85 172 16
internal_value=-0.000227819 -0.0432859 -0.00017903 -0.0437616 0.0986991 -0.070486 -0.000133387 -0.00109543 -0.00683916 -0.274189 -8.71367 -21.274 -43.2578 -403.576 -22.4523 -0.00616599 -0.0457349 -0.00369901 -0.0529392 -0.00253951 0.0029221 0.0186206 0.00262112 -0.0198893 0.0526487 -0.0935513 -4.10639 0.699821 0.886897 2.87357
internal_weight=46352.2 52.4618 46299.7 48.4381 7.65125 40.7868 46251.3 31955.8 5735.18 14.4045 0.301852 0.122794 0.060244 0.006444 0.00447382 5720.77 335.737 5385.04 326.407 5316.51 4043.6 1524.95 999.62 1272.9 87.9412 14.1027 0.0249577 0.987863 0.901941 0.100883
internal_count=10845493 859793 9985700 625 131 494 9985075 9715587 2792046 426790 3090 1454 1308 180 77 2365256 765508 1599748 746082 1515316 1501302 29024 17651 14014 6527 423700 149 437 273 101
is_linear=0
shrinkage=0.1


Tree=98
num_leaves=31
num_cat=0
split_feature=5 6 0 0 0 1 4 0 8 0 2 0 1 2 7 2 2 3 8 2 8 2 2 7 8 2 7 8 1 7
split_gain=8.92725 50.9764 142.742 71.8009 39.6547 36.1343 30.062 27.7111 55.4182 26.2969 227.083 219.432 74.0771 47.3929 36.8356 63.8264 44.2007 35.0143 30.0857 33.8167 58.3493 40.1044 29.9381 45.58 37.5905 29.5183 29.3571 71.1215 67.943 35.0796
threshold=1.0000000180025095e-35 1.0000000180025095e-35 0.61250000000000016 0.86607142857142871 0.11805555555555557 1.5000000000000002 1.0000000180025095e-35 0.29285714285714287 5.5000000000000009 0.86607142857142871 0.51086956521739146 0.61250000000000016 2.5000000000000004 0.37268518518518523 61.693175783431279 0.78759398496240618 0.47722567287784684 1.0000000180025095e-35 4.5000000000000009 0.26491228070175443 8.5000000000000018 0.24568965517241384 1.0000000180025095e-35 27.231415411263665 5.5000000000000009 0.78759398496240618 13.514497070172826 52.500000000000007 1.5000000000000002 14.591829551631539
decision_type=2 2 2 2 2 2 2 2 2 2 2 2 2 2 2 2 2 2 2 2 2 2 2 2 2 2 2 2 2 2
left_child=1 -1 4 -4 -3 -5 9 8 -6 11 17 22 14 -14 15 16 -13 18 -11 21 -21 -20 23 26 -25 -15 -2 29 -29 -28
right_child=6 2 3 5 7 -7 -8 -9 -10 10 -12 12 13 25 -16 -17 -18 -19 19 20 -22 -23 -24 24 -26 -27 27 28 -30 -31
leaf_value=0.00090760432727877397 0.033801207950710642 -0.103434834011207 0.015173053742602367 -0.11943741023804706 0.20972344670512322 -0.0090954684846864323 0.065958412654403512 -0.043237242249495454 -0.026995663641408166 -0.0089103582223422247 0.080567898622143863 -0.058220149024917747 -0.047802954425944108 0.033830290553431334 -0.10868134141943223 -0.10253739739832407 -0.0016684642442135298 0.065604921830171956 0.0086043030386700019 0.061836226337336868 -0.024096607766345077 0.063392022777586682 0.0035899129208095851 0.15180310146837006 0.041106469529359958 -0.044515058899605033 0.20419685960694212 -0.20237351463444866 0.021187289402907903 0.0067657627568535926
leaf_weight=27076.567513920843 299.24202604206209 105.6967695209305 1570.1949205656774 29.890142507348173 13.136816315928682 4187.2798744962492 73.285273839044748 741.04439595504402 40.011557610189641 2123.0620388744273 387.44049622665625 300.25400582581551 179.81542431956041 230.52149317786098 118.30762003175914 167.8906025569886 256.09028889425099 83.597989538601723 2482.9064542122223 90.629911390133202 616.63271573185921 141.20405418169685 4581.2940314165362 45.304551529698074 95.010324876337108 60.76857441640459 9.4867656109799992 33.423884558051213 22.913641328529934 175.2566955502441
leaf_count=6105028 604387 460483 93092 24043 2472 566787 14031 754529 611667 37169 59674 78841 8168 4636 674 833 4029 9982 751396 1767 4806 1187 554390 437 8395 800 3306 613 37338 40533
internal_value=-0.000176368 -0.00102341 -0.00884206 -0.00308096 -0.0458928 -0.00987754 0.00209806 -0.0382347 0.0315148 0.00172369 0.00655522 -0.00263016 -0.039191 -0.00743404 -0.0569479 -0.0484969 -0.0321889 0.0013773 0.00039291 0.00632182 -0.013085 0.0115524 0.00649731 0.0260666 0.0768479 0.017486 0.0128794 -0.0130899 -0.111447 0.0169041
internal_weight=46338.2 33763.8 6687.25 5787.36 899.89 4217.17 12574.3 794.193 53.1484 12501.1 5925.47 6575.58 1313.65 471.105 842.543 724.235 556.344 5538.03 5454.44 3331.37 707.263 2624.11 5261.93 680.638 140.315 291.29 540.323 241.081 56.3375 184.743
internal_count=10845493 8618101 2513073 683922 1829151 590830 2227392 1368668 614139 2213361 865981 1347380 97981 13604 84377 83703 82870 806307 796325 759156 6573 752583 1249399 695009 8832 5436 686177 81790 37951 43839
is_linear=0
shrinkage=0.1


Tree=99
num_leaves=31
num_cat=0
split_feature=1 0 3 2 7 7 7 7 0 0 2 8 2 2 7 2 7 2 2 4 7 2 6 2 7 2 2 7 2 7
split_gain=9.69436 117.857 67.5184 61.4376 49.646 27.4087 65.312 36.6496 27.715 32.7749 33.7197 28.0262 29.1037 27.9061 27.3759 70.8812 58.3572 54.6235 65.3003 50.3794 38.8529 34.2536 33.0168 29.023 57.2042 47.4033 34.0702 102.095 38.1566 42.388
threshold=2.5000000000000004 0.5634920634920636 1.0000000180025095e-35 0.78019323671497598 22.676151085013185 29.171343542864893 26.702981270565981 22.225937849848098 0.73214285714285732 0.86607142857142871 0.88562091503267981 1.5000000000000002 0.71825396825396837 0.78019323671497598 61.693175783431279 0.61721611721611735 57.514272627718064 0.5590277777777779 0.54772727272727284 1.0000000180025095e-35 66.469348401860472 0.74456521739130443 1.0000000180025095e-35 0.62828947368421062 95.218118876066157 0.64852941176470602 0.71825396825396837 95.218118876066157 0.81534090909090928 95.218118876066157
decision_type=2 2 2 2 2 2 2 2 2 2 2 2 2 2 2 2 2 2 2 2 2 2 2 2 2 2 2 2 2 2
left_child=14 3 5 -2 -4 6 7 -3 11 10 -10 -7 -13 -11 16 17 19 18 22 -1 21 -17 -16 24 -22 -25 27 -27 29 -28
right_child=1 2 4 -5 -6 8 -8 -9 9 13 -12 12 -14 -15 15 20 -18 -19 -20 -21 23 -23 -24 25 -26 26 28 -29 -30 -31
leaf_value=0.0016399002838668444 -0.066505145871013777 -0.039768404075770314 -0.23620411784168202 0.058722300216598716 0.035316729384217427 -0.082750505274672259 -0.075734948622829104 0.047881855939897078 -0.011437247677102051 -0.00079927494379505566 -0.14014194019391263 0.0090030462394890803 0.057477126042356413 0.03722239412280786 -0.012003001934593333 0.014991819414433694 0.032192492555512368 -0.059957266236885326 0.056699880644447968 -0.046404265899040016 0.10779912742099013 -0.049252751833886249 -0.062853710649673197 -0.05721856507481831 -0.08110449714728335 0.050183869127879845 -0.039093761011033977 -0.031050627739120776 0.0085917803250163561 0.0059737270056879786
leaf_weight=27450.59970638587 387.89807159529664 84.356676857976709 6.8122040275520694 43.578779549803585 587.20074195211055 30.652003968600184 165.25808217572194 109.79614483259502 2850.0931238962221 7327.4198924435623 20.502534687519073 1214.0967955713204 137.93057079659775 198.25799624901265 500.93916287002503 120.19232302100863 623.56803200953436 363.14105742191896 114.60681839619065 220.00816063872844 65.093214949942194 268.13660330406856 171.36478598078975 127.50838669238146 21.268221653648652 483.75645920319948 444.17257577518467 227.45595017634332 1542.4386843309039 393.66063559183385
leaf_count=9824317 143101 81831 79 1720 53640 189 55585 47570 71004 247317 321 63708 928 6813 15744 2007 13974 7422 2492 122983 1286 3038 16749 2038 825 9925 4808 6174 30291 7614
internal_value=-0.00016155 -0.00245734 -0.000715489 -0.0538573 0.0322029 -0.00232641 -0.0295297 0.00979905 -0.00149636 -0.00326535 -0.0123565 0.0118046 0.0139483 0.000202376 0.000750439 -0.00619628 0.00193966 -0.0278756 -0.0130707 0.0012579 0.000553727 -0.0293683 -0.0249644 0.00406911 0.0612779 0.00253428 0.00499878 0.0242039 -0.000739605 -0.0179185
internal_weight=46301.8 13163.9 12732.4 431.477 594.013 12138.4 359.411 194.153 11779 10396.3 2870.6 1382.68 1352.03 7525.68 33137.9 4843.73 28294.2 1150.05 786.911 27670.6 3693.68 388.329 672.304 3305.35 86.3614 3218.99 3091.48 711.212 2380.27 837.833
internal_count=10845493 773806 628985 144821 53719 575266 184986 129401 390280 325455 71325 64825 64636 254130 10071687 110413 9961274 42407 34985 9947300 68006 5045 32493 62961 2111 60850 58812 16099 42713 12422
is_linear=0
shrinkage=0.1


Tree=100
num_leaves=31
num_cat=0
split_feature=1 2 0 7 2 2 2 3 2 5 2 8 0 7 1 1 4 0 7 5 2 7 8 7 2 2 2 2 7 2
split_gain=8.67794 23.5309 26.1947 21.2908 41.7407 29.9919 23.8249 20.8344 17.3102 16.8748 14.575 18.3376 19.146 14.4234 18.0375 11.505 10.5048 54.7052 35.0264 37.1036 27.6944 43.3104 27.3753 23.6047 45.3127 24.9332 24.8022 21.5016 20.9597 28.0156
threshold=3.5000000000000004 0.78019323671497598 0.5634920634920636 72.34418059892694 0.22902097902097904 0.05634920634920635 0.11583184257602865 1.0000000180025095e-35 0.74456521739130443 1.0000000180025095e-35 0.64495798319327746 2.5000000000000004 0.86607142857142871 136.28990979692213 4.5000000000000009 4.5000000000000009 1.0000000180025095e-35 0.64583333333333337 28.402204142033217 1.0000000180025095e-35 0.73508771929824568 72.34418059892694 6.5000000000000009 57.514272627718064 0.71130952380952395 0.41277890466531447 0.64852941176470602 0.61721611721611735 72.34418059892694 0.82480818414322254
decision_type=2 2 2 2 2 2 2 2 2 2 2 2 2 2 2 2 2 2 2 2 2 2 2 2 2 2 2 2 2 2
left_child=16 2 8 4 -4 13 -7 10 -2 -6 11 12 -8 14 -5 -15 -1 18 -18 20 21 22 23 -20 25 -25 -27 -24 -22 -30
right_child=1 -3 3 5 9 6 7 -9 -10 -11 -12 -13 -14 15 -16 -17 17 -19 19 -21 28 -23 27 24 -26 26 -28 -29 29 -31
leaf_value=0.00045127186136088832 -0.086255887493906669 0.043021660302706412 -0.046926375851966455 0.013942772931254064 -0.0030076507627700899 -0.067876409413448496 -0.057385595823297934 0.039410030408721548 -0.73920785313295689 0.080405945445651758 -0.024758240733278498 0.0049810842527813395 -0.0079499870830011428 0.10967493295925819 -0.036076544596524297 0.030725397942141536 -0.11587174569660851 0.095064783445956411 -0.075294525506212517 0.066365866353685132 -0.095779679274366522 0.056474598732926456 0.073919389909030103 0.32435333400709299 -0.11284216738984432 -0.023957306800066296 0.11327666719175387 -0.023772031200902252 -0.089359386884733744 -0.0037487893142999656
leaf_weight=42042.011273063741 33.200649742404494 99.175000127812382 326.75278560095103 587.49584188565495 293.66920269594993 65.599403879677993 106.49729439988732 93.598646767321043 0.41103966534137626 26.436226196703501 437.35006942693144 830.48973569832742 296.33935657888651 21.319154345314018 82.179007464364986 137.54058140935376 34.945229369688604 45.324085377797019 106.223088603816 53.930114455666626 63.184152759145945 92.370236330782063 43.178071226269822 3.0219101087423033 26.582073400961235 33.881455447757617 21.54307074774988 47.112789914710447 54.227201485307887 129.53120747953653
leaf_count=10550812 14281 6035 82064 18052 2261 5144 779 11048 4 487 2906 6721 1753 220 6277 2356 116428 5525 2077 1978 520 966 3692 48 165 252 155 847 455 1185
internal_value=-0.000146991 -0.00498062 -0.00640643 -0.00551323 -0.0217837 -0.00155422 -0.00870142 -0.00650117 -0.0942409 0.00388114 -0.00907332 -0.00351129 -0.0210192 0.0142309 0.00780466 0.0413205 0.000241313 -0.0114493 -0.0182514 -0.013196 -0.020107 -0.00294322 -0.0224374 -0.0438627 -0.00459603 0.0446355 0.0293844 0.0229451 -0.046096 -0.0290125
internal_weight=46235.1 3438.05 3338.88 3305.27 646.858 2658.41 1829.87 1764.28 33.6117 320.105 1670.68 1233.33 402.837 828.535 669.675 158.86 42797.1 755.055 709.731 674.785 620.855 373.913 281.542 191.252 85.0285 58.4464 55.4245 90.2909 246.943 183.758
internal_count=10845493 160388 154353 140068 84812 55256 28351 23207 14285 2748 12159 9253 2532 26905 24329 2576 10685105 134293 128768 12340 10362 8202 7236 2697 620 455 407 4539 2160 1640
is_linear=0
shrinkage=0.1


Tree=101
num_leaves=31
num_cat=0
split_feature=7 2 8 5 0 7 1 0 0 5 2 2 7 2 0 6 5 0 0 7 0 8 8 2 2 2 0 8 2 7
split_gain=8.43709 17.2096 8.31634 25.4572 68.0261 662.486 8.07068 10.2085 27.435 18.211 13.5818 11.5068 17.6427 11.7761 10.5576 10.0988 43.0981 113.617 62.0939 46.8732 40.6043 32.5236 33.0899 38.5411 38.0185 61.5885 28.2035 101.427 63.9556 65.0936
threshold=9.3291212417631808 0.62828947368421062 148.50000000000003 1.0000000180025095e-35 0.31666666666666671 8.918382207506923 4.5000000000000009 0.81666666666666676 0.69047619047619058 1.0000000180025095e-35 0.21132376395534294 0.053342816500711245 136.28990979692213 0.82085561497326209 0.73214285714285732 1.0000000180025095e-35 1.0000000180025095e-35 0.64583333333333337 0.86607142857142871 95.218118876066157 0.11805555555555557 4.5000000000000009 6.5000000000000009 0.72474747474747481 0.51086956521739146 0.27888888888888896 0.29285714285714287 6.5000000000000009 0.37268518518518523 80.898622908551602
decision_type=2 2 2 2 2 2 2 2 2 2 2 2 2 2 2 2 2 2 2 2 2 2 2 2 2 2 2 2 2 2
left_child=1 2 -1 -4 5 -5 15 8 -8 10 -10 12 -9 -13 -11 -2 17 20 -19 21 -17 -20 24 -24 25 -23 27 28 -18 -30
right_child=6 -3 3 4 -6 -7 7 11 9 14 -12 13 -14 -15 -16 16 26 18 19 -21 -22 22 23 -25 -26 -27 -28 -29 29 -31
leaf_value=-0.081868451222796582 0.0013458745517967265 0.05058555543056769 -0.10000830236456811 76.367177250070696 -0.1000478441828368 -0.10018243600282553 -0.07218043304683075 -0.033553762316395029 -0.060594221995271105 0.086551968001519305 0.048334152535243251 -0.025849571727214488 0.026417614405259738 0.10560751044028141 0.24959100700605785 -0.10367766981271087 -0.042692113056808367 0.013884796889661944 0.00075859944813522781 -0.058834848660156716 -0.034366701007944471 -0.019973260783738286 -8.9672184501817461e-05 -0.047987864822554877 -0.00026278573671808023 -0.10316548812981659 0.00063907110009420425 -0.025250577039632238 0.097328831584020947 0.0029061643159633637
leaf_weight=35.058568722906784 26412.01092548325 14.435592196881769 0.08563013402181141 0.0013077506264380654 0.019487071829644265 0.0084780487877651467 25.110102383383492 77.440031964244554 15.880389734666094 16.850894656730819 40.997412620345131 444.99202884992701 133.82750770373968 6.9204951382125719 5.1966044723521909 94.917509804900192 59.591768675548337 1563.3780565821726 2236.4272629779734 184.02401019539684 771.71478813177305 201.46891707832378 991.33074258140118 202.26744706463069 178.17514880886301 159.39162464439869 11710.667729601246 277.05229652111575 246.57584585930454 103.72252592002042
leaf_count=855615 5600546 77 3515 71 263 252 7372 6601 2804 273 404 7128 2131 921 87 459920 12482 91499 31928 6004 1141856 13274 532158 1259 994 809 1504226 553646 5476 1902
internal_value=-0.000134768 -0.0413524 -0.0790847 0.770271 3.31605 10.1187 -9.04702e-05 -0.0102613 0.0188624 0.0478277 0.0179211 -0.0148301 0.00443513 -0.0238365 0.12498 8.14346e-05 -0.00167806 -0.00821729 -0.00310211 -0.00949662 -0.041958 -0.00720907 -0.0174935 -0.00820651 -0.0380578 -0.0567192 0.00179426 0.0214873 0.0530783 0.0693705
internal_weight=46209.5 49.6091 35.1735 0.114903 0.0292729 0.0097858 46159.9 767.215 104.035 78.9253 56.8778 663.18 211.268 451.913 22.0475 45392.7 18980.7 6583.1 5716.46 4153.09 866.632 3969.06 1732.63 1193.6 539.036 360.861 12397.6 686.942 409.89 350.298
internal_count=10845493 859793 859716 4101 586 323 9985700 27721 10940 3568 3208 16781 8732 8049 360 9957979 4357433 2279701 677925 586426 1601776 580422 548494 533417 15077 14083 2077732 573506 19860 7378
is_linear=0
shrinkage=0.1


Tree=102
num_leaves=31
num_cat=0
split_feature=8 7 0 6 7 7 2 8 7 7 0 8 2 7 7 7 7 1 2 2 7 8 7 2 0 7 2 8 2 8
split_gain=369.94 180296 533192 1.58793e+06 3939.76 10.4058 9.91144 8.47813 14.7268 12.3695 10.6544 9.10396 23.4991 18.0318 15.7442 35.7629 79.4801 63.2776 74.7806 35.1871 34.7434 40.687 36.3739 48.8548 38.0497 34.4533 34.3506 34.0075 31.1199 35.7929
threshold=148.50000000000003 8.918382207506923 0.27922077922077926 1.0000000180025095e-35 8.4597330138061864 21.662609751401053 0.21807065217391305 117.50000000000001 23.346165447190938 21.747692626847748 0.31666666666666671 83.500000000000014 0.11583184257602865 24.237031412278139 24.657580295307813 30.29446387692597 33.880132877999962 2.5000000000000004 0.46410256410256417 0.97500000000000009 25.809635712814043 6.5000000000000009 28.402204142033217 0.039230769230769243 0.16025641025641027 26.702981270565981 0.42582417582417587 62.500000000000007 0.16472868217054268 28.500000000000004
decision_type=2 2 2 2 2 2 2 2 2 2 2 2 2 2 2 2 2 2 2 2 2 2 2 2 2 2 2 2 2 2
left_child=7 2 3 -2 -5 6 -3 11 9 10 -9 14 13 -13 19 17 -17 18 20 -1 28 22 -22 -24 -25 -20 -19 -23 29 -16
right_child=1 5 -4 4 -6 -7 -8 8 -10 -11 -12 12 -14 -15 15 16 -18 26 25 -21 21 27 23 24 -26 -27 -28 -29 -30 -31
leaf_value=-0.004575730964811205 -0.1000014045488566 -0.086004388907356344 -0.10003481865738939 -3422.0786305819779 -3149.9712981808707 0.339954760425979 0.11427961337604918 -0.059874770176981708 -0.13309959337839286 0.05079674930719974 -0.0096517254172780453 -0.0055978811071932507 0.01436395447489883 -0.073043789589567254 -0.023123191684203612 -0.023261702990978197 0.00062021222467290374 -0.064522014341660452 0.0093395746015318189 0.086971767518922036 0.0082265725255066969 0.058281380246528861 0.22653091547690574 0.11222120339410808 -0.0010808572003001143 -0.01885229705104852 0.022322797751074007 -0.079234679270419286 0.029042185370242009 0.084577601507200229
leaf_weight=8530.8167001374095 0.0047365736520522663 4.631912816827251 0.020277846107092046 0.0010812457940119202 0.0010476618531356507 1.1390433934357123 5.2958421209568769 47.288514386955228 10.05009460897554 30.528688409292954 395.62978934937615 429.34724971875403 1242.9197405268151 43.671555540719055 326.18967445482099 1461.668848624995 29898.602909006135 169.8058481030348 1038.8170666758087 42.192344033392146 590.04947939171689 591.7440684887099 16.488324229780119 48.754789687460288 75.59933354111854 743.93316501373192 62.239668621215969 18.546908090014767 346.44242338692493 34.0815018885678
leaf_count=5733780 338 20723 440 116 116 787 4200 791109 6963 29048 477156 1970832 248374 60484 48493 188178 911145 74859 6684 3493 20894 133431 435 4722 931 6379 482 7386 62699 30816
internal_value=-0.000279169 -0.577671 -257.99 -1019.69 -3288.17 0.05368 0.0208347 -0.000140507 -0.013313 -0.0107702 -0.0150138 -1.18097e-06 0.0071447 -0.0118248 -0.000279886 0.000650745 -0.000492898 0.00947863 0.0125503 -0.00412518 0.0255864 0.0350414 0.0191257 0.0647867 0.0433408 -0.00242476 -0.0412283 0.0541022 0.00764303 -0.0129347
internal_weight=46206.5 11.0939 0.0271433 0.00686548 0.00212891 11.0668 9.92775 46195.4 483.497 473.447 442.918 45711.9 1715.94 473.019 43996 35423 31360.3 4062.69 3830.65 8573.01 2047.9 1341.18 730.892 140.842 124.354 1782.75 232.046 610.291 706.714 360.271
internal_count=10845493 26720 1010 570 232 25710 24923 10818773 1304276 1297313 1268265 9514497 2279690 2031316 7234807 1497534 1099323 398211 322870 5737273 309807 167799 26982 6088 5653 13063 75341 140817 142008 79309
is_linear=0
shrinkage=0.1


Tree=103
num_leaves=31
num_cat=0
split_feature=1 0 0 1 8 2 2 7 7 7 0 0 2 2 0 7 8 2 8 8 2 2 2 4 8 7 7 8 5 8
split_gain=7.82476 12.6456 8.10253 61.7887 65.7927 34.4585 30.6267 29.5254 103.488 59.6843 54.265 64.1326 53.6338 58.5389 44.5885 67.4661 44.8834 44.1195 40.4267 38.1387 35.9538 69.8227 70.0554 93.7952 73.8335 83.0942 96.7874 62.9708 51.0382 54.6166
threshold=6.5000000000000009 0.86607142857142871 0.47727272727272735 1.5000000000000002 35.500000000000007 0.97500000000000009 0.92582417582417598 31.291400533802324 34.426336379378711 27.231415411263665 0.31666666666666671 0.22649572649572652 0.29520697167755999 0.30217391304347835 0.31666666666666671 22.916587113819816 41.500000000000007 0.64852941176470602 46.500000000000007 45.500000000000007 0.44722222222222224 0.42582417582417587 0.43303571428571436 1.0000000180025095e-35 7.5000000000000009 47.756394436655604 41.678759322984654 25.500000000000004 1.0000000180025095e-35 6.5000000000000009
decision_type=2 2 2 2 2 2 2 2 2 2 2 2 2 2 2 2 2 2 2 2 2 2 2 2 2 2 2 2 2 2
left_child=2 -2 3 7 6 -4 -5 9 -9 14 11 12 -10 -14 -1 -16 -17 -11 19 -18 21 -15 23 24 -23 26 27 -26 -22 -30
right_child=1 -3 5 4 -6 -7 -8 8 10 17 -12 -13 13 20 15 16 18 -19 -20 -21 28 22 -24 -25 25 -27 -28 -29 29 -31
leaf_value=-0.014274619931457067 0.074050286657649553 -0.062493017899591941 0.00054984226568366153 -0.017842545377452911 -0.071988436052248486 0.047532870722432612 0.055413734303784871 -0.07980619131050054 -0.049255046330010974 0.059229843597689839 -0.026184039816939304 0.057235434298469272 0.18861657397730136 -0.003084558097439208 0.0082301214685973883 0.099768303354014917 2.5294514441098199 -0.083524043911354984 0.36878029769111942 0.47302903968105214 -0.0043748676431148003 0.10460637467899508 0.010267745080110042 -0.051978888810507273 0.24917265526893156 0.026284705775729961 1.0379389300731283 1.1930990606016953 0.055168790305106699 -0.061683316406628011
leaf_weight=995.91275419146905 8.1228870592458389 41.108297353493981 32512.820641805629 659.23807894749393 239.49426588606161 156.85706031846348 62.479278969578445 173.56468230176506 221.10591761457181 294.76388238762092 828.12397594907088 195.82092531123271 16.543711958584026 603.9424510141107 2216.5056220333558 59.509152118008394 0.18990378252055684 23.366002606344409 1.4225439875904102 0.17175294690241572 6194.1223138612986 131.83127676270669 198.32726158914738 34.790498733433196 8.2578189099440351 6.1671081720560315 2.4561556508997446 0.77289335773093704 261.4289489001967 47.224690414965153
leaf_count=4225340 131 494 3934295 225260 787385 34350 2579 71362 133542 77271 12832 2202 3590 61148 1179263 828 30 1172 56 16 70155 1257 6444 556 754 1135 316 198 4406 7126
internal_value=-0.000118167 -0.0399641 -7.56579e-05 -0.00213868 -0.0265718 0.000775422 -0.0115007 -0.000262305 -0.00334355 0.00739352 -0.001827 0.000718902 -0.00071337 0.000716559 0.00337512 0.011092 0.114586 0.0487449 0.60879 1.55284 0.000301493 0.0180901 0.0515145 0.0959064 0.130325 0.322375 0.481341 0.329959 -0.00239724 0.0372902
internal_weight=46196.4 49.2312 46147.2 13477.5 961.212 32669.7 721.717 12516.3 8924.48 3591.84 8750.92 7922.79 7726.97 7505.87 3273.71 2277.8 61.2934 318.13 1.7842 0.361657 7489.32 986.545 382.603 184.276 149.485 17.654 11.4869 9.03071 6502.78 308.654
internal_count=10845493 625 10844868 6876223 1015224 3968645 227839 5860999 377023 5483976 305661 292829 290627 157085 5405533 1180193 930 78443 102 46 153495 71808 10660 4216 3660 2403 1268 952 81687 11532
is_linear=0
shrinkage=0.1


Tree=104
num_leaves=31
num_cat=0
split_feature=2 2 2 1 7 2 0 8 8 6 1 8 7 0 1 7 7 7 7 5 8 7 7 0 8 1 0 7 8 7
split_gain=7.35318 37.3949 156.225 32.4344 32.0339 30.5327 39.5577 56.9361 46.1254 50.1615 53.7157 53.4306 44.7932 39.4201 32.5301 32.2276 45.3408 49.5175 30.866 39.7781 27.9144 27.6897 27.6799 45 58.8484 27.1218 26.3897 24.0592 47.5322 23.6079
threshold=0.18019480519480521 1.0000000180025095e-35 0.04819976771196284 3.5000000000000004 11.543720237170554 0.34057971014492755 0.31666666666666671 4.5000000000000009 6.5000000000000009 1.0000000180025095e-35 2.5000000000000004 11.500000000000002 34.426336379378711 0.58571428571428574 2.5000000000000004 37.521046829444565 27.733807560600553 33.880132877999962 30.29446387692597 1.0000000180025095e-35 9.5000000000000018 80.898622908551602 21.57048475271927 0.64583333333333337 65.500000000000014 3.5000000000000004 0.31666666666666671 47.756394436655604 9.5000000000000018 13.040722083473542
decision_type=2 2 2 2 2 2 2 2 2 2 2 2 2 2 2 2 2 2 2 2 2 2 2 2 2 2 2 2 2 2
left_child=1 21 -3 4 -4 6 7 -2 -8 12 11 18 -10 14 -14 16 22 -18 29 -20 -21 25 -13 -24 -25 26 -1 -12 -29 -11
right_child=5 2 3 -5 -6 -7 8 -9 9 10 27 15 13 -15 -16 -17 17 -19 19 20 -22 -23 23 24 -26 -27 -28 28 -30 -31
leaf_value=-0.061497099220228828 0.039120673555530242 -0.09548487209559603 -0.066316054275640468 -0.052227967812647318 -0.0014733241505807525 -0.00072718773490466416 -0.00092254720992738029 -0.025038650714934607 0.023245583477407194 -0.063409620453199714 -0.069731433763289705 0.0013510034242184166 0.067814013985848923 0.08742113538758535 -0.079767910069267783 0.09629338821672892 -0.085315036512996267 0.037937084365685964 0.12348748017944387 -0.057140502432337814 0.08255451091937234 0.016856393204178529 0.10955517160555175 -0.0097376888497009342 0.073874847106429414 -0.031363372074547757 0.00067249596530215706 -0.077663427550014971 0.067353018843718138 0.11620685865361056
leaf_weight=68.852650187945983 172.3241923263331 207.6251916379556 78.407843090826645 142.50806933143394 2691.3339594861186 27749.230685560164 2015.8564058718343 700.83356232369715 746.840687297984 7.9390309458539425 114.67263688008825 844.75981487103854 30.9467349888846 237.44437347305939 28.867420134743952 40.496006264176685 102.5230040308461 47.791274983523181 28.309299039887264 49.811909671872854 20.066852124058641 980.25592672747007 64.37232042827236 244.7530321572558 128.30355587182567 282.39679573970898 8177.0106100599914 42.65085781167727 48.083819636485714 93.47405481606765
leaf_count=1984291 16926 405522 545385 21989 1457660 650986 19843 1331116 33116 456 4004 28107 590 3034 5157 664 2514 653 361 477 200 24809 1626 2855 1429 81779 4216985 453 1286 1220
internal_value=-0.000120869 -0.00217775 -0.0116777 -0.00570274 -0.00330894 0.000653112 0.00724431 -0.0123763 0.0107137 0.0187412 0.00897199 0.0148987 0.036313 0.0691438 -0.00341176 0.00831941 0.00583243 -0.046128 0.063452 0.0234873 -0.0170247 0.000939309 0.0119239 0.0323422 0.0190188 -0.000890234 0.000153382 -0.0392883 -0.000813596 0.102146
internal_weight=46188.7 12628.4 3119.88 2912.25 2769.74 33560.4 5811.12 873.158 4937.96 2922.11 1878.01 1672.6 1044.1 297.259 59.8142 1473 1432.5 150.314 199.601 98.1881 69.8788 9508.52 1282.19 437.429 373.057 8528.26 8245.86 205.407 90.7347 101.413
internal_count=10845493 8738420 2430556 2025034 2003045 2107073 1456087 1348042 108045 88202 46305 40562 41897 8781 5747 37848 37184 3167 2714 1038 677 6307864 34017 5910 4284 6283055 6201276 5743 1739 1676
is_linear=0
shrinkage=0.1


Tree=105
num_leaves=31
num_cat=0
split_feature=4 0 7 5 8 7 2 2 7 2 2 7 2 2 2 3 7 8 8 0 0 8 6 0 8 0 8 7 5 7
split_gain=7.06086 52.0946 30.7268 27.7278 26.2101 25.5356 41.1397 31.477 29.211 18.6431 17.2175 13.2676 12.7988 12.6681 11.7272 64.1019 30.4516 19.495 19.3554 18.3769 11.3259 19.1297 10.1948 30.0922 68.4566 67.4192 70.027 46.9967 33.4108 35.0409
threshold=1.0000000180025095e-35 0.64583333333333337 29.171343542864893 1.0000000180025095e-35 4.5000000000000009 72.34418059892694 0.73508771929824568 0.71130952380952395 57.514272627718064 0.44097222222222227 0.82480818414322254 61.693175783431279 0.3585714285714286 0.64852941176470602 0.97500000000000009 1.0000000180025095e-35 66.469348401860472 14.500000000000002 19.500000000000004 0.61250000000000016 0.31666666666666671 2.5000000000000004 1.0000000180025095e-35 0.16025641025641027 9.5000000000000018 0.29285714285714287 6.5000000000000009 22.997525069179865 1.0000000180025095e-35 45.772188005600235
decision_type=2 2 2 2 2 2 2 2 2 2 2 2 2 2 2 2 2 2 2 2 2 2 2 2 2 2 2 2 2 2
left_child=14 2 -2 4 5 7 -7 8 12 -10 -8 -9 -4 -11 22 -16 18 19 -17 -18 21 -5 -1 24 28 26 27 -25 -24 -30
right_child=1 -3 3 20 -6 6 10 11 9 13 -12 -13 -14 -15 15 16 17 -19 -20 -21 -22 -23 23 25 -26 -27 -28 -29 29 -31
leaf_value=0.0010505014308476999 -0.10676344620290734 0.088294909929170551 0.038468125558435637 0.23895206688213061 0.0063767081666194925 0.051259311304169747 -0.099055182954664589 0.043202345324003515 0.23684105021650592 -0.038659844788176662 -0.020679895082525591 -0.15041205914814751 -0.094895486555143127 0.078154805815073378 0.090144075083316455 -0.012943784298721762 0.012133722699346948 0.16219693513785208 0.063232415487135152 0.082583350398329036 0.017786304220872826 0.044998886779273287 -0.094741460015979287 -0.055927183915710811 -0.094115122128282783 -0.0021974735051384117 0.0091426881729060657 0.13683884794988033 0.0587622650891255 -0.017071419196010136
leaf_weight=24773.30301920963 35.988807520130649 50.598848906927742 8.2231678421958332 7.668968258425596 257.02669564273674 68.056965130614117 40.142935668351129 3.8568817721679798 3.8813951259944579 23.736700474750251 92.884731660597026 42.982039689552039 57.610915834433399 15.246694607660173 90.156123201129958 812.42511416220805 806.38858715305105 9.1405846928246302 34.78328444249928 38.808669244928751 31.539303206373006 15.094302714162039 35.864911682231764 14.649613487494745 115.29289060422553 18137.91494863269 187.25986656708065 92.545192213743576 90.764157367727023 185.39175785175757
leaf_count=5979296 117621 7027 433 66 6173 571 235 25 47 143 851 242 449 113 9159 8720 11662 155 421 17147 1251 607 36964 5874 714644 2989490 905932 1054 18399 10722
internal_value=-0.000116971 -0.00971121 -0.0167558 -0.0119063 -0.0179672 -0.0355124 -0.0119783 -0.065938 -0.0364076 0.0278368 -0.0443307 -0.134469 -0.0782374 0.00702723 4.2397e-05 0.00797155 0.00361765 0.0169395 -0.00981627 0.0153685 0.056585 0.110342 -0.000283198 -0.00203509 -0.0282698 -0.0014269 0.0460394 0.110495 -0.00393976 0.00785284
internal_weight=46179.2 754.539 703.941 667.952 613.649 356.622 201.085 155.538 108.699 42.8648 133.028 46.8389 65.8341 38.9834 45424.7 1791.7 1701.55 854.338 847.208 845.197 54.3026 22.7633 43633 18859.7 427.314 18432.4 294.455 107.195 312.021 276.156
internal_count=10845493 135854 128827 11206 9282 3109 1657 1452 1185 303 1086 267 882 256 10709639 47264 38105 28964 9141 28809 1924 673 10662375 4683079 780729 3902350 912860 6928 66085 29121
is_linear=0
shrinkage=0.1


Tree=106
num_leaves=31
num_cat=0
split_feature=1 0 3 2 7 7 2 2 2 7 7 4 7 2 2 2 6 2 7 2 4 2 7 2 2 4 0 7 7 2
split_gain=6.8681 95.8021 50.2367 48.2084 39.1076 22.5816 58.9534 44.0038 52.2414 43.1663 30.6264 29.8355 27.7127 35.3782 29.229 27.6618 26.7179 23.3174 46.729 38.1094 29.1244 27.1489 83.1497 38.4497 50.6816 49.6925 45.1613 43.508 30.5572 40.6008
threshold=2.5000000000000004 0.5634920634920636 1.0000000180025095e-35 0.5590277777777779 22.754244164814722 61.693175783431279 0.61721611721611735 0.5590277777777779 0.54772727272727284 57.514272627718064 66.469348401860472 1.0000000180025095e-35 80.898622908551602 0.51086956521739146 0.54195804195804198 0.74456521739130443 1.0000000180025095e-35 0.62828947368421062 95.218118876066157 0.64852941176470602 1.0000000180025095e-35 0.71825396825396837 95.218118876066157 0.71130952380952395 0.67543859649122817 1.0000000180025095e-35 0.27922077922077926 72.34418059892694 95.218118876066157 0.82480818414322254
decision_type=2 2 2 2 2 2 2 2 2 2 2 2 2 2 2 2 2 2 2 2 2 2 2 2 2 2 2 2 2 2
left_child=5 3 -3 -2 -4 9 7 8 12 11 15 -1 13 -7 -14 -8 -10 18 20 -19 -12 22 23 24 -21 26 -25 -27 29 -23
right_child=1 2 4 -5 -6 6 10 -9 16 -11 17 -13 14 -15 -16 -17 -18 19 -20 21 -22 28 -24 25 -26 27 -28 -29 -30 -31
leaf_value=0.0014356238966941482 -0.071332556294084151 -0.0018890980449725047 -0.20453058583367034 0.0065017790973971486 0.031529153713019446 0.0047163676196988278 0.013618406936596781 -0.05423712014391649 0.075367248640177409 0.027644949372188799 0.13681667461020955 -0.036528674332180586 -0.061290538256472328 -0.074707350140448214 0.052965085246817881 -0.044196632084125879 -0.041701531430065511 -0.051267109306740881 -0.072501385986913747 0.046252809971799494 -0.020819913961883957 -0.035647560878097027 -0.027765369700977788 0.14993396449750621 -0.053886203533070567 -0.059005679612885234 0.037631791166026531 0.096280614700821276 0.011045933622378067 0.0021823791468157778
leaf_weight=27433.484337245569 292.21329504112509 12078.763276719586 7.1071590185347295 109.35547079565004 559.80266898369882 364.41274254664677 120.30734624969773 362.51226219855016 90.300296128494665 628.86966467364255 48.061290909419768 208.57954699209949 219.75997201955761 66.28476714718272 24.930249521072255 265.1345921602333 24.862404798797797 127.66761181311449 21.389297488320153 182.8233689351473 15.500420217285862 447.14857158926316 229.97991103015374 95.512407952686772 69.851158219506033 41.93194910895545 57.286220096051693 31.669902375550009 1152.6252701155609 776.13908097881358
leaf_count=9824317 142484 575266 80 2337 53639 20114 2007 7422 1465 13974 1118 122983 10413 1431 535 3038 1027 2038 825 5225 168 4877 6174 559 888 475 2429 349 26192 11644
internal_value=-0.00010743 -0.00205061 -0.000523617 -0.0501367 0.0285698 0.000658363 -0.00565615 -0.0253887 -0.0121601 0.00173854 0.000521613 0.00114916 -0.0227751 -0.00750702 -0.0496496 -0.0261509 0.0500933 0.00363926 0.0553509 0.00227186 0.0983748 0.00448751 0.0216597 0.0453862 0.0185697 0.0753148 0.10783 0.00781196 -0.000637272 -0.0116456
internal_weight=46154.3 13047.2 12645.7 401.569 566.91 33107 4836.09 1153.06 790.55 28270.9 3683.03 27642.1 675.388 430.698 244.69 385.442 115.163 3297.59 84.951 3212.64 63.5617 3084.97 709.055 479.075 252.675 226.4 152.799 73.6019 2375.91 1223.29
internal_count=10845493 773806 628985 144821 53719 10071687 110413 42407 34985 9961274 68006 9947300 32493 21545 10948 5045 2492 62961 2111 60850 1286 58812 16099 9925 6113 3812 2988 824 42713 16521
is_linear=0
shrinkage=0.1


Tree=107
num_leaves=31
num_cat=0
split_feature=7 2 8 7 7 6 1 0 0 5 2 2 2 7 6 5 0 0 7 0 1 2 2 7 0 2 2 2 1 7
split_gain=6.79488 14.5099 10.5663 34.1969 330.872 569.173 6.67321 8.49458 21.6548 13.9119 10.777 8.59655 9.57295 13.9939 7.62534 32.9323 90.9646 51.3158 38.3196 38.0004 29.9349 26.0262 25.8975 30.1827 23.1833 23.051 51.1422 34.0059 27.2389 47.5411
threshold=9.3291212417631808 0.62828947368421062 148.50000000000003 8.918382207506923 8.7793958141307371 1.0000000180025095e-35 4.5000000000000009 0.69047619047619058 0.81666666666666676 1.0000000180025095e-35 0.21132376395534294 0.82085561497326209 0.053342816500711245 136.28990979692213 1.0000000180025095e-35 1.0000000180025095e-35 0.64583333333333337 0.86607142857142871 95.218118876066157 0.11805555555555557 1.5000000000000002 0.71825396825396837 0.78759398496240618 72.34418059892694 0.31666666666666671 0.73030303030303034 0.51086956521739146 0.78019323671497598 2.5000000000000004 38.519503317171605
decision_type=2 2 2 2 2 2 2 2 2 2 2 2 2 2 2 2 2 2 2 2 2 2 2 2 2 2 2 2 2 2
left_child=1 2 -1 4 -4 -6 14 -8 9 10 -9 12 13 -10 -2 16 19 22 20 -16 -19 -21 23 -18 -23 26 28 -27 29 -22
right_child=6 -3 3 -5 5 -7 7 8 11 -11 -12 -13 -14 -15 15 -17 17 18 -20 21 25 24 -24 -25 -26 27 -28 -29 -30 -31
leaf_value=-0.079577828505374426 0.0011963674705541378 0.044436822219333205 -0.100029908852983 -0.10003266367842939 -0.10000240121538512 94.424253434373128 -0.068508212040858857 -0.057264825995645356 -0.031554475552648079 0.10827866644875808 0.041704616625725832 0.10304701826981988 -0.022836312594053304 0.022024457775451617 -0.10429049945128771 0.0015978693335441903 0.022275333355759142 -0.11102888929884364 -0.053121116404812735 -0.042015660696723592 -0.023901333608047699 0.1159712992883245 -0.018185658738669886 -0.036174735534191232 -0.0099023273029578765 -0.054390205233296823 0.014528174116926421 -0.0048789560649362355 -0.028875460411096506 0.011277507068485175
leaf_weight=31.501658129706133 26364.653575536533 14.472302027046679 0.019465368338386635 0.068767422016890123 0.0016011503494155468 0.0010579294958006358 23.50447152731067 14.971727661875773 75.650879225839162 22.618852139567025 41.502125972183421 6.2846755823120466 443.24570610001683 137.07520751515403 78.320030210525942 12387.267775958313 1239.7758032647444 27.164918432524246 183.80619836386177 563.20780474720516 690.57651937473929 15.937709820922462 230.53113197069615 95.124776659096824 178.60875865258276 226.04136802256107 1155.9887576643378 359.10863325838 637.37335285242079 865.760253055254
leaf_count=855615 5600546 77 857 3091 83 70 7372 2804 6601 360 404 921 7128 2131 459920 2077732 87555 20952 6004 1140673 479668 138 1844 2100 1045 1283 5634 3587 58013 11285
internal_value=-9.79325e-05 -0.0384854 -0.0764714 1.00018 4.41986 37.507 -5.95445e-05 -0.00932235 -0.00744586 0.0420091 0.0154669 -0.0133522 -0.0144674 0.00297041 9.6853e-05 -0.00143412 -0.00717051 -0.00266067 -0.00848535 -0.0379774 -0.0064146 -0.0311234 0.0127651 0.0181102 0.00040954 -0.00569238 -0.0024934 -0.024005 -0.011463 -0.00433202
internal_weight=46110.2 46.0649 31.5925 0.0908919 0.0221244 0.00265908 46064.1 764.854 741.349 79.0927 56.4739 662.256 655.972 212.726 45299.2 18934.6 6547.33 5711.25 4145.82 836.074 3962.01 757.754 1565.43 1334.9 194.546 3934.85 3349.7 585.15 2193.71 1556.34
internal_count=10845493 859793 859716 4101 1010 153 9985700 27721 20349 3568 3208 16781 15860 8732 9957979 4357433 2279701 677925 586426 1601776 580422 1141856 91499 89655 1183 559470 554600 4870 548966 490953
is_linear=0
shrinkage=0.1


Tree=108
num_leaves=31
num_cat=0
split_feature=7 8 7 7 2 1 0 0 8 5 6 2 6 8 7 3 0 0 5 2 7 2 7 2 7 2 4 2 2 7
split_gain=50.2027 31959.1 108227 362999 12.7426 6.35645 8.90736 7.73129 7.66634 13.8569 15.5454 13.1949 8.26121 6.48647 39.3222 19.068 18.3007 47.1798 44.2723 30.5818 37.7333 31.2479 25.9192 47.2212 24.4062 32.6583 23.7983 23.5092 21.3805 32.9308
threshold=8.99757700947921 148.50000000000003 8.7793958141307371 8.918382207506923 0.64852941176470602 6.5000000000000009 0.86607142857142871 0.77500000000000013 1.5000000000000002 1.0000000180025095e-35 1.0000000180025095e-35 0.21807065217391305 1.0000000180025095e-35 2.5000000000000004 40.463638564199819 1.0000000180025095e-35 0.86607142857142871 0.29285714285714287 1.0000000180025095e-35 0.88562091503267981 136.28990979692213 0.61721611721611735 112.90503040955561 0.72474747474747481 72.34418059892694 0.37268518518518523 1.0000000180025095e-35 1.0000000180025095e-35 0.81534090909090928 80.898622908551602
decision_type=2 2 2 2 2 2 2 2 2 2 2 2 2 2 2 2 2 2 2 2 2 2 2 2 2 2 2 2 2 2
left_child=1 4 -3 -4 -1 13 7 -7 12 10 -10 -11 -8 14 15 -2 17 18 22 20 21 27 23 -16 25 -20 -26 -19 29 -25
right_child=5 2 3 -5 -6 6 8 -9 9 11 -12 -13 -14 -15 16 -17 -18 19 24 -21 -22 -23 -24 28 26 -27 -28 -29 -30 -31
leaf_value=-0.069449356714957819 -0.014989520390356057 -0.10002707003672062 -1863.7319182651286 -0.10000488664905019 0.11520136272469945 -0.092667281796453213 -0.040472271747802359 0.11889994529605526 -0.080333451599048311 -0.064963898031706324 0.13139753955512318 -0.36741480808843713 0.16049935370830679 -0.00060910126438648105 0.018849663739112579 0.025092056209445514 0.010270590366325966 0.031116277614262333 -0.070477074477129462 0.032960993249027883 -0.05998907206577081 0.0055050945076964113 0.038416967592589175 -0.096675584717341279 -0.00044929868785464016 0.1293761328445141 0.24449121258714604 -0.035605964645072589 -0.008076523211480292 -0.00571163808665851
leaf_weight=15.037584611979133 1460.0833565049179 0.017613468216039929 0.0014487839453067855 0.0037516140077968885 4.973313193768262 2.426090725224638 6.2754565092036483 5.9963159592589363 22.201890857715629 2.8438270129263392 4.1094681870890772 2.9271260512759909 3.0343881527660415 37531.144118328935 689.63772533822339 129.19209794686321 3872.6515089106979 59.33350605936721 9.3394532958045584 128.79368077707477 184.57175727933645 556.68383115530014 218.4991756924428 79.354741847608238 53.097001045476645 65.668611813336611 4.286909567192196 480.11993339844048 424.11985202971846 79.839437832590193
leaf_count=294939 37919 857 153 168 26 57 76 74 202 27 69 67 53 10369012 5501 4551 100399 548 619 9118 2188 7700 1152 373 680 657 32 5790 2120 366
internal_value=-0.000151757 -0.158418 -118.449 -519.291 -0.0235581 -8.29437e-05 -0.0357851 0.0579576 -0.0548597 -0.0780429 -0.047264 -0.218372 0.0250311 -4.43031e-05 0.00245091 -0.0117313 0.00571466 -0.000101871 0.0115174 -0.013488 -0.0181591 -0.0111157 0.00659788 0.00113621 0.0669375 0.104492 0.0178492 -0.0282673 -0.019806 -0.0510551
internal_weight=46096.3 20.0337 0.0228139 0.0052004 20.0109 46076.2 49.8146 8.42241 41.3922 32.0823 26.3114 5.77095 9.30984 46026.4 8495.27 1589.28 6906 3033.35 1623.84 1409.5 1280.71 1096.14 1491.45 1272.95 132.392 75.0081 57.3839 539.453 583.314 159.194
internal_count=10845493 296143 1178 321 294965 10549350 625 131 494 365 271 94 129 10548725 179713 42470 137243 36844 11500 25344 16226 14038 9512 8360 1988 1276 712 6338 2859 739
is_linear=0
shrinkage=0.1


Tree=109
num_leaves=31
num_cat=0
split_feature=0 1 8 2 3 7 8 7 7 2 7 7 7 8 2 2 2 7 0 7 2 2 2 2 2 2 2 0 4 2
split_gain=5.82556 50.2284 58.5014 28.721 136.835 576.694 372.414 27.8294 66.399 62.4776 52.5111 69.008 45.503 36.0589 36.1376 55.7342 35.9537 32.8431 32.2228 45.8124 30.1021 29.1352 47.8983 39.5485 52.9341 33.8789 47.1712 29.6035 29.0903 27.9063
threshold=0.47727272727272735 1.5000000000000002 14.500000000000002 0.20942982456140355 1.0000000180025095e-35 25.490991808909254 22.500000000000004 45.772188005600235 41.678759322984654 0.3585714285714286 31.291400533802324 34.426336379378711 27.231415411263665 24.500000000000004 0.26201372997711675 0.063508064516129045 0.36602870813397131 51.128109545440033 0.31666666666666671 22.836213788014096 0.72474747474747481 0.71130952380952395 0.64852941176470602 0.61721611721611735 0.58578431372549034 0.44722222222222224 0.5590277777777779 0.31666666666666671 1.0000000180025095e-35 0.45643939393939398
decision_type=2 2 2 2 2 2 2 2 2 2 2 2 2 2 2 2 2 2 2 2 2 2 2 2 2 2 2 2 2 2
left_child=1 7 -3 4 -4 -6 -7 8 10 -9 12 -12 18 14 15 -14 -11 -18 20 -20 -1 22 23 24 25 -10 -27 -24 -17 -19
right_child=-2 2 3 -5 5 6 -8 9 21 16 11 -13 13 -15 -16 28 17 29 19 -21 -22 -23 27 -25 -26 26 -28 -29 -30 -31
leaf_value=-0.017577367952485792 0.00063862524791255559 -0.0027069005019935378 -0.078898687817815061 -0.035030476336790996 -0.1035105008039605 -0.7063494777106688 -6.7917126657421951 -0.054144440536700568 0.045854802086236636 0.11887328202065578 -0.077162258312707385 -0.0075862861971150832 3.1175394452933691 -0.032707925732443938 0.037306672365002583 0.14674868850655107 -0.024437949015536642 0.025975978417646824 0.007748257613290295 0.092811748027744112 0.039981414978153107 -0.028436531612026996 0.10470657043994419 -0.12242504452997778 0.25659126525003551 -0.041714500974716545 0.068006151876260787 -0.035331357214244442 -0.04998350453945203 -0.0025200587144085492
leaf_weight=870.33141152946973 32665.774123643623 534.43835667374174 123.43136130066281 268.91459957436473 1.8218706918411549 0.17309843534076197 0.24000248849984018 244.43568338776095 305.98941299526996 24.255692623017239 160.90955041756706 1249.7053362293796 0.062092119857083072 53.103405032058504 211.02676868687558 55.454730176927114 649.41249112031073 366.64661658057594 2209.5343637629921 65.18124810307927 101.45161244552583 70.064094067085534 133.91372470138595 17.599674126831815 10.109658496570772 128.82068775591324 56.311324162757955 17.013494022190571 8.6946370533587451 5482.420523386274
leaf_count=4223247 3969270 61314 926110 27192 562 3 43 53467 33645 1127 71362 125060 14 36095 19372 17346 14368 13803 1179239 954 2093 854 934 252 84 3033 477 346 5616 58211
internal_value=-8.20372e-05 -0.00183602 -0.024269 -0.0534736 -0.0929402 -0.868413 -4.24181 -0.000167759 0.00496362 -0.00450909 0.000815092 -0.0155229 0.00726197 0.0427381 0.0572944 0.122983 -0.00264904 -0.00310262 0.00367401 0.0101857 -0.0115684 0.0329194 0.0393379 0.0249143 0.0300878 0.0254253 -0.00834094 0.0889206 0.120084 -0.000733795
internal_weight=46087.2 13421.5 929.019 394.581 125.666 2.23497 0.413101 12492.4 5725.28 6767.17 4985.46 1410.61 3574.84 328.342 275.238 64.2115 6522.74 6498.48 3246.5 2274.72 971.783 739.822 669.758 518.831 501.231 491.121 185.132 150.927 64.1494 5849.07
internal_count=10845493 6876223 1015224 953910 926718 608 46 5860999 5720023 140976 5680398 196422 5483976 78443 42348 22976 87509 86382 5405533 1180193 4225340 39625 38771 37491 37239 37155 3510 1280 22962 72014
is_linear=0
shrinkage=0.1


Tree=110
num_leaves=31
num_cat=0
split_feature=2 2 2 2 0 6 8 8 8 7 2 2 7 3 1 7 8 8 2 2 2 7 7 7 7 6 0 7 7 7
split_gain=5.66086 30.3165 142.323 27.3784 28.5033 43.3931 43.2136 32.8694 31.4812 1118.94 12990.9 23089.6 29.5138 62.9778 27.2199 27.7261 26.5183 199.981 437.678 218.866 2682.04 6196.62 458.523 212.537 117.095 26.1561 35.7306 30.7672 33.2838 31.7187
threshold=0.18019480519480521 1.0000000180025095e-35 0.04819976771196284 0.34057971014492755 0.19090909090909094 1.0000000180025095e-35 4.5000000000000009 4.5000000000000009 84.500000000000014 28.402204142033217 0.22902097902097904 0.21132376395534294 13.851027281169431 1.0000000180025095e-35 3.5000000000000004 11.543720237170554 19.500000000000004 31.500000000000004 0.27888888888888896 0.26491228070175443 0.26201372997711675 14.264366567761664 17.973021508147554 14.018128325212766 14.018128325212766 1.0000000180025095e-35 0.41428571428571431 12.026362710572394 17.973021508147554 21.255269836808903
decision_type=2 2 2 2 2 2 2 2 2 2 2 2 2 2 2 2 2 2 2 2 2 2 2 2 2 2 2 2 2 2
left_child=1 -1 -3 4 5 6 -2 -6 -7 -10 11 -11 -8 16 15 -4 -14 18 24 20 21 23 -23 -19 -18 27 -27 -9 -29 -30
right_child=3 2 14 -5 7 8 12 25 9 10 -12 -13 13 -15 -16 -17 17 19 -20 -21 -22 22 -24 -25 -26 26 -28 28 29 -31
leaf_value=0.00090264475495019326 0.04771969004689252 -0.094408119004304986 -0.063691475960592187 -0.00071449730055777238 -0.0032748887481520101 -0.064966279412834158 -0.078079284711368588 -0.035516274416139443 -0.057922066760445416 -0.10001511955766945 -0.10004958135621585 -413.71825599129454 0.058020791959867195 -0.015414712210108528 -0.048662196743774894 -0.0011961537364169259 1.6651608334982138 -84.658930799127148 0.25657857729979394 0.16591987816431875 0.25762527665500862 -29.025512202334507 -0.10001583237235197 -115.30188995132183 4.5922706513248182 0.040219187587280776 0.002848970714680165 0.081126051112023506 -0.040955094400542132 0.02818793174330755
leaf_weight=9499.1306277147451 139.20088144240185 189.75481777215009 72.919309165467894 27678.367723780291 1415.0776707360646 92.103379685988614 64.642965827520129 78.31412567337884 2.3579929290305581 0.0035541349716367012 0.065016783380997367 0.0021759062724413525 18.918034312964764 466.96925453388809 136.10317981174558 2682.2413564655199 0.22128125777817126 0.0047304314591640126 1.5733247645548543 9.3940162374346965 0.45409927051514387 0.0069143297312246324 0.0264223366684746 0.0043402085524825787 0.35740116685123952 295.78427566823484 1895.1607802946924 112.08266515062496 70.443482668084471 1140.7888306285272
leaf_count=6307864 9476 405522 545385 650986 14957 325806 477239 21199 77539 40 234 32 233 415615 21989 1457660 9 19 24 164 3 39 182 22 48 32186 30628 7162 7752 35479
internal_value=-8.45702e-05 -0.00189313 -0.0105128 0.000594951 0.00683955 -0.0107341 -0.00216648 0.00963408 -0.0743373 -0.429709 -12.8214 -157.166 -0.0145101 -0.00625736 -0.00500673 -0.00285018 0.13186 0.247858 1.12148 0.0577724 -1.9884 -26.039 -6.09943 -99.3213 3.47298 0.0147188 0.00789406 0.0253868 0.028991 0.0241667
internal_weight=46062.5 12580.1 3081.02 33482.3 5803.96 796.306 701.774 5007.65 94.5321 2.42874 0.0707468 0.00573004 562.573 497.93 2891.26 2755.16 30.9606 12.0425 2.15201 9.89052 0.496507 0.0424073 0.0333367 0.00907064 0.578682 3592.57 2190.95 1401.63 1323.31 1211.23
internal_count=10845493 8738420 2430556 2107073 1456087 1306724 903073 149363 403651 77845 306 72 893597 416358 2025034 2003045 743 510 81 429 265 262 221 41 57 134406 62814 71592 50393 43231
is_linear=0
shrinkage=0.1


Tree=111
num_leaves=31
num_cat=0
split_feature=1 0 3 2 7 7 0 2 7 0 7 7 6 2 2 2 5 2 2 2 2 8 8 2 0 8 8 8 8 8
split_gain=5.81875 80.7368 43.5856 42.8175 32.0094 20.4001 24.5603 24.3344 19.9388 33.819 38.4564 31.6218 53.2791 23.9885 42.6134 45.4048 22.4454 24.6549 28.9639 22.2732 21.3945 46.0455 32.113 29.1392 21.4666 21.1622 26.2 28.6055 22.4502 20.8564
threshold=2.5000000000000004 0.5634920634920636 1.0000000180025095e-35 0.78019323671497598 22.754244164814722 112.90503040955561 0.86607142857142871 0.04819976771196284 53.677130494496517 0.61250000000000016 49.431770892224058 45.772188005600235 1.0000000180025095e-35 0.75595238095238104 0.64495798319327746 0.5590277777777779 1.0000000180025095e-35 0.028991596638655467 0.41277890466531447 1.0000000180025095e-35 0.04819976771196284 31.500000000000004 5.5000000000000009 0.71825396825396837 0.86607142857142871 32.500000000000007 35.500000000000007 51.500000000000007 41.500000000000007 6.5000000000000009
decision_type=2 2 2 2 2 2 2 2 2 2 2 2 2 2 2 2 2 2 2 2 2 2 2 2 2 2 2 2 2 2
left_child=-1 3 8 -2 -4 7 -7 -6 9 -3 11 16 -13 14 15 -10 -11 29 -19 -12 21 -14 23 -22 -23 -26 -27 28 -28 -18
right_child=1 2 4 -5 5 6 -8 -9 13 10 19 12 20 -15 -16 -17 17 18 -20 -21 22 24 -24 -25 25 26 27 -29 -30 -31
leaf_value=0.00069738838719961564 -0.058297447659104655 0.013487349205509622 -0.18096797051411659 0.051346019487646971 -0.16255780006266915 -0.01153767861181661 0.050680945609153351 0.053439849453001537 0.0013388184496132313 -0.0075926861680758019 -0.0059886637858621713 -0.011773264528178123 -0.0022421181659228887 0.028712610151176623 -0.017449742938661653 0.035530557752700719 -0.043407741360360991 -0.079390739086972958 -0.0012809601198527322 -0.038007568169931324 0.080550966232184162 -0.10029692787573566 -0.004950285292872246 -0.0056033086880450363 2.5087903583212903 -0.1009428456710903 1.1496438593210476 -0.10048781749561685 2.9420939105157173 0.048288910983547872
leaf_weight=33061.404162710794 344.45183416144209 699.93710390285742 7.3061544889515053 39.724443392828107 5.3200554056093088 178.12004765775055 98.545171544305049 266.1941677487921 5512.5646254784406 1593.191476476215 323.51152529317187 580.75225440587383 157.48125751386397 311.53607633145293 1128.8988126735203 417.81883686129004 47.19020407035714 152.84179778814723 68.861526018823497 661.45625017282146 209.66870397608727 0.2726412002230052 90.018571326771053 48.301348680513911 0.07663823151960969 0.23531932139303535 0.23990888361004181 0.12460878348792903 0.09859140741173178 52.289466499787522
leaf_count=10071687 143101 96848 80 1720 37 6323 27152 20127 125237 261689 13566 15694 4356 5582 8071 3204 988 7652 2131 7554 2901 132 1916 1862 22 51 73 86 40 15611
internal_value=-7.34004e-06 -0.0018 -0.000424467 -0.0469601 0.0269632 0.0297345 0.0106239 0.0492076 -0.00168622 -0.00678603 -0.0103455 -0.00471929 0.00890012 0.00155636 0.000357921 0.00374776 -0.0124544 -0.0365706 -0.0551297 -0.027491 0.0326034 0.00215375 0.0464749 0.0644198 0.662898 0.931363 0.758273 1.19487 1.67171 0.00479074
internal_weight=46058.4 12997 12612.9 384.176 555.486 548.179 276.665 271.514 12057.4 4686.55 3986.61 3001.64 1087.27 7370.82 7059.28 5930.38 1914.37 321.183 221.703 984.968 506.518 158.529 347.989 257.97 1.04771 0.775067 0.698428 0.463109 0.3385 99.4797
internal_count=10845493 773806 628985 144821 53719 53639 33475 20164 575266 433172 336324 315204 27133 142094 136512 128441 288071 26382 9783 21120 11439 4760 6679 4763 404 272 250 199 113 16599
is_linear=0
shrinkage=0.1


Tree=112
num_leaves=31
num_cat=0
split_feature=4 0 7 5 8 7 2 2 7 2 2 2 2 7 1 2 2 2 2 3 0 7 8 8 8 2 7 7 2 8
split_gain=5.74472 43.8171 24.9917 19.7681 23.8383 20.1753 30.1986 23.055 22.4468 13.0126 12.3256 10.647 10.3709 10.3166 10.1699 9.72179 14.2316 9.49205 9.01149 56.2834 25.1544 17.3168 13.1241 12.5509 11.0042 8.9781 9.52107 8.79178 17.2922 8.75797
threshold=1.0000000180025095e-35 0.64583333333333337 28.402204142033217 1.0000000180025095e-35 4.5000000000000009 72.34418059892694 0.73508771929824568 0.71130952380952395 57.514272627718064 0.82480818414322254 0.44097222222222227 0.53589743589743599 0.64852941176470602 61.693175783431279 2.5000000000000004 0.13840996168582378 0.16472868217054268 0.64852941176470602 0.97500000000000009 1.0000000180025095e-35 0.61250000000000016 57.514272627718064 14.500000000000002 19.500000000000004 1.5000000000000002 0.42582417582417587 43.647784033394132 95.218118876066157 0.77097902097902116 3.5000000000000004
decision_type=2 2 2 2 2 2 2 2 2 2 2 2 2 2 2 2 2 2 2 2 2 2 2 2 2 2 2 2 2 2
left_child=18 2 -2 4 5 7 11 8 25 27 -10 -7 -12 -9 -6 -3 -17 -13 -1 -20 21 23 -23 24 -21 26 -4 -8 -29 -28
right_child=1 15 3 -5 14 6 9 13 10 -11 12 17 -14 -15 -16 16 -18 -19 19 20 -22 22 -24 -25 -26 -27 29 28 -30 -31
leaf_value=-0.00015334608534470806 -0.10411425606155314 0.62472071252396211 -0.05357719906397982 0.046109040045662297 0.0089054247433262828 0.16610687698888282 -0.1258753447458818 0.039234143481045688 0.17941176781399118 -0.018893846348084734 -0.037228602393095937 -0.021233388858857807 0.069867759889324754 -0.13234418342438822 -0.20900138962795026 -0.65424825154288357 0.085526794725796496 0.060808644916232259 0.087700960978314674 0.031721504164963575 0.082625479332366469 0.0072567521467287316 0.084902366020179351 0.051362839720553194 -0.020129304510149815 -0.093169706337620131 0.21916352230148176 0.14917840076424516 -0.089524095302760884 -0.072430596697447433
leaf_weight=43510.512158781319 30.108942661106994 0.3316223721485575 12.578347663424212 55.609458486607764 254.32681892479013 6.3633185758953905 23.747971809934825 3.81372913904488 4.4439678012859067 93.150312467245385 23.781077420921065 22.542117118020542 14.589068169705568 43.203478971263394 2.1599681228399268 0.26152925682254036 45.954567708511604 37.665564252994955 82.646053039759863 44.517636965028942 38.932720004871953 1043.1549392647576 22.232778330799192 29.160929163452238 507.97165903844871 48.687257761601359 2.90784611867275 4.0313928909599808 12.277148736407979 1.5950063482159746
leaf_count=10662375 116428 11 699 2004 7005 78 132 25 47 851 143 167 113 242 61 6 7010 326 9159 444 18151 14008 315 310 4877 303 65 33 70 35
internal_value=-1.21461e-05 -0.00872721 -0.0149955 -0.0109754 -0.0161636 -0.0329322 -0.0119043 -0.0599304 -0.0346009 -0.0393895 0.0217515 0.0430929 0.0034915 -0.118427 0.00707035 0.0852118 0.0813405 0.0300916 0.00013108 0.00712836 0.00317871 0.00130074 0.00887708 -0.0125766 -0.0159513 -0.0712853 -0.00890723 -0.0870517 -0.030518 0.115875
internal_weight=46023.3 744.131 697.583 667.474 611.864 355.378 199.778 155.6 108.583 133.207 42.8141 66.571 38.3701 47.0172 256.487 46.5477 46.2161 60.2077 45279.1 1768.62 1685.97 1647.04 1065.39 581.65 552.489 65.7685 17.0812 40.0565 16.3085 4.50285
internal_count=10845493 135854 128827 12399 10395 3329 1657 1672 1405 1086 303 571 256 267 7066 7027 7016 493 10709639 47264 38105 19954 14323 5631 5321 1102 799 235 103 100
is_linear=0
shrinkage=0.1


Tree=113
num_leaves=31
num_cat=0
split_feature=6 7 7 7 8 5 0 0 0 1 2 0 7 3 7 7 2 2 3 2 8 2 2 7 4 0 8 8 7 8
split_gain=5.9238 25.79 42.2618 33.8354 25.7666 25.139 76.8723 42.3686 30.7778 28.8018 24.2403 23.4311 23.2144 38.2189 36.3403 50.2954 32.8938 24.6819 29.6877 116.785 60.7565 43.8177 288.238 97.4272 248.236 248.182 98.4488 77.1338 60.3684 54.6676
threshold=1.0000000180025095e-35 17.973021508147554 20.363979620333986 12.193418016526072 81.500000000000014 1.0000000180025095e-35 0.61250000000000016 0.86607142857142871 0.11805555555555557 1.5000000000000002 0.60555555555555574 0.31666666666666671 24.237031412278139 1.0000000180025095e-35 30.29446387692597 35.918357276654177 0.71825396825396837 0.43303571428571436 1.0000000180025095e-35 0.42582417582417587 7.5000000000000009 0.37797619047619052 0.37268518518518523 45.772188005600235 1.0000000180025095e-35 0.22649572649572652 6.5000000000000009 22.500000000000004 43.647784033394132 27.500000000000004
decision_type=2 2 2 2 2 2 2 2 2 2 2 2 2 2 2 2 2 2 2 2 2 2 2 2 2 2 2 2 2 2
left_child=1 3 -3 -1 -5 6 8 -8 -2 -9 -10 -12 13 -4 -14 16 -16 18 -17 21 -21 22 -20 24 25 26 -24 28 -28 -29
right_child=5 2 12 4 -6 -7 7 9 10 -11 11 -13 14 -15 15 17 -18 -19 19 20 -22 -23 23 -25 -26 -27 27 29 -30 -31
leaf_value=-0.0028644058551623567 -0.098964887005761837 -0.055469559911563986 -0.00592320821940516 0.017615694440163251 0.061626561868760435 0.001273618229673932 0.01161917004567581 -0.11284692140866188 -0.045499194280573196 -0.0069173487179373348 0.084474167027103961 -0.016741986305746772 0.012338758194152069 -0.058649155634336106 -0.020395093961200067 0.0032285415529931527 0.030527235463932691 -0.0014453999498076134 -0.0051780575752274982 0.061945912385612506 0.2037692407484083 -0.029519352105359567 0.68308374162936514 0.097239788626468288 -0.0034010211426454165 0.10753592871150644 1.0396622986945161 4.819674178513953 2.8378129775985457 1.8352193933320984
leaf_weight=828.48454733786753 68.915076557417365 136.12691631054622 1984.7323327485137 894.03293888111557 156.27928621415981 12517.233859789054 1587.9599058321546 25.827412116018422 410.58830562113815 4147.3757952670203 24.656307399272919 315.93383100628853 2652.1262246748156 147.70794811408268 1602.3526936288108 5841.0182584264203 137.75796946836635 11387.46329173632 560.28647217543585 203.87663932493888 35.460062004509382 268.03107406129129 9.8648137561976927 36.677558066789061 13.244823209941385 7.7197988317348054 2.1909386701881886 0.10162404552102078 0.20409823535010208 0.15497226547449827
leaf_count=2455288 460483 278502 920447 743630 392015 2227392 93092 24043 1366510 566787 262 1896 339559 282674 210556 239183 964 147406 75523 3910 1649 10369 173 2197 515 156 221 29 13 49
internal_value=-1.02339e-05 0.000945807 9.75315e-05 0.0122455 0.0241642 -0.0013571 -0.0063606 -0.00228298 -0.0350059 -0.00757293 -0.0291382 -0.00941466 0.000401424 -0.00957538 0.00133624 -0.000115047 -0.0163638 0.00142443 0.00610719 0.0208848 0.0829584 0.00434965 0.0187489 0.20983 0.333168 0.553456 0.828488 1.36943 1.1929 3.0172
internal_weight=46004.4 26905.9 25027.1 1878.8 1050.31 19098.5 6581.26 5761.16 820.094 4173.2 751.178 340.59 24891 2132.44 22758.5 20106.4 1740.11 18366.3 6978.83 1137.81 239.337 898.476 630.445 70.1586 33.4811 20.2362 12.5164 2.65163 2.39504 0.256596
internal_count=10845493 6105028 2514095 3590933 1135645 4740465 2513073 683922 1829151 590830 1368668 2158 2235593 1203121 1032472 692913 211520 481393 333987 94804 5559 89245 78876 3353 1156 641 485 312 234 78
is_linear=0
shrinkage=0.1


Tree=114
num_leaves=31
num_cat=0
split_feature=1 7 2 2 2 3 0 8 2 2 0 2 2 8 0 2 1 8 6 5 2 2 6 2 2 2 2 7 7 0
split_gain=5.60823 16.0966 35.7262 14.9688 18.2943 14.3278 12.9089 12.3164 12.2603 11.3447 10.4429 10.3788 26.2504 15.0515 16.1848 10.5565 9.94066 9.60985 10.5746 12.8242 9.24773 11.392 9.00646 11.3983 8.43482 50.9822 42.1341 40.0282 38.0783 54.8407
threshold=3.5000000000000004 72.34418059892694 0.22902097902097904 0.070197044334975381 0.11583184257602865 1.0000000180025095e-35 0.77500000000000013 92.500000000000014 0.3585714285714286 0.78019323671497598 0.5634920634920636 0.58578431372549034 0.5590277777777779 2.5000000000000004 0.86607142857142871 0.22902097902097904 5.5000000000000009 5.5000000000000009 1.0000000180025095e-35 1.0000000180025095e-35 0.54195804195804198 0.46410256410256417 1.0000000180025095e-35 0.24568965517241384 0.46410256410256417 0.5590277777777779 0.57518796992481214 80.898622908551602 43.647784033394132 0.095454545454545472
decision_type=2 2 2 2 2 2 2 2 2 2 2 2 2 2 2 2 2 2 2 2 2 2 2 2 2 2 2 2 2 2
left_child=24 2 -2 17 16 9 8 -8 -4 10 -6 12 13 14 -12 -16 -5 18 -3 -20 21 22 -15 -24 -1 -26 27 28 -27 -30
right_child=1 3 6 4 5 -7 7 -9 -10 -11 11 -13 -14 20 15 -17 -18 -19 19 -21 -22 -23 23 -25 25 26 -28 -29 29 -31
leaf_value=0.0016456072444332227 -0.042722102095927889 0.026215275092135521 -0.037031284927354989 -0.071949611150683754 -0.091051727530908649 0.032745954578653418 -0.0080351079446450268 0.12101617639480278 0.072268132112953756 0.037781915937322191 -0.059628127418156908 -0.018527479117540099 0.06205293754208744 0.0061382589853274513 0.052523497421030324 -0.016286304481195443 0.12750792513423073 -0.0079199431102610976 -0.058564274887246297 0.0090693316983103817 -0.036007500732873697 0.030097006459995787 -0.080687082990608783 -0.0075280641838636102 -0.011254972788120765 0.01358226314819405 6.9931331596549689e-05 -0.053937109564232789 0.12616818396183022 0.028461518841766738
leaf_weight=21724.324051526866 309.35435821902865 408.63134171313141 13.326609797921263 52.298645891634806 14.82048294253036 101.09411983884638 278.60246803169139 7.5970285958610466 44.639877989335218 57.26537179359002 86.82173112500459 514.75616361480206 61.628986592870206 411.35664362867828 24.645856324583292 233.79402548633516 2.6240731653451794 213.32687817242913 32.787678214488551 193.42115603014827 56.069118063896894 154.71893283585086 28.256593095633434 86.456695805070922 4041.7175895228538 561.80617666913895 15953.418351778266 63.73046789795626 84.305370395653881 180.30322805966716
leaf_count=10383414 93740 3936 439 4917 1419 15739 2334 211 515 1018 697 3435 423 2986 120 1379 315 21569 1034 1043 367 1099 422 1231 63465 7079 224583 2907 739 2918
internal_value=-4.52956e-05 -0.00396098 -0.0180606 -0.000591634 -0.00555221 -0.00384704 0.00410645 -0.0046095 0.04714 -0.00598466 -0.00748246 -0.00673568 -0.00142866 -0.00504407 -0.0222735 -0.00972433 -0.06242 0.0104424 0.0166127 -0.000733773 0.00302893 0.00624393 -0.000771342 -0.0255489 0.000266077 -0.00116887 0.00125135 0.022425 0.0283138 0.0595913
internal_weight=45997.9 3388.29 653.52 2734.77 1886.61 1831.68 344.166 286.199 57.9665 1730.59 1673.33 1658.5 1143.75 1082.12 345.262 258.44 54.9227 848.167 634.84 226.209 736.858 680.789 526.07 114.713 42609.6 20885.3 16843.6 890.145 826.415 264.609
internal_count=10845493 160388 97239 63149 35567 30335 3499 2545 954 14596 13578 12159 8724 8301 2196 1499 5232 27582 6013 2077 6105 5738 4639 1653 10685105 301691 238226 13643 10736 3657
is_linear=0
shrinkage=0.1


Tree=115
num_leaves=31
num_cat=0
split_feature=2 2 2 6 2 1 7 7 8 8 3 1 7 8 8 0 7 6 8 7 7 7 7 0 8 7 7 7 8 8
split_gain=5.63367 47.2762 110.369 57.8615 29.4025 24.5337 22.2202 40.9768 33.6483 32.3118 25.6726 23.5709 27.8734 69.7134 31.1737 30.664 58.6028 39.6261 36.3587 29.9791 48.1902 36.5646 29.5323 44.376 43.9383 39.9869 37.4312 32.367 41.8671 88.3262
threshold=0.11583184257602865 1.0000000180025095e-35 0.04819976771196284 1.0000000180025095e-35 0.05634920634920635 3.5000000000000004 49.431770892224058 45.772188005600235 4.5000000000000009 1.5000000000000002 1.0000000180025095e-35 2.5000000000000004 25.490991808909254 15.500000000000002 61.500000000000007 0.64583333333333337 33.880132877999962 1.0000000180025095e-35 4.5000000000000009 30.29446387692597 27.231415411263665 41.678759322984654 13.594479395019166 0.47727272727272735 51.500000000000007 12.313829782112387 14.591829551631539 14.591829551631539 50.500000000000007 46.500000000000007
decision_type=2 2 2 2 2 2 2 2 2 2 2 2 2 2 2 2 2 2 2 2 2 2 2 2 2 2 2 2 2 2
left_child=1 6 -3 -4 -5 -6 7 11 -9 -8 -10 12 22 15 -15 16 -14 -18 -19 20 -17 -21 25 24 26 -1 -24 28 29 -25
right_child=-2 2 3 4 5 -7 9 8 10 -11 -12 -13 13 14 -16 19 17 18 -20 21 -22 -23 23 27 -26 -27 -28 -29 -30 -31
leaf_value=-0.0035306366620382261 0.00058057960770556936 -0.093262121342797002 -0.032535402150142119 -0.045396772952776214 0.019737049914526177 -0.067498279488078003 0.035809520570372386 -0.040536557380321775 0.00099086737129430356 0.0037970203447308046 -0.34338946996258357 -0.017406059143796469 0.0070791291948519505 0.073175526917890657 -0.054006167185218307 0.0043647025511467244 0.055858968105648478 0.41563213201722543 0.1430659678611694 -0.0099126951689739243 0.1050746367935696 0.034629017935776926 0.12257864779148256 0.36722135722749394 -0.14728513299118914 0.049113741466984051 -0.059638090954436222 -0.0097650402515316384 -0.084353420628535458 5.250700514383194
leaf_weight=525.59273298920266 34921.804299116106 173.78790151401995 588.05696695835854 88.98621714698379 676.4463328367226 33.852129816260458 351.28613613918424 486.58857242192607 382.41539090445258 3077.6833137233152 2.1770039424300185 652.883478691645 199.42376499046804 215.35881203295236 21.166736811538556 160.06337320106104 49.624142992484849 6.3241368528688353 21.641665974646457 1486.1308438926935 67.570991351967677 210.39227584097534 14.187415681448426 4.0590421863021886 47.335933466791857 198.87681821389242 54.887886375741473 1275.5213168090927 2.9085487924177649 0.03737762111268228
leaf_count=3255489 2569154 405522 896897 121740 539821 4495 2242 4245 24318 113267 11 382728 14815 47663 17381 6322 2406 66 761 34501 2245 2098 16568 3015 187771 427979 166341 1594769 798 65
internal_value=-4.26662e-05 -0.00200784 -0.0181369 -0.00872623 0.00879087 0.0155795 0.0006387 -0.00298903 -0.0230644 0.00707659 -0.000958514 0.000365273 0.00290909 0.0102051 0.061794 0.00466167 0.0357686 0.109507 0.204704 0.000183323 0.0342594 -0.00438891 -0.00546685 -0.0139536 -0.0730704 0.010921 -0.0222125 -0.00858777 0.20578 0.41178
internal_weight=45997.1 11075.3 1561.13 1387.34 799.285 710.298 9514.14 6085.17 871.181 3428.97 384.592 5213.99 4561.1 2437.7 236.526 2201.17 277.014 77.5899 27.9658 1924.16 227.634 1696.52 2123.41 1398.94 116.411 724.47 69.0753 1282.53 7.00497 4.09642
internal_count=10845493 8276339 1968475 1562953 666056 544316 6307864 6192355 28574 115509 24329 6163781 5781053 128258 65044 63214 18048 3233 827 45166 8567 36599 5652795 1969327 370680 3683468 182909 1598647 3878 3080
is_linear=0
shrinkage=0.1


Tree=116
num_leaves=31
num_cat=0
split_feature=1 7 2 0 0 2 5 6 1 8 7 6 7 7 5 2 2 0 1 5 0 2 2 8 8 0 0 8 7 7
split_gain=5.4481 7.47378 16.3133 14.964 13.8279 8.21614 8.60868 19.6965 8.65341 7.96275 7.1163 6.55243 21.3367 20.9211 24.907 21.4532 19.1747 32.3812 29.9482 30.3551 19.0497 19.0833 83.5701 33.1447 19.0079 19.1641 22.3129 28.4823 18.0836 35.2662
threshold=4.5000000000000009 112.90503040955561 0.46410256410256417 0.81666666666666676 0.73214285714285732 0.18019480519480521 1.0000000180025095e-35 1.0000000180025095e-35 6.5000000000000009 4.5000000000000009 136.28990979692213 1.0000000180025095e-35 95.218118876066157 21.387630638130407 1.0000000180025095e-35 0.13840996168582378 0.81534090909090928 0.16025641025641027 2.5000000000000004 1.0000000180025095e-35 0.41428571428571431 0.47722567287784684 0.44722222222222224 63.500000000000007 2.5000000000000004 0.20714285714285716 0.16025641025641027 69.500000000000014 17.973021508147554 20.363979620333986
decision_type=2 2 2 2 2 2 2 2 2 2 2 2 2 2 2 2 2 2 2 2 2 2 2 2 2 2 2 2 2 2
left_child=11 2 9 4 -3 10 7 8 -7 -2 -5 28 13 14 15 -13 18 -18 -14 -20 21 22 -17 -24 -16 26 -26 -28 -1 -30
right_child=1 3 -4 5 -6 6 -8 -9 -10 -11 -12 12 16 -15 24 20 17 -19 19 -21 -22 -23 23 -25 25 -27 27 -29 29 -31
leaf_value=0.010514582110258009 -0.084239019452739497 0.014947330938143412 0.019825338610762539 -0.027976219206657129 0.11972198661295481 -0.016945188752183385 -0.070222725227914312 0.057822907077469149 -0.080417498351220251 -0.025727011933785616 0.017747684950787084 -0.058294589896968702 -0.042802957203547411 0.0012580950556737799 -0.092121488988355815 0.057363825668796622 -0.079396981302460534 0.024441610965194142 -0.044942745654868076 0.0089911943729203258 -0.029541702361827651 -0.0035278148292855523 1.5170157023073099 0.22320292135812425 -0.073675768252375623 -0.0038811341354508533 0.16872772614220496 -0.017501413565225676 -0.051344324478349947 0.00064991127289874709
leaf_weight=1893.6572115451563 44.051443599045157 52.35583664803562 45.238542396167759 44.060847086817375 16.587072553229518 272.02178091497626 29.227087270177435 34.567791785579175 23.320674820570275 49.272840329768954 149.637791247922 153.02369006124189 377.5317060602174 14109.000448028684 24.071517324489378 28.711551209500445 34.899691229104064 215.2863982921117 143.96494617484132 379.26746931727394 290.44210224904964 115.33698537895543 0.55562904733233054 0.30762923951260746 9.5105679442085584 2975.4301667345426 21.9407902756966 13.125536301541159 131.15509369537904 24310.060635588932
leaf_count=3590931 512 998 383 3715 249 3506 1458 434 193 13724 2549 1571592 13573 1468576 4730 212408 1170 15654 4725 15216 12536 1005 34 28 152494 1137730 43420 78801 278502 2214647
internal_value=-6.03039e-05 -0.00845486 -0.0294568 -0.00377459 0.0401552 -0.00925298 -0.018206 -0.0135978 -0.0219571 -0.0533462 0.00734682 8.08218e-05 -0.00134027 -0.000484312 -0.00725208 -0.0260869 -0.0145346 0.00995665 -0.021337 -0.00584848 -0.0147661 0.0148482 0.0865117 1.05595 -0.00361158 -0.0029061 0.0621758 0.099021 0.0011003 0.000370903
internal_weight=45987.6 760.342 138.563 621.779 68.9429 552.836 359.137 329.91 295.342 93.3243 193.699 45227.3 18892.4 17741.5 3632.46 588.378 1150.95 250.186 900.764 523.232 435.354 144.912 29.5748 0.863258 3044.08 3020.01 44.5769 35.0663 26334.9 24441.2
internal_count=10845493 27721 14619 13102 1247 11855 5591 4133 3699 14236 6264 10817772 4733692 4683354 3214778 1797603 50338 16824 33514 19941 226011 213475 212470 62 1417175 1412445 274715 122221 6084080 2493149
is_linear=0
shrinkage=0.1


Tree=117
num_leaves=31
num_cat=0
split_feature=4 0 7 5 8 7 2 2 7 2 2 2 2 7 2 0 2 7 8 8 2 7 7 0 2 2 2 0 2 3
split_gain=5.41493 37.898 21.7967 16.3548 19.1656 17.688 24.6188 17.6142 19.2857 10.8126 8.85104 8.80236 8.53372 8.36352 8.35139 9.2799 8.07556 8.0602 12.0126 159.177 1038.17 220.062 456.852 66.895 8.05227 7.94385 7.86858 7.59713 7.5065 49.5874
threshold=1.0000000180025095e-35 0.64583333333333337 28.402204142033217 1.0000000180025095e-35 4.5000000000000009 72.34418059892694 0.73508771929824568 0.71130952380952395 57.514272627718064 0.82480818414322254 0.44097222222222227 0.64852941176470602 0.53589743589743599 61.693175783431279 0.47722567287784684 0.19090909090909094 0.42582417582417587 13.142494271276108 34.500000000000007 32.500000000000007 0.10762548262548265 12.535331295826003 12.931564812334189 0.31666666666666671 0.13840996168582378 0.16472868217054268 0.64852941176470602 0.47727272727272735 0.97500000000000009 1.0000000180025095e-35
decision_type=2 2 2 2 2 2 2 2 2 2 2 2 2 2 2 2 2 2 2 2 2 2 2 2 2 2 2 2 2 2
left_child=28 2 14 4 5 7 12 8 16 -8 -10 -12 -7 -9 17 -16 -4 18 19 23 -21 -22 -23 -2 -3 -26 -14 -19 -1 -30
right_child=1 24 3 -5 -6 6 9 13 10 -11 11 -13 26 -15 15 -17 -18 27 -20 20 21 22 -24 -25 25 -27 -28 -29 29 -31
leaf_value=-0.00017782116043088054 -0.10715208716435534 0.57668167749599564 -0.0083575961002459783 0.041679089236852873 0.0053780066644304372 0.14894666001619231 -0.079244450663811972 0.035510352453057829 0.14657800651828423 -0.016882084483990686 -0.034788340486954762 0.064865123381142087 -0.018934802061299823 -0.11948169896792263 -0.10568161990158564 0.082351821897252112 -0.088608327478639948 -0.091492101226965369 -0.10646279312803451 -0.10037055161670264 -99.901684862977461 -0.10000100971344889 -89.407551541479094 -3.9003916216800656 -0.35314013791327753 0.08232630647006095 0.056003021042136142 -0.27906155420580869 0.085351182863833988 0.0029093696240137996
leaf_weight=43496.025945820351 0.62252343021547085 0.32633576542138953 16.94997186717228 55.044944984329049 260.22451854687461 6.411572760087437 39.54686152539216 3.7878371598199001 4.8082572597777462 93.619024407817051 23.663730267551728 14.172104934230445 22.603922006790526 43.053425700520165 6.6179685406386835 4.349757207557559 48.188520686351694 13.556338690868019 0.83895216826775376 0.019436306147326832 0.0010019839016877077 0.0011727028008863272 0.0011197000235370069 0.050243785080965608 0.42303682724013825 42.95080731716007 36.861925149336457 2.5684911513744728 76.27674907859182 1677.097263958829
leaf_count=10662375 10710 11 799 2004 7066 78 235 25 47 851 143 113 167 242 37 24 303 48120 55888 1292 113 138 78 6 6 7010 326 22 9159 38105
internal_value=-5.81041e-05 -0.00853588 -0.0141953 -0.0105385 -0.0152206 -0.0303769 -0.010666 -0.0557502 -0.0335001 -0.0354021 0.0187796 0.00253869 0.0393361 -0.106948 -0.0996444 -0.0311083 -0.0677259 -0.14221 -0.361217 -0.668518 -8.89888 -60.8085 -43.7213 -0.39044 0.0818025 0.0780791 0.027518 -0.12137 8.07766e-05 0.00649582
internal_weight=45990.7 741.264 697.564 668.937 613.892 353.667 199.043 154.624 107.783 133.166 42.6441 37.8358 65.8774 46.8413 28.627 10.9677 65.1385 17.6593 1.53445 0.695498 0.0227307 0.00329439 0.0022924 0.672767 43.7002 43.3738 59.4658 16.1248 45249.4 1753.37
internal_count=10845493 135854 128827 12399 10395 3329 1657 1672 1405 1086 303 256 571 267 116428 61 1102 116367 68225 12337 1621 329 216 10716 7027 7016 493 48142 10709639 47264
is_linear=0
shrinkage=0.1


Tree=118
num_leaves=31
num_cat=0
split_feature=7 8 7 7 6 2 7 8 1 2 7 3 8 7 2 2 7 1 2 7 2 7 7 7 8 7 8 7 2 7
split_gain=5.39606 12.0857 51.0701 345.714 465.606 11.8517 5.51395 4.71297 17.3773 23.5804 18.855 18.5802 67.7865 642.124 39.2581 155.14 631.739 16.4776 15.0474 12.7579 12.4931 22.2482 49.6249 18.5082 17.4847 18.1886 33.4181 26.9933 29.3225 25.359
threshold=9.3291212417631808 148.50000000000003 8.918382207506923 8.6289568654192745 1.0000000180025095e-35 0.54772727272727284 8.918382207506923 83.500000000000014 2.5000000000000004 0.3585714285714286 11.44604498185238 1.0000000180025095e-35 84.500000000000014 10.630357336501545 0.067816091954023008 0.065591397849462371 10.55792578000657 1.5000000000000002 0.42582417582417587 21.635860142588214 0.11583184257602865 17.973021508147554 21.280284799553218 11.997020576819191 101.50000000000001 22.446405179273473 100.50000000000001 30.29446387692597 0.47722567287784684 21.551073432648831
decision_type=2 2 2 2 2 2 2 2 2 2 2 2 2 2 2 2 2 2 2 2 2 2 2 2 2 2 2 2 2 2
left_child=1 5 3 -3 -5 -1 -7 -2 10 -10 11 17 13 -13 15 -14 -17 -9 -16 -11 -12 23 -23 -22 25 29 -27 -28 -29 -24
right_child=7 2 -4 4 -6 6 -8 8 9 19 20 12 14 -15 18 16 -18 -19 -20 -21 21 22 24 -25 -26 26 27 28 -30 -31
leaf_value=-0.07854737516155394 -0.00023844909175663038 -0.10003172496894448 -0.10002851566125676 -0.10000198375589336 87.470727462408348 0.119879117283182 -0.0087609182998549234 0.0015868161036382484 -0.062799612594424042 -0.084636556944770736 -0.0033176023970848244 -71.225487638597087 -0.10002735483392849 -0.10004676673644958 -0.18965177075357889 -0.10036593321028991 82.377290551179797 -0.05085400355250979 1.2446873535748972 0.03974983330026282 0.011554232740055239 -0.031731169306016486 0.017949709105871424 0.052596398491057877 -0.00055819831525893602 -0.032024114196721423 -0.09487157913464675 0.57515461789351818 0.13583135513148173 0.079672642932346813
leaf_weight=26.610850503574056 43778.437463897993 0.013092427715490795 0.059555840465236543 0.0012964873858436485 0.001141934059887717 4.8458820264786473 10.666015792638062 241.83248035833446 84.902053153949964 9.8785341624170524 436.9825748521439 0.0014059601455630464 0.021208059020421 0.013060011647212377 7.0411293513014925 0.0039678288826507915 0.0012124547997700574 79.653058705504463 0.07390838034916658 49.891201123362407 198.47811876305045 239.54943523224847 131.60879566500989 246.13337639502177 206.24580329074149 73.261488193301972 4.2215757301389685 1.76574600133162 10.883615457336417 134.68258390634765
leaf_count=855602 6901725 701 3091 170 139 33 57 709829 115844 71 1517703 42 623 182 63501 19 79 226738 3 947 63366 51436 4673 260762 53525 7555 712 90 117 6158
internal_value=-4.64404e-05 -0.0357897 1.23177 6.33877 40.9101 -0.0380492 0.0314259 -1.36055e-05 0.00454955 -0.0289257 0.00695603 -0.0149537 -0.174326 -7.01279 -0.160474 3.68947 19.2037 -0.0114062 -0.174752 0.0191917 0.0112323 0.0163317 0.00638706 0.0342748 0.0226154 0.0360249 -0.00280397 0.124084 0.197157 0.0491674
internal_weight=45977.8 42.1978 0.0750867 0.0155308 0.00243842 42.1227 15.5119 45935.6 2157.13 144.672 2012.45 328.641 7.15589 0.014466 7.14143 0.0263883 0.00518028 321.486 7.11504 59.7697 1683.81 1246.83 802.219 444.611 562.67 356.424 90.1324 16.8709 12.6494 266.291
internal_count=10845493 859793 4101 1010 309 855692 90 9985700 3083975 116862 2967113 1001016 64449 224 64225 721 98 936567 63504 1018 1966097 448394 124266 324128 72830 19305 8474 919 207 10831
is_linear=0
shrinkage=0.1


Tree=119
num_leaves=31
num_cat=0
split_feature=7 8 7 8 0 2 7 2 0 7 7 2 8 1 7 8 2 7 0 8 7 7 0 2 7 2 0 2 7 5
split_gain=136.487 122832 1.241e+06 19.732 120.876 15365.3 456331 2.53028e+06 14.8719 12.0262 71.9072 86.4327 146.171 10.5533 10.4036 937.041 7.95219 6.89168 10.0777 8.20252 7.39162 12.7143 10.2594 12.4439 15.2809 11.8055 7.43349 12.1262 13.5644 7.887
threshold=8.7793958141307371 148.50000000000003 8.6289568654192745 116.50000000000001 1.0000000180025095e-35 0.067816091954023008 11.44604498185238 0.053342816500711245 0.31666666666666671 33.880132877999962 35.086009329996308 0.44097222222222227 124.50000000000001 2.5000000000000004 8.918382207506923 147.50000000000003 0.64852941176470602 21.662609751401053 0.86607142857142871 142.50000000000003 14.591829551631539 20.727904740805688 0.86607142857142871 0.21132376395534294 11.997020576819191 0.3585714285714286 0.47727272727272735 0.267948717948718 13.514497070172826 1.0000000180025095e-35
decision_type=2 2 2 2 2 2 2 2 2 2 2 2 2 2 2 2 2 2 2 2 2 2 2 2 2 2 2 2 2 2
left_child=1 16 -3 -2 5 6 7 -5 14 -7 11 12 -11 17 15 -6 -1 20 -19 -20 22 -22 23 -10 -25 -24 27 28 -26 -28
right_child=3 2 -4 4 8 9 -8 -9 13 10 -12 -13 -14 -15 -16 -17 -18 18 19 -21 21 -23 25 24 26 -27 29 -29 -30 -31
leaf_value=-0.054829580274063962 1.4946547353330372e-05 -0.10002871062647126 -3409.832901802833 -0.10000157605692593 -0.10195859888959302 0.011008534166801075 -0.10000311435005738 -5175.9594010303108 -0.030191444341828324 -0.10007469165743364 -0.10153513831283092 -0.10091254650339072 -15.683407894984668 -0.089680468652017273 -0.089523623139440248 94.669302945242592 0.14295535939078707 -0.10311483410076157 0.031316389352481926 0.15213008140765757 -0.09283877546265451 -0.011073024238105094 0.15101843403693163 -0.0028976571502587183 0.074082097483163467 -0.019296816072919554 0.062850845205430453 -0.098171958756513314 0.76263190331393871 0.17921625566459568
leaf_weight=10.451407934937828 45457.618670367105 0.011846857170440539 0.0011731124159268811 0.0060108062633820172 0.092481066016264601 23.879663066679186 0.21150559755767517 0.0011205868536308117 93.451838868720188 0.011335668983519009 0.51281772967195138 0.026434550294652581 0.012834167275627806 14.139351316607302 23.931609032086271 0.0010551939908509658 2.5236928462982187 4.6641035158954756 32.163708203705028 6.8094947062782003 23.071902598449356 108.21590932452136 9.6877565731047088 110.35515938777826 1.8928140878851984 7.0181835256516925 24.53144514025189 5.5172208560397848 0.33705657866084937 7.6381082851439706
leaf_count=214088 9295770 701 156 459 5354 352290 10717 204 367019 18 178 6 29 12853 456902 197 13 1831 17367 3082 27717 64760 10846 2455 120 61 185 59 8 48
internal_value=-0.000293581 -0.324417 -307.32 -0.000201977 -0.0199956 -0.235837 -26.628 -813.405 -0.00875422 0.000234242 -0.456415 -4.05272 -8.37481 -0.00465704 -0.0854096 0.967168 -0.0163599 -0.00189566 0.0358006 0.0524253 -0.00609503 -0.0254422 0.00365825 -0.00153816 0.0162809 0.0794688 0.0693027 -0.0186344 0.17816 0.0904798
internal_weight=45968.8 12.9881 0.01302 45955.8 498.181 24.6617 0.218637 0.00713139 473.519 24.4431 0.563422 0.0506044 0.0241698 449.494 24.0251 0.0935363 12.9751 435.355 43.6373 38.9732 391.717 131.288 260.43 243.724 150.272 16.7059 39.9166 7.74709 2.22987 32.1696
internal_count=10845493 214958 857 10630535 1334765 363901 11380 663 970864 352521 231 53 47 508411 462453 5551 214101 495558 22280 20449 473278 92477 380801 369894 2875 10907 420 187 128 233
is_linear=0
shrinkage=0.1


Tree=120
num_leaves=31
num_cat=0
split_feature=7 8 7 2 7 2 8 7 8 0 2 2 7 0 3 2 8 7 7 2 8 7 7 8 2 7 5 8 2 7
split_gain=827.242 385776 7.28834e+06 9.00384 6.36861 6.58302 4.80422 31.1842 17.7241 13.5018 52.3568 213.987 13403 238233 48.0689 58.2451 854.032 84.3051 51.5289 28.7761 31.0738 46.8111 50.3144 66.8029 30.0869 41.6516 28.5776 27.1315 744.174 4723.13
threshold=8.918382207506923 147.50000000000003 8.7793958141307371 0.64852941176470602 9.3291212417631808 0.47722567287784684 2.5000000000000004 40.463638564199819 1.5000000000000002 0.19090909090909094 0.070197044334975381 0.065591397849462371 11.399907343797794 0.10555555555555557 1.0000000180025095e-35 0.11583184257602865 4.5000000000000009 13.851027281169431 14.591829551631539 0.32738095238095244 4.5000000000000009 53.677130494496517 61.693175783431279 7.5000000000000009 0.45643939393939398 53.677130494496517 1.0000000180025095e-35 39.500000000000007 0.26201372997711675 14.591829551631539
decision_type=2 2 2 2 2 2 2 2 2 2 2 2 2 2 2 2 2 2 2 2 2 2 2 2 2 2 2 2 2 2
left_child=1 3 -3 -1 5 -2 7 8 -6 10 11 -8 13 -13 15 16 -12 -17 -18 -16 24 -22 -23 -24 25 -21 -26 -19 29 -29
right_child=4 2 -4 -5 6 -7 9 -9 -10 -11 14 12 -14 -15 19 17 18 27 -20 20 21 22 23 -25 26 -27 -28 28 -30 -31
leaf_value=-0.057813955431995606 -0.10008741654961109 -0.10003125062563874 -6914.2618266834361 0.11501110576101106 -0.024645708821611337 0.004542993546683448 -0.079616235573873234 0.0050066139146735557 -0.0026048278090893421 0.0003823836959257719 -42.85778519871635 -1574.2151950101772 -0.17399876708407946 -0.10000233125162999 -0.026797128627023784 -0.02272877473187554 -0.0032560964448678843 0.090885704789002264 -0.38336273763402257 -0.0077758102162334072 -0.0074645269138884952 0.039745180469969645 0.021153561934458595 -0.032336017925167555 -0.018915625347376116 0.064106611899199847 0.034344026309163757 0.9819063155150789 0.11217857661825066 30.544410268357105
leaf_weight=11.209798902536017 12.919289006538749 0.030282816976069493 0.0016054006664489853 4.1233202666044244 570.830260411209 11.249118697829543 17.433062338777969 6908.9732843094971 1011.0513157159454 30440.735773749642 0.0046775164528750626 0.0010164440359389229 1.2688399707915397 0.017772421059817134 577.5469213984652 70.991990838435072 11.406865324504951 82.956195452075974 5.1888307909590301 264.89344977504561 2047.4193932351322 553.58175645793381 663.21293246667483 360.34266345571086 2091.2667447825079 115.86963951756479 105.8453507674858 0.6762457434116439 23.060659409522486 0.058738260061090841
leaf_count=255006 602586 1775 330 22 17655 74 457493 137496 24791 6997304 39 149 9295 926 1789868 18533 72018 3343 1044 8420 390020 12755 8841 18734 11920 2038 1636 78 641 663
internal_value=-0.000313098 -0.733943 -348.191 -0.0113385 -6.77763e-05 -0.0513875 -4.07687e-05 0.00210679 -0.0105584 -0.000527885 -0.00449029 -0.171501 -1.41551 -85.2568 -0.00404199 0.0449934 -0.134142 0.0617238 -0.122101 -0.00544756 -0.00345957 0.00250967 0.0154581 0.00232256 -0.0118525 0.0140987 -0.0163499 0.117886 0.212016 3.34447
internal_weight=45964.2 15.365 0.0318882 15.3331 45948.8 24.1684 45924.6 8490.85 1581.88 37433.8 6993.04 18.7207 1.28763 0.0187889 6974.32 194.344 16.6004 177.744 16.5957 6779.98 6202.43 3624.56 1577.14 1023.56 2577.88 380.763 2197.11 106.752 23.7956 0.734984
internal_count=10845493 257133 2105 255028 10588360 602660 9985700 179942 42446 9805758 2808454 467863 10370 1075 2340591 96359 73101 23258 73062 2244232 454364 430350 40330 27575 24014 10458 13556 4725 1382 741
is_linear=0
shrinkage=0.1


Tree=121
num_leaves=31
num_cat=0
split_feature=8 0 1 2 2 2 8 8 2 7 7 2 7 3 7 8 2 7 8 2 2 2 2 2 2 7 2 7 8 8
split_gain=66.6203 1045.27 976982 3.78749e+06 2.04959e+08 24511.5 22.0687 38.0095 411.969 1096.92 31952.5 77836.5 34.2978 22.2746 21.3551 26.7918 48.1458 283.137 119.42 220.449 112.722 80.156 198.702 57.9987 25.6185 94.6953 316.985 1618.62 3618.32 24.1971
threshold=40.500000000000007 0.19090909090909094 1.5000000000000002 0.24568965517241384 0.11583184257602865 0.267948717948718 54.500000000000007 53.500000000000007 0.16869918699186995 14.591829551631539 17.973021508147554 0.10762548262548265 12.988427929814572 1.0000000180025095e-35 17.973021508147554 56.500000000000007 0.26491228070175443 14.591829551631539 55.500000000000007 0.22902097902097904 0.19292803970223329 0.10762548262548265 0.087595907928388769 0.21807065217391305 0.22902097902097904 28.402204142033217 0.21807065217391305 30.29446387692597 83.500000000000014 100.50000000000001
decision_type=2 2 2 2 2 2 2 2 2 2 2 2 2 2 2 2 2 2 2 2 2 2 2 2 2 2 2 2 2 2
left_child=-1 2 6 4 -4 -5 7 13 9 -9 11 -11 -8 -2 15 16 17 -14 23 20 21 22 -20 -19 25 -16 -27 28 -28 -29
right_child=1 -3 3 5 -6 -7 12 8 -10 10 -12 -13 14 -15 24 -17 -18 18 19 -21 -22 -23 -24 -25 -26 26 27 29 -30 -31
leaf_value=0.00013201809525929188 0.081796275143540056 -0.0015095594331616144 -0.10000348026651258 -96.620656174636181 -35911.281721304775 -0.10069442488416605 -0.0434505440037211 -0.1000096427247401 -0.037865827087147051 -0.10001339608142404 -0.10001453684462905 -1012.0927282694661 0.50202940409174024 -0.038573479462225779 -0.021029331613463962 0.084817580773468265 0.08021884479703234 -0.10003828169027794 44.785377342734748 26.297431577408133 -0.10004250556445163 8.5003029927214993 -0.10001808617957492 8.6617147703128499 0.033125642472746367 0.11817087863092873 -0.10005210049547497 -3.1374990602787953 -70.644067468293699 -0.1074979614767486
leaf_weight=39560.510991052091 18.071022771114542 6057.1573718995551 0.069996299192475742 0.029010102683743266 0.0016262344253346042 0.28278042929014191 55.231372723382236 0.20014819492825475 3.2714716947186293 0.0025268400913773794 0.075457296867170953 0.0010869643449105126 0.9734823308752405 102.99385891905969 3.7977959959216445 46.18644223143734 1.7184895395112105 0.02234912793028343 0.0022278960950643514 0.0075764801131299455 0.012292687397348345 0.011627444448095048 0.0017696702343528159 0.011413232438302057 90.979562150097237 0.45827168672184448 0.020261338253476424 0.032922185117342906 0.011340424574740382 0.13214464977173179
leaf_count=3553645 35874 5572935 2585 43 616 160 922860 7694 10899 51 876 33 6872 342712 35107 224350 139 108 32 19 37 42 16 33 125519 2007 50 129 39 11
internal_value=-0.00139744 -0.0108785 -0.185701 -159.72 -815.486 -9.08126 0.00295511 -0.0300644 -0.352552 -4.03957 -14.0115 -304.488 0.0235689 -0.0206062 0.0492066 0.102907 0.405487 0.941548 7.11949 11.1694 7.06388 12.7 24.9152 2.86184 0.0216634 -0.212537 -1.32303 -4.68127 -25.4151 -0.711824
internal_weight=45942.3 6381.77 324.61 0.383413 0.0716225 0.311791 324.227 124.616 3.55069 0.279219 0.0790711 0.0036138 199.611 121.065 144.38 48.9477 2.76123 1.04274 0.0692565 0.0354942 0.0279177 0.015625 0.00399757 0.0337624 95.4323 4.45274 0.65494 0.196669 0.0316018 0.165067
internal_count=10845493 7291848 1718913 3404 3201 203 1715509 398139 19553 8654 960 84 1317370 378586 394510 231648 7298 7159 287 146 127 90 48 141 162862 37343 2236 229 89 140
is_linear=0
shrinkage=0.1


end of trees

feature_importances:
addr_token_jaccard=953
blocking_score=795
name_jaccard=645
blocking_rank=450
house_number_match=223
name_overlap_n=205
legal_form_match=193
legal_form_both_present=153
zip_match=43

parameters:
[boosting: gbdt]
[objective: binary]
[metric: binary_logloss]
[tree_learner: serial]
[device_type: cpu]
[data_sample_strategy: bagging]
[data: ]
[valid: ]
[num_iterations: 500]
[learning_rate: 0.1]
[num_leaves: 31]
[num_threads: 0]
[seed: 20260926]
[deterministic: 1]
[force_col_wise: 0]
[force_row_wise: 1]
[histogram_pool_size: -1]
[max_depth: -1]
[min_data_in_leaf: 20]
[min_sum_hessian_in_leaf: 0.001]
[bagging_fraction: 1]
[pos_bagging_fraction: 1]
[neg_bagging_fraction: 1]
[bagging_freq: 0]
[bagging_seed: 19559]
[bagging_by_query: 0]
[feature_fraction: 1]
[feature_fraction_bynode: 1]
[feature_fraction_seed: 9132]
[extra_trees: 0]
[extra_seed: 31285]
[early_stopping_round: 0]
[early_stopping_min_delta: 0]
[first_metric_only: 0]
[max_delta_step: 0]
[lambda_l1: 0]
[lambda_l2: 0]
[linear_lambda: 0]
[min_gain_to_split: 0]
[drop_rate: 0.1]
[max_drop: 50]
[skip_drop: 0.5]
[xgboost_dart_mode: 0]
[uniform_drop: 0]
[drop_seed: 31669]
[top_rate: 0.2]
[other_rate: 0.1]
[min_data_per_group: 100]
[max_cat_threshold: 32]
[cat_l2: 10]
[cat_smooth: 10]
[max_cat_to_onehot: 4]
[top_k: 20]
[monotone_constraints: ]
[monotone_constraints_method: basic]
[monotone_penalty: 0]
[feature_contri: ]
[forcedsplits_filename: ]
[refit_decay_rate: 0.9]
[cegb_tradeoff: 1]
[cegb_penalty_split: 0]
[cegb_penalty_feature_lazy: ]
[cegb_penalty_feature_coupled: ]
[path_smooth: 0]
[interaction_constraints: ]
[verbosity: -1]
[saved_feature_importance_type: 0]
[use_quantized_grad: 0]
[num_grad_quant_bins: 4]
[quant_train_renew_leaf: 0]
[stochastic_rounding: 1]
[linear_tree: 0]
[max_bin: 255]
[max_bin_by_feature: ]
[min_data_in_bin: 3]
[bin_construct_sample_cnt: 200000]
[data_random_seed: 5105]
[is_enable_sparse: 1]
[enable_bundle: 1]
[use_missing: 1]
[zero_as_missing: 0]
[feature_pre_filter: 1]
[pre_partition: 0]
[two_round: 0]
[header: 0]
[label_column: ]
[weight_column: ]
[group_column: ]
[ignore_column: ]
[categorical_feature: ]
[forcedbins_filename: ]
[precise_float_parser: 0]
[parser_config_file: ]
[objective_seed: 2641]
[num_class: 1]
[is_unbalance: 0]
[scale_pos_weight: 1]
[sigmoid: 1]
[boost_from_average: 1]
[reg_sqrt: 0]
[alpha: 0.9]
[fair_c: 1]
[poisson_max_delta_step: 0.7]
[tweedie_variance_power: 1.5]
[lambdarank_truncation_level: 30]
[lambdarank_norm: 1]
[label_gain: ]
[lambdarank_position_bias_regularization: 0]
[eval_at: ]
[multi_error_top_k: 1]
[auc_mu_weights: ]
[num_machines: 1]
[local_listen_port: 12400]
[time_out: 120]
[machine_list_filename: ]
[machines: ]
[gpu_platform_id: -1]
[gpu_device_id: -1]
[gpu_device_id_list: ]
[gpu_use_dp: 0]
[num_gpu: 1]

end of parameters

pandas_categorical:null
